{
    "type": "cctv",
    "id": "Camrea_id:B12F04N15",
    "building": {
        "value": "12",
        "type": "Text"
    },
    "floor": {
        "value": "04",
        "type": "Text"
    },
    "currentTime": {
        "value": "2021-06-21 07:36:23",
        "type": "Datetime"
    },
    "event": {
        "value": "IN",
        "type": "Text"
    },
    "image": {
        "value": "/parking/B12/F04/2021-06-21/images/B12F04N15_20210621_073623367.jpg",
        "type": "Text"
    },
    "position": {
        "value": "/parking/B12/F04/2021-06-21/position/B12F04N15_20210621_073623367.json",
        "type": "Text"
    },
    "count_IN": {
        "value": 6,
        "type": "Number"
    },
    "count_OUT": {
        "value": 0,
        "type": "Number"
    },
    "restartTime": {
        "value": "2021-06-21 00:00:09.952204",
        "type": "Datetime"
    }
}