{
    "type": "cctv",
    "id": "Camrea_id:B12F04N13",
    "building": {
        "value": "12",
        "type": "Text"
    },
    "floor": {
        "value": "04",
        "type": "Text"
    },
    "currentTime": {
        "value": "2021-06-21 17:22:37",
        "type": "Datetime"
    },
    "event": {
        "value": "OUT",
        "type": "Text"
    },
    "image": {
        "value": "/parking/B12/F04/2021-06-21/images/B12F04N13_20210621_172237570.jpg",
        "type": "Text"
    },
    "position": {
        "value": "/parking/B12/F04/2021-06-21/position/B12F04N13_20210621_172237570.json",
        "type": "Text"
    },
    "count_IN": {
        "value": 0,
        "type": "Number"
    },
    "count_OUT": {
        "value": 26,
        "type": "Number"
    },
    "restartTime": {
        "value": "2021-06-21 00:00:09.952889",
        "type": "Datetime"
    }
}