{
    "type": "cctv",
    "id": "Camrea_id:B12F02N01",
    "building": {
        "value": "12",
        "type": "Text"
    },
    "floor": {
        "value": "02",
        "type": "Text"
    },
    "currentTime": {
        "value": "2021-06-21 19:56:36",
        "type": "Datetime"
    },
    "event": {
        "value": "OUT",
        "type": "Text"
    },
    "image": {
        "value": "/parking/B12/F02/2021-06-21/images/B12F02N01_20210621_195636582.jpg",
        "type": "Text"
    },
    "position": {
        "value": "/parking/B12/F02/2021-06-21/position/B12F02N01_20210621_195636582.json",
        "type": "Text"
    },
    "count_IN": {
        "value": 0,
        "type": "Number"
    },
    "count_OUT": {
        "value": 97,
        "type": "Number"
    },
    "restartTime": {
        "value": "2021-06-21 00:00:09.745706",
        "type": "Datetime"
    }
}