{
    "type": "cctv",
    "id": "Camrea_id:B12F02N03",
    "building": {
        "value": "12",
        "type": "Text"
    },
    "floor": {
        "value": "02",
        "type": "Text"
    },
    "currentTime": {
        "value": "2021-06-21 07:42:41",
        "type": "Datetime"
    },
    "event": {
        "value": "IN",
        "type": "Text"
    },
    "image": {
        "value": "/parking/B12/F02/2021-06-21/images/B12F02N03_20210621_074241858.jpg",
        "type": "Text"
    },
    "position": {
        "value": "/parking/B12/F02/2021-06-21/position/B12F02N03_20210621_074241858.json",
        "type": "Text"
    },
    "count_IN": {
        "value": 41,
        "type": "Number"
    },
    "count_OUT": {
        "value": 0,
        "type": "Number"
    },
    "restartTime": {
        "value": "2021-06-21 00:00:09.745087",
        "type": "Datetime"
    }
}