{
    "type": "cctv",
    "id": "Camrea_id:B12F03N08",
    "building": {
        "value": "12",
        "type": "Text"
    },
    "floor": {
        "value": "03",
        "type": "Text"
    },
    "currentTime": {
        "value": "2021-06-21 17:20:44",
        "type": "Datetime"
    },
    "event": {
        "value": "OUT",
        "type": "Text"
    },
    "image": {
        "value": "/parking/B12/F03/2021-06-21/images/B12F03N08_20210621_172044232.jpg",
        "type": "Text"
    },
    "position": {
        "value": "/parking/B12/F03/2021-06-21/position/B12F03N08_20210621_172044232.json",
        "type": "Text"
    },
    "count_IN": {
        "value": 0,
        "type": "Number"
    },
    "count_OUT": {
        "value": 6,
        "type": "Number"
    },
    "restartTime": {
        "value": "2021-06-21 00:00:11.436667",
        "type": "Datetime"
    }
}