{
    "type": "cctv",
    "id": "Camrea_id:B12F02N02",
    "building": {
        "value": "12",
        "type": "Text"
    },
    "floor": {
        "value": "02",
        "type": "Text"
    },
    "currentTime": {
        "value": "2021-06-21 11:08:17",
        "type": "Datetime"
    },
    "event": {
        "value": "OUT",
        "type": "Text"
    },
    "image": {
        "value": "/parking/B12/F02/2021-06-21/images/B12F02N02_20210621_110817441.jpg",
        "type": "Text"
    },
    "position": {
        "value": "/parking/B12/F02/2021-06-21/position/B12F02N02_20210621_110817441.json",
        "type": "Text"
    },
    "count_IN": {
        "value": 0,
        "type": "Number"
    },
    "count_OUT": {
        "value": 1,
        "type": "Number"
    },
    "restartTime": {
        "value": "2021-06-21 00:00:11.435975",
        "type": "Datetime"
    }
}