[
    {
        "x": "533",
        "y": "128",
        "Time": "07:24:18.645",
        "InArea": "True"
    },
    {
        "x": "533",
        "y": "127",
        "Time": "07:24:18.695",
        "InArea": "True"
    },
    {
        "x": "534",
        "y": "127",
        "Time": "07:24:18.748",
        "InArea": "True"
    },
    {
        "x": "534",
        "y": "127",
        "Time": "07:24:18.790",
        "InArea": "True"
    },
    {
        "x": "534",
        "y": "127",
        "Time": "07:24:18.833",
        "InArea": "True"
    },
    {
        "x": "534",
        "y": "127",
        "Time": "07:24:18.880",
        "InArea": "True"
    },
    {
        "x": "535",
        "y": "127",
        "Time": "07:24:18.922",
        "InArea": "True"
    },
    {
        "x": "534",
        "y": "127",
        "Time": "07:24:18.961",
        "InArea": "True"
    },
    {
        "x": "534",
        "y": "127",
        "Time": "07:24:19.052",
        "InArea": "True"
    },
    {
        "x": "534",
        "y": "127",
        "Time": "07:24:19.132",
        "InArea": "True"
    },
    {
        "x": "532",
        "y": "126",
        "Time": "07:24:19.179",
        "InArea": "True"
    },
    {
        "x": "531",
        "y": "125",
        "Time": "07:24:19.230",
        "InArea": "True"
    },
    {
        "x": "531",
        "y": "124",
        "Time": "07:24:19.278",
        "InArea": "True"
    },
    {
        "x": "531",
        "y": "123",
        "Time": "07:24:19.327",
        "InArea": "True"
    },
    {
        "x": "529",
        "y": "120",
        "Time": "07:24:19.377",
        "InArea": "True"
    },
    {
        "x": "528",
        "y": "119",
        "Time": "07:24:19.420",
        "InArea": "True"
    },
    {
        "x": "527",
        "y": "118",
        "Time": "07:24:19.472",
        "InArea": "True"
    },
    {
        "x": "526",
        "y": "117",
        "Time": "07:24:19.512",
        "InArea": "True"
    },
    {
        "x": "526",
        "y": "116",
        "Time": "07:24:19.554",
        "InArea": "True"
    },
    {
        "x": "526",
        "y": "115",
        "Time": "07:24:19.599",
        "InArea": "True"
    },
    {
        "x": "526",
        "y": "114",
        "Time": "07:24:19.636",
        "InArea": "True"
    },
    {
        "x": "524",
        "y": "114",
        "Time": "07:24:19.686",
        "InArea": "True"
    },
    {
        "x": "522",
        "y": "113",
        "Time": "07:24:19.733",
        "InArea": "True"
    },
    {
        "x": "519",
        "y": "112",
        "Time": "07:24:19.783",
        "InArea": "True"
    },
    {
        "x": "517",
        "y": "112",
        "Time": "07:24:19.825",
        "InArea": "True"
    },
    {
        "x": "515",
        "y": "111",
        "Time": "07:24:19.865",
        "InArea": "True"
    },
    {
        "x": "513",
        "y": "109",
        "Time": "07:24:19.915",
        "InArea": "True"
    },
    {
        "x": "511",
        "y": "108",
        "Time": "07:24:19.968",
        "InArea": "True"
    },
    {
        "x": "510",
        "y": "107",
        "Time": "07:24:20.019",
        "InArea": "True"
    },
    {
        "x": "508",
        "y": "106",
        "Time": "07:24:20.070",
        "InArea": "True"
    },
    {
        "x": "506",
        "y": "105",
        "Time": "07:24:20.114",
        "InArea": "False"
    },
    {
        "x": "504",
        "y": "104",
        "Time": "07:24:20.164",
        "InArea": "False"
    }
]