[
    {
        "x": "538",
        "y": "126",
        "Time": "07:52:11.453",
        "InArea": "True"
    },
    {
        "x": "536",
        "y": "126",
        "Time": "07:52:11.505",
        "InArea": "True"
    },
    {
        "x": "535",
        "y": "126",
        "Time": "07:52:11.551",
        "InArea": "True"
    },
    {
        "x": "534",
        "y": "125",
        "Time": "07:52:11.592",
        "InArea": "True"
    },
    {
        "x": "533",
        "y": "126",
        "Time": "07:52:11.641",
        "InArea": "True"
    },
    {
        "x": "533",
        "y": "125",
        "Time": "07:52:11.689",
        "InArea": "True"
    },
    {
        "x": "532",
        "y": "123",
        "Time": "07:52:11.731",
        "InArea": "True"
    },
    {
        "x": "531",
        "y": "122",
        "Time": "07:52:11.780",
        "InArea": "True"
    },
    {
        "x": "530",
        "y": "121",
        "Time": "07:52:11.828",
        "InArea": "True"
    },
    {
        "x": "530",
        "y": "120",
        "Time": "07:52:11.873",
        "InArea": "True"
    },
    {
        "x": "530",
        "y": "118",
        "Time": "07:52:11.918",
        "InArea": "True"
    },
    {
        "x": "529",
        "y": "118",
        "Time": "07:52:11.957",
        "InArea": "True"
    },
    {
        "x": "528",
        "y": "117",
        "Time": "07:52:12.000",
        "InArea": "True"
    },
    {
        "x": "528",
        "y": "115",
        "Time": "07:52:12.042",
        "InArea": "True"
    },
    {
        "x": "527",
        "y": "114",
        "Time": "07:52:12.087",
        "InArea": "True"
    },
    {
        "x": "524",
        "y": "114",
        "Time": "07:52:12.133",
        "InArea": "True"
    },
    {
        "x": "523",
        "y": "114",
        "Time": "07:52:12.175",
        "InArea": "True"
    },
    {
        "x": "523",
        "y": "113",
        "Time": "07:52:12.216",
        "InArea": "True"
    },
    {
        "x": "521",
        "y": "112",
        "Time": "07:52:12.258",
        "InArea": "True"
    },
    {
        "x": "519",
        "y": "111",
        "Time": "07:52:12.301",
        "InArea": "True"
    },
    {
        "x": "518",
        "y": "111",
        "Time": "07:52:12.349",
        "InArea": "True"
    },
    {
        "x": "518",
        "y": "111",
        "Time": "07:52:12.388",
        "InArea": "True"
    },
    {
        "x": "515",
        "y": "110",
        "Time": "07:52:12.432",
        "InArea": "True"
    },
    {
        "x": "513",
        "y": "109",
        "Time": "07:52:12.474",
        "InArea": "True"
    },
    {
        "x": "511",
        "y": "108",
        "Time": "07:52:12.524",
        "InArea": "True"
    },
    {
        "x": "510",
        "y": "108",
        "Time": "07:52:12.567",
        "InArea": "True"
    },
    {
        "x": "509",
        "y": "108",
        "Time": "07:52:12.608",
        "InArea": "True"
    },
    {
        "x": "508",
        "y": "107",
        "Time": "07:52:12.652",
        "InArea": "True"
    },
    {
        "x": "506",
        "y": "106",
        "Time": "07:52:12.701",
        "InArea": "True"
    },
    {
        "x": "505",
        "y": "105",
        "Time": "07:52:12.743",
        "InArea": "True"
    },
    {
        "x": "504",
        "y": "105",
        "Time": "07:52:12.784",
        "InArea": "True"
    },
    {
        "x": "502",
        "y": "104",
        "Time": "07:52:12.828",
        "InArea": "False"
    }
]