[
    {
        "x": "545",
        "y": "128",
        "Time": "07:05:33.207",
        "InArea": "True"
    },
    {
        "x": "545",
        "y": "128",
        "Time": "07:05:33.254",
        "InArea": "True"
    },
    {
        "x": "544",
        "y": "128",
        "Time": "07:05:33.295",
        "InArea": "True"
    },
    {
        "x": "543",
        "y": "128",
        "Time": "07:05:33.340",
        "InArea": "True"
    },
    {
        "x": "542",
        "y": "128",
        "Time": "07:05:33.384",
        "InArea": "True"
    },
    {
        "x": "541",
        "y": "127",
        "Time": "07:05:33.428",
        "InArea": "True"
    },
    {
        "x": "539",
        "y": "126",
        "Time": "07:05:33.473",
        "InArea": "True"
    },
    {
        "x": "538",
        "y": "124",
        "Time": "07:05:33.518",
        "InArea": "True"
    },
    {
        "x": "537",
        "y": "123",
        "Time": "07:05:33.563",
        "InArea": "True"
    },
    {
        "x": "537",
        "y": "122",
        "Time": "07:05:33.610",
        "InArea": "True"
    },
    {
        "x": "537",
        "y": "122",
        "Time": "07:05:33.656",
        "InArea": "True"
    },
    {
        "x": "536",
        "y": "121",
        "Time": "07:05:33.698",
        "InArea": "True"
    },
    {
        "x": "535",
        "y": "121",
        "Time": "07:05:33.742",
        "InArea": "True"
    },
    {
        "x": "533",
        "y": "120",
        "Time": "07:05:33.794",
        "InArea": "True"
    },
    {
        "x": "531",
        "y": "118",
        "Time": "07:05:33.846",
        "InArea": "True"
    },
    {
        "x": "530",
        "y": "117",
        "Time": "07:05:33.889",
        "InArea": "True"
    },
    {
        "x": "527",
        "y": "115",
        "Time": "07:05:33.943",
        "InArea": "True"
    },
    {
        "x": "525",
        "y": "114",
        "Time": "07:05:33.997",
        "InArea": "True"
    },
    {
        "x": "523",
        "y": "113",
        "Time": "07:05:34.048",
        "InArea": "True"
    },
    {
        "x": "520",
        "y": "111",
        "Time": "07:05:34.092",
        "InArea": "True"
    },
    {
        "x": "518",
        "y": "110",
        "Time": "07:05:34.138",
        "InArea": "True"
    },
    {
        "x": "516",
        "y": "109",
        "Time": "07:05:34.181",
        "InArea": "True"
    },
    {
        "x": "515",
        "y": "109",
        "Time": "07:05:34.231",
        "InArea": "True"
    },
    {
        "x": "512",
        "y": "109",
        "Time": "07:05:34.282",
        "InArea": "True"
    },
    {
        "x": "510",
        "y": "108",
        "Time": "07:05:34.337",
        "InArea": "True"
    },
    {
        "x": "508",
        "y": "107",
        "Time": "07:05:34.390",
        "InArea": "True"
    },
    {
        "x": "507",
        "y": "106",
        "Time": "07:05:34.436",
        "InArea": "True"
    },
    {
        "x": "504",
        "y": "105",
        "Time": "07:05:34.483",
        "InArea": "True"
    },
    {
        "x": "502",
        "y": "105",
        "Time": "07:05:34.529",
        "InArea": "True"
    },
    {
        "x": "501",
        "y": "105",
        "Time": "07:05:34.567",
        "InArea": "True"
    },
    {
        "x": "499",
        "y": "105",
        "Time": "07:05:34.616",
        "InArea": "True"
    },
    {
        "x": "497",
        "y": "102",
        "Time": "07:05:34.656",
        "InArea": "False"
    }
]