[
    {
        "x": "542",
        "y": "128",
        "Time": "07:39:06.091",
        "InArea": "True"
    },
    {
        "x": "540",
        "y": "127",
        "Time": "07:39:06.147",
        "InArea": "True"
    },
    {
        "x": "540",
        "y": "127",
        "Time": "07:39:06.207",
        "InArea": "True"
    },
    {
        "x": "539",
        "y": "126",
        "Time": "07:39:06.264",
        "InArea": "True"
    },
    {
        "x": "538",
        "y": "125",
        "Time": "07:39:06.306",
        "InArea": "True"
    },
    {
        "x": "538",
        "y": "124",
        "Time": "07:39:06.352",
        "InArea": "True"
    },
    {
        "x": "538",
        "y": "123",
        "Time": "07:39:06.393",
        "InArea": "True"
    },
    {
        "x": "537",
        "y": "122",
        "Time": "07:39:06.438",
        "InArea": "True"
    },
    {
        "x": "537",
        "y": "121",
        "Time": "07:39:06.479",
        "InArea": "True"
    },
    {
        "x": "537",
        "y": "121",
        "Time": "07:39:06.526",
        "InArea": "True"
    },
    {
        "x": "536",
        "y": "120",
        "Time": "07:39:06.582",
        "InArea": "True"
    },
    {
        "x": "535",
        "y": "119",
        "Time": "07:39:06.635",
        "InArea": "True"
    },
    {
        "x": "533",
        "y": "118",
        "Time": "07:39:06.680",
        "InArea": "True"
    },
    {
        "x": "532",
        "y": "117",
        "Time": "07:39:06.721",
        "InArea": "True"
    },
    {
        "x": "530",
        "y": "117",
        "Time": "07:39:06.765",
        "InArea": "True"
    },
    {
        "x": "528",
        "y": "116",
        "Time": "07:39:06.810",
        "InArea": "True"
    },
    {
        "x": "527",
        "y": "114",
        "Time": "07:39:06.855",
        "InArea": "True"
    },
    {
        "x": "526",
        "y": "113",
        "Time": "07:39:06.893",
        "InArea": "True"
    },
    {
        "x": "524",
        "y": "113",
        "Time": "07:39:06.944",
        "InArea": "True"
    },
    {
        "x": "522",
        "y": "111",
        "Time": "07:39:07.002",
        "InArea": "True"
    },
    {
        "x": "520",
        "y": "110",
        "Time": "07:39:07.048",
        "InArea": "True"
    },
    {
        "x": "519",
        "y": "110",
        "Time": "07:39:07.094",
        "InArea": "True"
    },
    {
        "x": "518",
        "y": "109",
        "Time": "07:39:07.138",
        "InArea": "True"
    },
    {
        "x": "517",
        "y": "109",
        "Time": "07:39:07.181",
        "InArea": "True"
    },
    {
        "x": "514",
        "y": "108",
        "Time": "07:39:07.223",
        "InArea": "True"
    },
    {
        "x": "512",
        "y": "107",
        "Time": "07:39:07.272",
        "InArea": "True"
    },
    {
        "x": "511",
        "y": "107",
        "Time": "07:39:07.330",
        "InArea": "True"
    },
    {
        "x": "509",
        "y": "106",
        "Time": "07:39:07.380",
        "InArea": "True"
    },
    {
        "x": "508",
        "y": "105",
        "Time": "07:39:07.419",
        "InArea": "True"
    },
    {
        "x": "505",
        "y": "105",
        "Time": "07:39:07.465",
        "InArea": "True"
    },
    {
        "x": "504",
        "y": "105",
        "Time": "07:39:07.510",
        "InArea": "True"
    },
    {
        "x": "502",
        "y": "103",
        "Time": "07:39:07.555",
        "InArea": "False"
    }
]