[
    {
        "x": "544",
        "y": "130",
        "Time": "07:59:13.624",
        "InArea": "True"
    },
    {
        "x": "543",
        "y": "130",
        "Time": "07:59:13.664",
        "InArea": "True"
    },
    {
        "x": "543",
        "y": "130",
        "Time": "07:59:13.764",
        "InArea": "True"
    },
    {
        "x": "541",
        "y": "129",
        "Time": "07:59:13.814",
        "InArea": "True"
    },
    {
        "x": "540",
        "y": "129",
        "Time": "07:59:13.863",
        "InArea": "True"
    },
    {
        "x": "539",
        "y": "128",
        "Time": "07:59:13.921",
        "InArea": "True"
    },
    {
        "x": "539",
        "y": "128",
        "Time": "07:59:13.964",
        "InArea": "True"
    },
    {
        "x": "538",
        "y": "128",
        "Time": "07:59:14.005",
        "InArea": "True"
    },
    {
        "x": "535",
        "y": "126",
        "Time": "07:59:14.051",
        "InArea": "True"
    },
    {
        "x": "534",
        "y": "124",
        "Time": "07:59:14.094",
        "InArea": "True"
    },
    {
        "x": "533",
        "y": "123",
        "Time": "07:59:14.141",
        "InArea": "True"
    },
    {
        "x": "531",
        "y": "122",
        "Time": "07:59:14.189",
        "InArea": "True"
    },
    {
        "x": "530",
        "y": "121",
        "Time": "07:59:14.227",
        "InArea": "True"
    },
    {
        "x": "530",
        "y": "120",
        "Time": "07:59:14.275",
        "InArea": "True"
    },
    {
        "x": "530",
        "y": "119",
        "Time": "07:59:14.319",
        "InArea": "True"
    },
    {
        "x": "530",
        "y": "119",
        "Time": "07:59:14.403",
        "InArea": "True"
    },
    {
        "x": "527",
        "y": "117",
        "Time": "07:59:14.457",
        "InArea": "True"
    },
    {
        "x": "525",
        "y": "116",
        "Time": "07:59:14.497",
        "InArea": "True"
    },
    {
        "x": "524",
        "y": "115",
        "Time": "07:59:14.539",
        "InArea": "True"
    },
    {
        "x": "522",
        "y": "114",
        "Time": "07:59:14.586",
        "InArea": "True"
    },
    {
        "x": "521",
        "y": "113",
        "Time": "07:59:14.628",
        "InArea": "True"
    },
    {
        "x": "520",
        "y": "112",
        "Time": "07:59:14.669",
        "InArea": "True"
    },
    {
        "x": "519",
        "y": "111",
        "Time": "07:59:14.716",
        "InArea": "True"
    },
    {
        "x": "518",
        "y": "111",
        "Time": "07:59:14.758",
        "InArea": "True"
    },
    {
        "x": "516",
        "y": "110",
        "Time": "07:59:14.800",
        "InArea": "True"
    },
    {
        "x": "513",
        "y": "109",
        "Time": "07:59:14.850",
        "InArea": "True"
    },
    {
        "x": "511",
        "y": "107",
        "Time": "07:59:14.889",
        "InArea": "True"
    },
    {
        "x": "510",
        "y": "106",
        "Time": "07:59:14.931",
        "InArea": "True"
    },
    {
        "x": "508",
        "y": "106",
        "Time": "07:59:14.973",
        "InArea": "True"
    },
    {
        "x": "505",
        "y": "106",
        "Time": "07:59:15.022",
        "InArea": "True"
    },
    {
        "x": "503",
        "y": "105",
        "Time": "07:59:15.071",
        "InArea": "True"
    },
    {
        "x": "501",
        "y": "104",
        "Time": "07:59:15.123",
        "InArea": "False"
    }
]