[
    {
        "x": "537",
        "y": "126",
        "Time": "08:00:28.026",
        "InArea": "True"
    },
    {
        "x": "537",
        "y": "125",
        "Time": "08:00:28.070",
        "InArea": "True"
    },
    {
        "x": "537",
        "y": "125",
        "Time": "08:00:28.115",
        "InArea": "True"
    },
    {
        "x": "537",
        "y": "125",
        "Time": "08:00:28.160",
        "InArea": "True"
    },
    {
        "x": "536",
        "y": "125",
        "Time": "08:00:28.210",
        "InArea": "True"
    },
    {
        "x": "535",
        "y": "126",
        "Time": "08:00:28.256",
        "InArea": "True"
    },
    {
        "x": "533",
        "y": "126",
        "Time": "08:00:28.299",
        "InArea": "True"
    },
    {
        "x": "531",
        "y": "125",
        "Time": "08:00:28.348",
        "InArea": "True"
    },
    {
        "x": "529",
        "y": "125",
        "Time": "08:00:28.398",
        "InArea": "True"
    },
    {
        "x": "528",
        "y": "124",
        "Time": "08:00:28.445",
        "InArea": "True"
    },
    {
        "x": "528",
        "y": "124",
        "Time": "08:00:28.490",
        "InArea": "True"
    },
    {
        "x": "528",
        "y": "123",
        "Time": "08:00:28.538",
        "InArea": "True"
    },
    {
        "x": "528",
        "y": "122",
        "Time": "08:00:28.580",
        "InArea": "True"
    },
    {
        "x": "528",
        "y": "121",
        "Time": "08:00:28.626",
        "InArea": "True"
    },
    {
        "x": "527",
        "y": "120",
        "Time": "08:00:28.675",
        "InArea": "True"
    },
    {
        "x": "527",
        "y": "119",
        "Time": "08:00:28.727",
        "InArea": "True"
    },
    {
        "x": "527",
        "y": "118",
        "Time": "08:00:28.776",
        "InArea": "True"
    },
    {
        "x": "526",
        "y": "117",
        "Time": "08:00:28.819",
        "InArea": "True"
    },
    {
        "x": "525",
        "y": "116",
        "Time": "08:00:28.876",
        "InArea": "True"
    },
    {
        "x": "523",
        "y": "116",
        "Time": "08:00:28.916",
        "InArea": "True"
    },
    {
        "x": "521",
        "y": "115",
        "Time": "08:00:28.961",
        "InArea": "True"
    },
    {
        "x": "520",
        "y": "113",
        "Time": "08:00:29.000",
        "InArea": "True"
    },
    {
        "x": "518",
        "y": "112",
        "Time": "08:00:29.045",
        "InArea": "True"
    },
    {
        "x": "514",
        "y": "112",
        "Time": "08:00:29.091",
        "InArea": "True"
    },
    {
        "x": "510",
        "y": "111",
        "Time": "08:00:29.130",
        "InArea": "True"
    },
    {
        "x": "507",
        "y": "110",
        "Time": "08:00:29.174",
        "InArea": "True"
    },
    {
        "x": "505",
        "y": "109",
        "Time": "08:00:29.228",
        "InArea": "True"
    },
    {
        "x": "502",
        "y": "107",
        "Time": "08:00:29.287",
        "InArea": "True"
    },
    {
        "x": "500",
        "y": "107",
        "Time": "08:00:29.337",
        "InArea": "True"
    },
    {
        "x": "499",
        "y": "106",
        "Time": "08:00:29.389",
        "InArea": "True"
    },
    {
        "x": "498",
        "y": "105",
        "Time": "08:00:29.442",
        "InArea": "False"
    },
    {
        "x": "496",
        "y": "102",
        "Time": "08:00:29.488",
        "InArea": "False"
    }
]