[
    {
        "x": "527",
        "y": "124",
        "Time": "07:22:55.490",
        "InArea": "True"
    },
    {
        "x": "526",
        "y": "123",
        "Time": "07:22:55.543",
        "InArea": "True"
    },
    {
        "x": "526",
        "y": "123",
        "Time": "07:22:55.631",
        "InArea": "True"
    },
    {
        "x": "526",
        "y": "122",
        "Time": "07:22:55.683",
        "InArea": "True"
    },
    {
        "x": "524",
        "y": "121",
        "Time": "07:22:55.739",
        "InArea": "True"
    },
    {
        "x": "524",
        "y": "120",
        "Time": "07:22:55.786",
        "InArea": "True"
    },
    {
        "x": "523",
        "y": "119",
        "Time": "07:22:55.841",
        "InArea": "True"
    },
    {
        "x": "522",
        "y": "118",
        "Time": "07:22:55.897",
        "InArea": "True"
    },
    {
        "x": "520",
        "y": "117",
        "Time": "07:22:55.945",
        "InArea": "True"
    },
    {
        "x": "518",
        "y": "116",
        "Time": "07:22:55.990",
        "InArea": "True"
    },
    {
        "x": "517",
        "y": "116",
        "Time": "07:22:56.035",
        "InArea": "True"
    },
    {
        "x": "517",
        "y": "115",
        "Time": "07:22:56.084",
        "InArea": "True"
    },
    {
        "x": "516",
        "y": "114",
        "Time": "07:22:56.129",
        "InArea": "True"
    },
    {
        "x": "516",
        "y": "113",
        "Time": "07:22:56.175",
        "InArea": "True"
    },
    {
        "x": "516",
        "y": "112",
        "Time": "07:22:56.214",
        "InArea": "True"
    },
    {
        "x": "515",
        "y": "111",
        "Time": "07:22:56.260",
        "InArea": "True"
    },
    {
        "x": "513",
        "y": "111",
        "Time": "07:22:56.311",
        "InArea": "True"
    },
    {
        "x": "511",
        "y": "111",
        "Time": "07:22:56.361",
        "InArea": "True"
    },
    {
        "x": "510",
        "y": "111",
        "Time": "07:22:56.402",
        "InArea": "True"
    },
    {
        "x": "509",
        "y": "110",
        "Time": "07:22:56.449",
        "InArea": "True"
    },
    {
        "x": "508",
        "y": "110",
        "Time": "07:22:56.487",
        "InArea": "True"
    },
    {
        "x": "507",
        "y": "109",
        "Time": "07:22:56.530",
        "InArea": "True"
    },
    {
        "x": "505",
        "y": "108",
        "Time": "07:22:56.575",
        "InArea": "True"
    },
    {
        "x": "504",
        "y": "107",
        "Time": "07:22:56.617",
        "InArea": "True"
    },
    {
        "x": "505",
        "y": "107",
        "Time": "07:22:56.659",
        "InArea": "True"
    },
    {
        "x": "503",
        "y": "107",
        "Time": "07:22:56.700",
        "InArea": "True"
    },
    {
        "x": "501",
        "y": "106",
        "Time": "07:22:56.742",
        "InArea": "True"
    },
    {
        "x": "500",
        "y": "106",
        "Time": "07:22:56.782",
        "InArea": "True"
    },
    {
        "x": "499",
        "y": "106",
        "Time": "07:22:56.824",
        "InArea": "True"
    },
    {
        "x": "499",
        "y": "106",
        "Time": "07:22:56.867",
        "InArea": "True"
    },
    {
        "x": "499",
        "y": "105",
        "Time": "07:22:56.910",
        "InArea": "True"
    },
    {
        "x": "497",
        "y": "102",
        "Time": "07:22:56.956",
        "InArea": "False"
    }
]