[
    {
        "x": "542",
        "y": "128",
        "Time": "08:03:11.300",
        "InArea": "True"
    },
    {
        "x": "542",
        "y": "127",
        "Time": "08:03:11.342",
        "InArea": "True"
    },
    {
        "x": "541",
        "y": "126",
        "Time": "08:03:11.392",
        "InArea": "True"
    },
    {
        "x": "540",
        "y": "125",
        "Time": "08:03:11.434",
        "InArea": "True"
    },
    {
        "x": "540",
        "y": "125",
        "Time": "08:03:11.520",
        "InArea": "True"
    },
    {
        "x": "540",
        "y": "124",
        "Time": "08:03:11.570",
        "InArea": "True"
    },
    {
        "x": "538",
        "y": "122",
        "Time": "08:03:11.627",
        "InArea": "True"
    },
    {
        "x": "537",
        "y": "120",
        "Time": "08:03:11.676",
        "InArea": "True"
    },
    {
        "x": "536",
        "y": "120",
        "Time": "08:03:11.722",
        "InArea": "True"
    },
    {
        "x": "535",
        "y": "119",
        "Time": "08:03:11.760",
        "InArea": "True"
    },
    {
        "x": "534",
        "y": "119",
        "Time": "08:03:11.807",
        "InArea": "True"
    },
    {
        "x": "532",
        "y": "117",
        "Time": "08:03:11.849",
        "InArea": "True"
    },
    {
        "x": "531",
        "y": "116",
        "Time": "08:03:11.896",
        "InArea": "True"
    },
    {
        "x": "531",
        "y": "115",
        "Time": "08:03:11.940",
        "InArea": "True"
    },
    {
        "x": "530",
        "y": "114",
        "Time": "08:03:11.989",
        "InArea": "True"
    },
    {
        "x": "529",
        "y": "113",
        "Time": "08:03:12.041",
        "InArea": "True"
    },
    {
        "x": "527",
        "y": "113",
        "Time": "08:03:12.092",
        "InArea": "True"
    },
    {
        "x": "526",
        "y": "112",
        "Time": "08:03:12.138",
        "InArea": "True"
    },
    {
        "x": "524",
        "y": "111",
        "Time": "08:03:12.187",
        "InArea": "True"
    },
    {
        "x": "523",
        "y": "110",
        "Time": "08:03:12.233",
        "InArea": "True"
    },
    {
        "x": "523",
        "y": "110",
        "Time": "08:03:12.277",
        "InArea": "True"
    },
    {
        "x": "522",
        "y": "108",
        "Time": "08:03:12.321",
        "InArea": "True"
    },
    {
        "x": "519",
        "y": "107",
        "Time": "08:03:12.371",
        "InArea": "True"
    },
    {
        "x": "517",
        "y": "107",
        "Time": "08:03:12.420",
        "InArea": "True"
    },
    {
        "x": "514",
        "y": "107",
        "Time": "08:03:12.462",
        "InArea": "True"
    },
    {
        "x": "512",
        "y": "107",
        "Time": "08:03:12.506",
        "InArea": "True"
    },
    {
        "x": "510",
        "y": "106",
        "Time": "08:03:12.555",
        "InArea": "True"
    },
    {
        "x": "509",
        "y": "105",
        "Time": "08:03:12.603",
        "InArea": "True"
    },
    {
        "x": "508",
        "y": "105",
        "Time": "08:03:12.651",
        "InArea": "True"
    },
    {
        "x": "508",
        "y": "105",
        "Time": "08:03:12.692",
        "InArea": "True"
    },
    {
        "x": "507",
        "y": "105",
        "Time": "08:03:12.742",
        "InArea": "True"
    },
    {
        "x": "505",
        "y": "101",
        "Time": "08:03:12.784",
        "InArea": "False"
    }
]