[
    {
        "x": "539",
        "y": "127",
        "Time": "07:54:19.857",
        "InArea": "True"
    },
    {
        "x": "538",
        "y": "126",
        "Time": "07:54:19.911",
        "InArea": "True"
    },
    {
        "x": "537",
        "y": "125",
        "Time": "07:54:19.954",
        "InArea": "True"
    },
    {
        "x": "536",
        "y": "125",
        "Time": "07:54:20.008",
        "InArea": "True"
    },
    {
        "x": "535",
        "y": "125",
        "Time": "07:54:20.064",
        "InArea": "True"
    },
    {
        "x": "534",
        "y": "124",
        "Time": "07:54:20.120",
        "InArea": "True"
    },
    {
        "x": "534",
        "y": "124",
        "Time": "07:54:20.166",
        "InArea": "True"
    },
    {
        "x": "532",
        "y": "122",
        "Time": "07:54:20.214",
        "InArea": "True"
    },
    {
        "x": "531",
        "y": "122",
        "Time": "07:54:20.264",
        "InArea": "True"
    },
    {
        "x": "529",
        "y": "121",
        "Time": "07:54:20.311",
        "InArea": "True"
    },
    {
        "x": "528",
        "y": "120",
        "Time": "07:54:20.363",
        "InArea": "True"
    },
    {
        "x": "527",
        "y": "120",
        "Time": "07:54:20.406",
        "InArea": "True"
    },
    {
        "x": "526",
        "y": "119",
        "Time": "07:54:20.453",
        "InArea": "True"
    },
    {
        "x": "525",
        "y": "117",
        "Time": "07:54:20.505",
        "InArea": "True"
    },
    {
        "x": "524",
        "y": "116",
        "Time": "07:54:20.549",
        "InArea": "True"
    },
    {
        "x": "523",
        "y": "116",
        "Time": "07:54:20.594",
        "InArea": "True"
    },
    {
        "x": "522",
        "y": "115",
        "Time": "07:54:20.643",
        "InArea": "True"
    },
    {
        "x": "520",
        "y": "113",
        "Time": "07:54:20.695",
        "InArea": "True"
    },
    {
        "x": "519",
        "y": "111",
        "Time": "07:54:20.745",
        "InArea": "True"
    },
    {
        "x": "518",
        "y": "110",
        "Time": "07:54:20.791",
        "InArea": "True"
    },
    {
        "x": "515",
        "y": "109",
        "Time": "07:54:20.836",
        "InArea": "True"
    },
    {
        "x": "513",
        "y": "109",
        "Time": "07:54:20.880",
        "InArea": "True"
    },
    {
        "x": "512",
        "y": "108",
        "Time": "07:54:20.929",
        "InArea": "True"
    },
    {
        "x": "511",
        "y": "107",
        "Time": "07:54:20.974",
        "InArea": "True"
    },
    {
        "x": "510",
        "y": "106",
        "Time": "07:54:21.015",
        "InArea": "True"
    },
    {
        "x": "509",
        "y": "106",
        "Time": "07:54:21.057",
        "InArea": "True"
    },
    {
        "x": "506",
        "y": "106",
        "Time": "07:54:21.102",
        "InArea": "True"
    },
    {
        "x": "504",
        "y": "106",
        "Time": "07:54:21.158",
        "InArea": "True"
    },
    {
        "x": "503",
        "y": "106",
        "Time": "07:54:21.204",
        "InArea": "True"
    },
    {
        "x": "501",
        "y": "105",
        "Time": "07:54:21.249",
        "InArea": "True"
    },
    {
        "x": "501",
        "y": "105",
        "Time": "07:54:21.288",
        "InArea": "True"
    },
    {
        "x": "500",
        "y": "103",
        "Time": "07:54:21.330",
        "InArea": "False"
    }
]