[
    {
        "x": "534",
        "y": "130",
        "Time": "07:01:01.679",
        "InArea": "True"
    },
    {
        "x": "533",
        "y": "130",
        "Time": "07:01:01.729",
        "InArea": "True"
    },
    {
        "x": "533",
        "y": "130",
        "Time": "07:01:01.767",
        "InArea": "True"
    },
    {
        "x": "531",
        "y": "130",
        "Time": "07:01:01.812",
        "InArea": "True"
    },
    {
        "x": "530",
        "y": "130",
        "Time": "07:01:01.854",
        "InArea": "True"
    },
    {
        "x": "530",
        "y": "128",
        "Time": "07:01:01.901",
        "InArea": "True"
    },
    {
        "x": "530",
        "y": "128",
        "Time": "07:01:01.950",
        "InArea": "True"
    },
    {
        "x": "530",
        "y": "128",
        "Time": "07:01:01.994",
        "InArea": "True"
    },
    {
        "x": "529",
        "y": "127",
        "Time": "07:01:02.038",
        "InArea": "True"
    },
    {
        "x": "529",
        "y": "125",
        "Time": "07:01:02.079",
        "InArea": "True"
    },
    {
        "x": "528",
        "y": "124",
        "Time": "07:01:02.122",
        "InArea": "True"
    },
    {
        "x": "526",
        "y": "123",
        "Time": "07:01:02.167",
        "InArea": "True"
    },
    {
        "x": "524",
        "y": "121",
        "Time": "07:01:02.209",
        "InArea": "True"
    },
    {
        "x": "523",
        "y": "120",
        "Time": "07:01:02.257",
        "InArea": "True"
    },
    {
        "x": "522",
        "y": "120",
        "Time": "07:01:02.301",
        "InArea": "True"
    },
    {
        "x": "522",
        "y": "119",
        "Time": "07:01:02.352",
        "InArea": "True"
    },
    {
        "x": "522",
        "y": "118",
        "Time": "07:01:02.401",
        "InArea": "True"
    },
    {
        "x": "521",
        "y": "117",
        "Time": "07:01:02.444",
        "InArea": "True"
    },
    {
        "x": "519",
        "y": "116",
        "Time": "07:01:02.494",
        "InArea": "True"
    },
    {
        "x": "515",
        "y": "115",
        "Time": "07:01:02.549",
        "InArea": "True"
    },
    {
        "x": "513",
        "y": "114",
        "Time": "07:01:02.587",
        "InArea": "True"
    },
    {
        "x": "510",
        "y": "114",
        "Time": "07:01:02.636",
        "InArea": "True"
    },
    {
        "x": "509",
        "y": "113",
        "Time": "07:01:02.680",
        "InArea": "True"
    },
    {
        "x": "507",
        "y": "112",
        "Time": "07:01:02.721",
        "InArea": "True"
    },
    {
        "x": "505",
        "y": "111",
        "Time": "07:01:02.765",
        "InArea": "True"
    },
    {
        "x": "503",
        "y": "110",
        "Time": "07:01:02.808",
        "InArea": "True"
    },
    {
        "x": "502",
        "y": "109",
        "Time": "07:01:02.852",
        "InArea": "True"
    },
    {
        "x": "500",
        "y": "107",
        "Time": "07:01:02.899",
        "InArea": "True"
    },
    {
        "x": "497",
        "y": "106",
        "Time": "07:01:02.945",
        "InArea": "True"
    },
    {
        "x": "496",
        "y": "106",
        "Time": "07:01:02.986",
        "InArea": "True"
    },
    {
        "x": "495",
        "y": "105",
        "Time": "07:01:03.028",
        "InArea": "True"
    },
    {
        "x": "495",
        "y": "104",
        "Time": "07:01:03.069",
        "InArea": "False"
    }
]