[
    {
        "x": "546",
        "y": "127",
        "Time": "07:27:15.968",
        "InArea": "True"
    },
    {
        "x": "545",
        "y": "126",
        "Time": "07:27:16.014",
        "InArea": "True"
    },
    {
        "x": "545",
        "y": "126",
        "Time": "07:27:16.095",
        "InArea": "True"
    },
    {
        "x": "545",
        "y": "125",
        "Time": "07:27:16.139",
        "InArea": "True"
    },
    {
        "x": "545",
        "y": "125",
        "Time": "07:27:16.183",
        "InArea": "True"
    },
    {
        "x": "544",
        "y": "125",
        "Time": "07:27:16.221",
        "InArea": "True"
    },
    {
        "x": "542",
        "y": "125",
        "Time": "07:27:16.266",
        "InArea": "True"
    },
    {
        "x": "541",
        "y": "125",
        "Time": "07:27:16.307",
        "InArea": "True"
    },
    {
        "x": "540",
        "y": "124",
        "Time": "07:27:16.349",
        "InArea": "True"
    },
    {
        "x": "540",
        "y": "124",
        "Time": "07:27:16.397",
        "InArea": "True"
    },
    {
        "x": "540",
        "y": "123",
        "Time": "07:27:16.441",
        "InArea": "True"
    },
    {
        "x": "539",
        "y": "123",
        "Time": "07:27:16.479",
        "InArea": "True"
    },
    {
        "x": "538",
        "y": "122",
        "Time": "07:27:16.530",
        "InArea": "True"
    },
    {
        "x": "536",
        "y": "120",
        "Time": "07:27:16.584",
        "InArea": "True"
    },
    {
        "x": "536",
        "y": "119",
        "Time": "07:27:16.639",
        "InArea": "True"
    },
    {
        "x": "534",
        "y": "118",
        "Time": "07:27:16.696",
        "InArea": "True"
    },
    {
        "x": "532",
        "y": "117",
        "Time": "07:27:16.747",
        "InArea": "True"
    },
    {
        "x": "531",
        "y": "116",
        "Time": "07:27:16.801",
        "InArea": "True"
    },
    {
        "x": "530",
        "y": "115",
        "Time": "07:27:16.854",
        "InArea": "True"
    },
    {
        "x": "528",
        "y": "113",
        "Time": "07:27:16.906",
        "InArea": "True"
    },
    {
        "x": "526",
        "y": "112",
        "Time": "07:27:16.955",
        "InArea": "True"
    },
    {
        "x": "525",
        "y": "111",
        "Time": "07:27:17.005",
        "InArea": "True"
    },
    {
        "x": "524",
        "y": "111",
        "Time": "07:27:17.053",
        "InArea": "True"
    },
    {
        "x": "523",
        "y": "110",
        "Time": "07:27:17.100",
        "InArea": "True"
    },
    {
        "x": "522",
        "y": "109",
        "Time": "07:27:17.146",
        "InArea": "True"
    },
    {
        "x": "521",
        "y": "108",
        "Time": "07:27:17.191",
        "InArea": "True"
    },
    {
        "x": "521",
        "y": "107",
        "Time": "07:27:17.236",
        "InArea": "True"
    },
    {
        "x": "520",
        "y": "107",
        "Time": "07:27:17.279",
        "InArea": "True"
    },
    {
        "x": "519",
        "y": "107",
        "Time": "07:27:17.325",
        "InArea": "True"
    },
    {
        "x": "517",
        "y": "106",
        "Time": "07:27:17.376",
        "InArea": "True"
    },
    {
        "x": "514",
        "y": "105",
        "Time": "07:27:17.440",
        "InArea": "True"
    },
    {
        "x": "512",
        "y": "102",
        "Time": "07:27:17.484",
        "InArea": "False"
    }
]