[
    {
        "x": "549",
        "y": "126",
        "Time": "06:52:55.925",
        "InArea": "True"
    },
    {
        "x": "549",
        "y": "126",
        "Time": "06:52:56.016",
        "InArea": "True"
    },
    {
        "x": "549",
        "y": "126",
        "Time": "06:52:56.057",
        "InArea": "True"
    },
    {
        "x": "549",
        "y": "126",
        "Time": "06:52:56.100",
        "InArea": "True"
    },
    {
        "x": "548",
        "y": "126",
        "Time": "06:52:56.152",
        "InArea": "True"
    },
    {
        "x": "548",
        "y": "126",
        "Time": "06:52:56.203",
        "InArea": "True"
    },
    {
        "x": "547",
        "y": "126",
        "Time": "06:52:56.250",
        "InArea": "True"
    },
    {
        "x": "547",
        "y": "125",
        "Time": "06:52:56.293",
        "InArea": "True"
    },
    {
        "x": "546",
        "y": "125",
        "Time": "06:52:56.339",
        "InArea": "True"
    },
    {
        "x": "545",
        "y": "125",
        "Time": "06:52:56.382",
        "InArea": "True"
    },
    {
        "x": "544",
        "y": "122",
        "Time": "06:52:56.426",
        "InArea": "True"
    },
    {
        "x": "544",
        "y": "120",
        "Time": "06:52:56.467",
        "InArea": "True"
    },
    {
        "x": "543",
        "y": "119",
        "Time": "06:52:56.516",
        "InArea": "True"
    },
    {
        "x": "541",
        "y": "118",
        "Time": "06:52:56.558",
        "InArea": "True"
    },
    {
        "x": "540",
        "y": "118",
        "Time": "06:52:56.606",
        "InArea": "True"
    },
    {
        "x": "539",
        "y": "117",
        "Time": "06:52:56.657",
        "InArea": "True"
    },
    {
        "x": "538",
        "y": "116",
        "Time": "06:52:56.707",
        "InArea": "True"
    },
    {
        "x": "537",
        "y": "116",
        "Time": "06:52:56.753",
        "InArea": "True"
    },
    {
        "x": "535",
        "y": "115",
        "Time": "06:52:56.798",
        "InArea": "True"
    },
    {
        "x": "533",
        "y": "114",
        "Time": "06:52:56.852",
        "InArea": "True"
    },
    {
        "x": "531",
        "y": "113",
        "Time": "06:52:56.905",
        "InArea": "True"
    },
    {
        "x": "530",
        "y": "112",
        "Time": "06:52:56.946",
        "InArea": "True"
    },
    {
        "x": "529",
        "y": "112",
        "Time": "06:52:56.990",
        "InArea": "True"
    },
    {
        "x": "526",
        "y": "110",
        "Time": "06:52:57.038",
        "InArea": "True"
    },
    {
        "x": "525",
        "y": "109",
        "Time": "06:52:57.081",
        "InArea": "True"
    },
    {
        "x": "523",
        "y": "109",
        "Time": "06:52:57.122",
        "InArea": "True"
    },
    {
        "x": "522",
        "y": "109",
        "Time": "06:52:57.167",
        "InArea": "True"
    },
    {
        "x": "521",
        "y": "108",
        "Time": "06:52:57.210",
        "InArea": "True"
    },
    {
        "x": "520",
        "y": "107",
        "Time": "06:52:57.250",
        "InArea": "True"
    },
    {
        "x": "520",
        "y": "106",
        "Time": "06:52:57.302",
        "InArea": "True"
    },
    {
        "x": "518",
        "y": "105",
        "Time": "06:52:57.350",
        "InArea": "True"
    },
    {
        "x": "514",
        "y": "104",
        "Time": "06:52:57.400",
        "InArea": "False"
    }
]