[
    {
        "x": "541",
        "y": "132",
        "Time": "08:15:06.897",
        "InArea": "True"
    },
    {
        "x": "540",
        "y": "132",
        "Time": "08:15:06.938",
        "InArea": "True"
    },
    {
        "x": "540",
        "y": "130",
        "Time": "08:15:06.986",
        "InArea": "True"
    },
    {
        "x": "540",
        "y": "130",
        "Time": "08:15:07.038",
        "InArea": "True"
    },
    {
        "x": "538",
        "y": "130",
        "Time": "08:15:07.089",
        "InArea": "True"
    },
    {
        "x": "537",
        "y": "129",
        "Time": "08:15:07.139",
        "InArea": "True"
    },
    {
        "x": "535",
        "y": "128",
        "Time": "08:15:07.180",
        "InArea": "True"
    },
    {
        "x": "533",
        "y": "127",
        "Time": "08:15:07.234",
        "InArea": "True"
    },
    {
        "x": "532",
        "y": "126",
        "Time": "08:15:07.277",
        "InArea": "True"
    },
    {
        "x": "531",
        "y": "124",
        "Time": "08:15:07.323",
        "InArea": "True"
    },
    {
        "x": "530",
        "y": "123",
        "Time": "08:15:07.365",
        "InArea": "True"
    },
    {
        "x": "529",
        "y": "123",
        "Time": "08:15:07.410",
        "InArea": "True"
    },
    {
        "x": "528",
        "y": "122",
        "Time": "08:15:07.456",
        "InArea": "True"
    },
    {
        "x": "528",
        "y": "121",
        "Time": "08:15:07.503",
        "InArea": "True"
    },
    {
        "x": "527",
        "y": "120",
        "Time": "08:15:07.549",
        "InArea": "True"
    },
    {
        "x": "525",
        "y": "119",
        "Time": "08:15:07.598",
        "InArea": "True"
    },
    {
        "x": "524",
        "y": "118",
        "Time": "08:15:07.638",
        "InArea": "True"
    },
    {
        "x": "523",
        "y": "117",
        "Time": "08:15:07.676",
        "InArea": "True"
    },
    {
        "x": "521",
        "y": "116",
        "Time": "08:15:07.718",
        "InArea": "True"
    },
    {
        "x": "518",
        "y": "115",
        "Time": "08:15:07.768",
        "InArea": "True"
    },
    {
        "x": "517",
        "y": "115",
        "Time": "08:15:07.807",
        "InArea": "True"
    },
    {
        "x": "515",
        "y": "113",
        "Time": "08:15:07.849",
        "InArea": "True"
    },
    {
        "x": "512",
        "y": "111",
        "Time": "08:15:07.905",
        "InArea": "True"
    },
    {
        "x": "510",
        "y": "110",
        "Time": "08:15:07.948",
        "InArea": "True"
    },
    {
        "x": "508",
        "y": "109",
        "Time": "08:15:07.996",
        "InArea": "True"
    },
    {
        "x": "506",
        "y": "109",
        "Time": "08:15:08.041",
        "InArea": "True"
    },
    {
        "x": "504",
        "y": "108",
        "Time": "08:15:08.093",
        "InArea": "True"
    },
    {
        "x": "501",
        "y": "107",
        "Time": "08:15:08.137",
        "InArea": "True"
    },
    {
        "x": "499",
        "y": "106",
        "Time": "08:15:08.177",
        "InArea": "True"
    },
    {
        "x": "498",
        "y": "106",
        "Time": "08:15:08.222",
        "InArea": "True"
    },
    {
        "x": "497",
        "y": "106",
        "Time": "08:15:08.274",
        "InArea": "True"
    },
    {
        "x": "495",
        "y": "102",
        "Time": "08:15:08.335",
        "InArea": "False"
    }
]