[
    {
        "x": "536",
        "y": "124",
        "Time": "07:17:11.284",
        "InArea": "True"
    },
    {
        "x": "535",
        "y": "123",
        "Time": "07:17:11.325",
        "InArea": "True"
    },
    {
        "x": "534",
        "y": "122",
        "Time": "07:17:11.377",
        "InArea": "True"
    },
    {
        "x": "533",
        "y": "122",
        "Time": "07:17:11.427",
        "InArea": "True"
    },
    {
        "x": "532",
        "y": "122",
        "Time": "07:17:11.476",
        "InArea": "True"
    },
    {
        "x": "532",
        "y": "121",
        "Time": "07:17:11.523",
        "InArea": "True"
    },
    {
        "x": "532",
        "y": "120",
        "Time": "07:17:11.570",
        "InArea": "True"
    },
    {
        "x": "531",
        "y": "120",
        "Time": "07:17:11.623",
        "InArea": "True"
    },
    {
        "x": "531",
        "y": "119",
        "Time": "07:17:11.670",
        "InArea": "True"
    },
    {
        "x": "531",
        "y": "118",
        "Time": "07:17:11.717",
        "InArea": "True"
    },
    {
        "x": "529",
        "y": "118",
        "Time": "07:17:11.767",
        "InArea": "True"
    },
    {
        "x": "527",
        "y": "117",
        "Time": "07:17:11.816",
        "InArea": "True"
    },
    {
        "x": "526",
        "y": "117",
        "Time": "07:17:11.863",
        "InArea": "True"
    },
    {
        "x": "525",
        "y": "116",
        "Time": "07:17:11.905",
        "InArea": "True"
    },
    {
        "x": "524",
        "y": "115",
        "Time": "07:17:11.954",
        "InArea": "True"
    },
    {
        "x": "523",
        "y": "114",
        "Time": "07:17:11.998",
        "InArea": "True"
    },
    {
        "x": "523",
        "y": "113",
        "Time": "07:17:12.042",
        "InArea": "True"
    },
    {
        "x": "522",
        "y": "113",
        "Time": "07:17:12.088",
        "InArea": "True"
    },
    {
        "x": "520",
        "y": "113",
        "Time": "07:17:12.142",
        "InArea": "True"
    },
    {
        "x": "519",
        "y": "112",
        "Time": "07:17:12.192",
        "InArea": "True"
    },
    {
        "x": "518",
        "y": "111",
        "Time": "07:17:12.245",
        "InArea": "True"
    },
    {
        "x": "516",
        "y": "110",
        "Time": "07:17:12.293",
        "InArea": "True"
    },
    {
        "x": "514",
        "y": "109",
        "Time": "07:17:12.338",
        "InArea": "True"
    },
    {
        "x": "511",
        "y": "108",
        "Time": "07:17:12.387",
        "InArea": "True"
    },
    {
        "x": "509",
        "y": "107",
        "Time": "07:17:12.435",
        "InArea": "True"
    },
    {
        "x": "508",
        "y": "107",
        "Time": "07:17:12.481",
        "InArea": "True"
    },
    {
        "x": "507",
        "y": "106",
        "Time": "07:17:12.525",
        "InArea": "True"
    },
    {
        "x": "506",
        "y": "105",
        "Time": "07:17:12.572",
        "InArea": "True"
    },
    {
        "x": "505",
        "y": "105",
        "Time": "07:17:12.613",
        "InArea": "True"
    },
    {
        "x": "504",
        "y": "105",
        "Time": "07:17:12.661",
        "InArea": "True"
    },
    {
        "x": "502",
        "y": "105",
        "Time": "07:17:12.710",
        "InArea": "True"
    },
    {
        "x": "501",
        "y": "104",
        "Time": "07:17:12.760",
        "InArea": "False"
    }
]