[
    {
        "x": "541",
        "y": "129",
        "Time": "08:11:11.732",
        "InArea": "True"
    },
    {
        "x": "541",
        "y": "129",
        "Time": "08:11:11.783",
        "InArea": "True"
    },
    {
        "x": "541",
        "y": "129",
        "Time": "08:11:11.828",
        "InArea": "True"
    },
    {
        "x": "541",
        "y": "129",
        "Time": "08:11:11.873",
        "InArea": "True"
    },
    {
        "x": "541",
        "y": "128",
        "Time": "08:11:11.913",
        "InArea": "True"
    },
    {
        "x": "541",
        "y": "127",
        "Time": "08:11:11.954",
        "InArea": "True"
    },
    {
        "x": "540",
        "y": "126",
        "Time": "08:11:11.998",
        "InArea": "True"
    },
    {
        "x": "540",
        "y": "124",
        "Time": "08:11:12.036",
        "InArea": "True"
    },
    {
        "x": "539",
        "y": "124",
        "Time": "08:11:12.081",
        "InArea": "True"
    },
    {
        "x": "538",
        "y": "123",
        "Time": "08:11:12.125",
        "InArea": "True"
    },
    {
        "x": "537",
        "y": "121",
        "Time": "08:11:12.180",
        "InArea": "True"
    },
    {
        "x": "536",
        "y": "120",
        "Time": "08:11:12.228",
        "InArea": "True"
    },
    {
        "x": "534",
        "y": "119",
        "Time": "08:11:12.278",
        "InArea": "True"
    },
    {
        "x": "533",
        "y": "118",
        "Time": "08:11:12.328",
        "InArea": "True"
    },
    {
        "x": "532",
        "y": "116",
        "Time": "08:11:12.385",
        "InArea": "True"
    },
    {
        "x": "532",
        "y": "115",
        "Time": "08:11:12.428",
        "InArea": "True"
    },
    {
        "x": "531",
        "y": "114",
        "Time": "08:11:12.477",
        "InArea": "True"
    },
    {
        "x": "530",
        "y": "112",
        "Time": "08:11:12.525",
        "InArea": "True"
    },
    {
        "x": "528",
        "y": "111",
        "Time": "08:11:12.582",
        "InArea": "True"
    },
    {
        "x": "527",
        "y": "111",
        "Time": "08:11:12.625",
        "InArea": "True"
    },
    {
        "x": "524",
        "y": "110",
        "Time": "08:11:12.672",
        "InArea": "True"
    },
    {
        "x": "522",
        "y": "109",
        "Time": "08:11:12.716",
        "InArea": "True"
    },
    {
        "x": "520",
        "y": "108",
        "Time": "08:11:12.765",
        "InArea": "True"
    },
    {
        "x": "519",
        "y": "107",
        "Time": "08:11:12.816",
        "InArea": "True"
    },
    {
        "x": "517",
        "y": "107",
        "Time": "08:11:12.860",
        "InArea": "True"
    },
    {
        "x": "514",
        "y": "107",
        "Time": "08:11:12.904",
        "InArea": "True"
    },
    {
        "x": "512",
        "y": "106",
        "Time": "08:11:12.945",
        "InArea": "True"
    },
    {
        "x": "510",
        "y": "105",
        "Time": "08:11:13.002",
        "InArea": "True"
    },
    {
        "x": "508",
        "y": "105",
        "Time": "08:11:13.055",
        "InArea": "True"
    },
    {
        "x": "506",
        "y": "105",
        "Time": "08:11:13.103",
        "InArea": "True"
    },
    {
        "x": "505",
        "y": "105",
        "Time": "08:11:13.149",
        "InArea": "True"
    },
    {
        "x": "502",
        "y": "102",
        "Time": "08:11:13.191",
        "InArea": "False"
    }
]