[
    {
        "x": "537",
        "y": "126",
        "Time": "08:30:59.896",
        "InArea": "True"
    },
    {
        "x": "536",
        "y": "126",
        "Time": "08:30:59.944",
        "InArea": "True"
    },
    {
        "x": "536",
        "y": "126",
        "Time": "08:30:59.990",
        "InArea": "True"
    },
    {
        "x": "536",
        "y": "125",
        "Time": "08:31:00.039",
        "InArea": "True"
    },
    {
        "x": "536",
        "y": "125",
        "Time": "08:31:00.088",
        "InArea": "True"
    },
    {
        "x": "536",
        "y": "124",
        "Time": "08:31:00.146",
        "InArea": "True"
    },
    {
        "x": "536",
        "y": "124",
        "Time": "08:31:00.238",
        "InArea": "True"
    },
    {
        "x": "535",
        "y": "124",
        "Time": "08:31:00.288",
        "InArea": "True"
    },
    {
        "x": "533",
        "y": "123",
        "Time": "08:31:00.341",
        "InArea": "True"
    },
    {
        "x": "532",
        "y": "123",
        "Time": "08:31:00.391",
        "InArea": "True"
    },
    {
        "x": "532",
        "y": "123",
        "Time": "08:31:00.433",
        "InArea": "True"
    },
    {
        "x": "532",
        "y": "120",
        "Time": "08:31:00.483",
        "InArea": "True"
    },
    {
        "x": "531",
        "y": "118",
        "Time": "08:31:00.526",
        "InArea": "True"
    },
    {
        "x": "531",
        "y": "117",
        "Time": "08:31:00.570",
        "InArea": "True"
    },
    {
        "x": "530",
        "y": "116",
        "Time": "08:31:00.613",
        "InArea": "True"
    },
    {
        "x": "529",
        "y": "116",
        "Time": "08:31:00.666",
        "InArea": "True"
    },
    {
        "x": "528",
        "y": "115",
        "Time": "08:31:00.717",
        "InArea": "True"
    },
    {
        "x": "525",
        "y": "113",
        "Time": "08:31:00.767",
        "InArea": "True"
    },
    {
        "x": "523",
        "y": "112",
        "Time": "08:31:00.813",
        "InArea": "True"
    },
    {
        "x": "520",
        "y": "111",
        "Time": "08:31:00.866",
        "InArea": "True"
    },
    {
        "x": "519",
        "y": "110",
        "Time": "08:31:00.915",
        "InArea": "True"
    },
    {
        "x": "518",
        "y": "109",
        "Time": "08:31:00.969",
        "InArea": "True"
    },
    {
        "x": "517",
        "y": "108",
        "Time": "08:31:01.022",
        "InArea": "True"
    },
    {
        "x": "515",
        "y": "108",
        "Time": "08:31:01.078",
        "InArea": "True"
    },
    {
        "x": "513",
        "y": "107",
        "Time": "08:31:01.129",
        "InArea": "True"
    },
    {
        "x": "510",
        "y": "107",
        "Time": "08:31:01.175",
        "InArea": "True"
    },
    {
        "x": "508",
        "y": "106",
        "Time": "08:31:01.216",
        "InArea": "True"
    },
    {
        "x": "506",
        "y": "106",
        "Time": "08:31:01.258",
        "InArea": "True"
    },
    {
        "x": "504",
        "y": "106",
        "Time": "08:31:01.311",
        "InArea": "True"
    },
    {
        "x": "503",
        "y": "105",
        "Time": "08:31:01.351",
        "InArea": "True"
    },
    {
        "x": "502",
        "y": "105",
        "Time": "08:31:01.398",
        "InArea": "True"
    },
    {
        "x": "501",
        "y": "103",
        "Time": "08:31:01.448",
        "InArea": "False"
    }
]