[
    {
        "x": "544",
        "y": "122",
        "Time": "07:36:48.279",
        "InArea": "True"
    },
    {
        "x": "543",
        "y": "122",
        "Time": "07:36:48.321",
        "InArea": "True"
    },
    {
        "x": "542",
        "y": "122",
        "Time": "07:36:48.368",
        "InArea": "True"
    },
    {
        "x": "542",
        "y": "122",
        "Time": "07:36:48.414",
        "InArea": "True"
    },
    {
        "x": "541",
        "y": "121",
        "Time": "07:36:48.459",
        "InArea": "True"
    },
    {
        "x": "541",
        "y": "121",
        "Time": "07:36:48.501",
        "InArea": "True"
    },
    {
        "x": "540",
        "y": "121",
        "Time": "07:36:48.549",
        "InArea": "True"
    },
    {
        "x": "539",
        "y": "121",
        "Time": "07:36:48.591",
        "InArea": "True"
    },
    {
        "x": "538",
        "y": "121",
        "Time": "07:36:48.645",
        "InArea": "True"
    },
    {
        "x": "537",
        "y": "121",
        "Time": "07:36:48.692",
        "InArea": "True"
    },
    {
        "x": "536",
        "y": "120",
        "Time": "07:36:48.732",
        "InArea": "True"
    },
    {
        "x": "536",
        "y": "120",
        "Time": "07:36:48.774",
        "InArea": "True"
    },
    {
        "x": "535",
        "y": "119",
        "Time": "07:36:48.819",
        "InArea": "True"
    },
    {
        "x": "533",
        "y": "119",
        "Time": "07:36:48.863",
        "InArea": "True"
    },
    {
        "x": "532",
        "y": "119",
        "Time": "07:36:48.905",
        "InArea": "True"
    },
    {
        "x": "530",
        "y": "118",
        "Time": "07:36:48.951",
        "InArea": "True"
    },
    {
        "x": "529",
        "y": "117",
        "Time": "07:36:48.996",
        "InArea": "True"
    },
    {
        "x": "527",
        "y": "116",
        "Time": "07:36:49.039",
        "InArea": "True"
    },
    {
        "x": "525",
        "y": "116",
        "Time": "07:36:49.093",
        "InArea": "True"
    },
    {
        "x": "524",
        "y": "115",
        "Time": "07:36:49.145",
        "InArea": "True"
    },
    {
        "x": "523",
        "y": "113",
        "Time": "07:36:49.199",
        "InArea": "True"
    },
    {
        "x": "522",
        "y": "111",
        "Time": "07:36:49.258",
        "InArea": "True"
    },
    {
        "x": "521",
        "y": "111",
        "Time": "07:36:49.309",
        "InArea": "True"
    },
    {
        "x": "519",
        "y": "110",
        "Time": "07:36:49.366",
        "InArea": "True"
    },
    {
        "x": "517",
        "y": "109",
        "Time": "07:36:49.420",
        "InArea": "True"
    },
    {
        "x": "515",
        "y": "109",
        "Time": "07:36:49.470",
        "InArea": "True"
    },
    {
        "x": "514",
        "y": "109",
        "Time": "07:36:49.513",
        "InArea": "True"
    },
    {
        "x": "514",
        "y": "107",
        "Time": "07:36:49.564",
        "InArea": "True"
    },
    {
        "x": "513",
        "y": "106",
        "Time": "07:36:49.618",
        "InArea": "True"
    },
    {
        "x": "512",
        "y": "105",
        "Time": "07:36:49.667",
        "InArea": "True"
    },
    {
        "x": "511",
        "y": "105",
        "Time": "07:36:49.712",
        "InArea": "True"
    },
    {
        "x": "509",
        "y": "101",
        "Time": "07:36:49.760",
        "InArea": "False"
    }
]