[
    {
        "x": "546",
        "y": "125",
        "Time": "08:27:14.139",
        "InArea": "True"
    },
    {
        "x": "547",
        "y": "125",
        "Time": "08:27:14.192",
        "InArea": "True"
    },
    {
        "x": "547",
        "y": "126",
        "Time": "08:27:14.237",
        "InArea": "True"
    },
    {
        "x": "547",
        "y": "126",
        "Time": "08:27:14.279",
        "InArea": "True"
    },
    {
        "x": "547",
        "y": "126",
        "Time": "08:27:14.322",
        "InArea": "True"
    },
    {
        "x": "547",
        "y": "126",
        "Time": "08:27:14.367",
        "InArea": "True"
    },
    {
        "x": "546",
        "y": "125",
        "Time": "08:27:14.415",
        "InArea": "True"
    },
    {
        "x": "546",
        "y": "125",
        "Time": "08:27:14.458",
        "InArea": "True"
    },
    {
        "x": "545",
        "y": "123",
        "Time": "08:27:14.502",
        "InArea": "True"
    },
    {
        "x": "545",
        "y": "123",
        "Time": "08:27:14.552",
        "InArea": "True"
    },
    {
        "x": "544",
        "y": "122",
        "Time": "08:27:14.597",
        "InArea": "True"
    },
    {
        "x": "544",
        "y": "121",
        "Time": "08:27:14.644",
        "InArea": "True"
    },
    {
        "x": "544",
        "y": "121",
        "Time": "08:27:14.688",
        "InArea": "True"
    },
    {
        "x": "544",
        "y": "120",
        "Time": "08:27:14.731",
        "InArea": "True"
    },
    {
        "x": "543",
        "y": "119",
        "Time": "08:27:14.777",
        "InArea": "True"
    },
    {
        "x": "543",
        "y": "119",
        "Time": "08:27:14.820",
        "InArea": "True"
    },
    {
        "x": "541",
        "y": "119",
        "Time": "08:27:14.866",
        "InArea": "True"
    },
    {
        "x": "540",
        "y": "118",
        "Time": "08:27:14.914",
        "InArea": "True"
    },
    {
        "x": "539",
        "y": "116",
        "Time": "08:27:14.955",
        "InArea": "True"
    },
    {
        "x": "537",
        "y": "116",
        "Time": "08:27:14.995",
        "InArea": "True"
    },
    {
        "x": "536",
        "y": "114",
        "Time": "08:27:15.049",
        "InArea": "True"
    },
    {
        "x": "535",
        "y": "113",
        "Time": "08:27:15.104",
        "InArea": "True"
    },
    {
        "x": "534",
        "y": "112",
        "Time": "08:27:15.149",
        "InArea": "True"
    },
    {
        "x": "531",
        "y": "110",
        "Time": "08:27:15.210",
        "InArea": "True"
    },
    {
        "x": "528",
        "y": "108",
        "Time": "08:27:15.253",
        "InArea": "True"
    },
    {
        "x": "526",
        "y": "107",
        "Time": "08:27:15.306",
        "InArea": "True"
    },
    {
        "x": "525",
        "y": "106",
        "Time": "08:27:15.359",
        "InArea": "True"
    },
    {
        "x": "523",
        "y": "106",
        "Time": "08:27:15.412",
        "InArea": "True"
    },
    {
        "x": "520",
        "y": "105",
        "Time": "08:27:15.464",
        "InArea": "True"
    },
    {
        "x": "518",
        "y": "105",
        "Time": "08:27:15.516",
        "InArea": "True"
    },
    {
        "x": "516",
        "y": "105",
        "Time": "08:27:15.563",
        "InArea": "True"
    },
    {
        "x": "512",
        "y": "102",
        "Time": "08:27:15.607",
        "InArea": "False"
    }
]