[
    {
        "x": "537",
        "y": "116",
        "Time": "08:01:21.661",
        "InArea": "True"
    },
    {
        "x": "536",
        "y": "115",
        "Time": "08:01:21.718",
        "InArea": "True"
    },
    {
        "x": "535",
        "y": "115",
        "Time": "08:01:21.767",
        "InArea": "True"
    },
    {
        "x": "534",
        "y": "115",
        "Time": "08:01:21.817",
        "InArea": "True"
    },
    {
        "x": "534",
        "y": "114",
        "Time": "08:01:21.859",
        "InArea": "True"
    },
    {
        "x": "534",
        "y": "114",
        "Time": "08:01:21.903",
        "InArea": "True"
    },
    {
        "x": "534",
        "y": "113",
        "Time": "08:01:21.951",
        "InArea": "True"
    },
    {
        "x": "533",
        "y": "112",
        "Time": "08:01:21.997",
        "InArea": "True"
    },
    {
        "x": "533",
        "y": "111",
        "Time": "08:01:22.039",
        "InArea": "True"
    },
    {
        "x": "533",
        "y": "111",
        "Time": "08:01:22.088",
        "InArea": "True"
    },
    {
        "x": "532",
        "y": "111",
        "Time": "08:01:22.136",
        "InArea": "True"
    },
    {
        "x": "530",
        "y": "111",
        "Time": "08:01:22.189",
        "InArea": "True"
    },
    {
        "x": "529",
        "y": "110",
        "Time": "08:01:22.235",
        "InArea": "True"
    },
    {
        "x": "530",
        "y": "109",
        "Time": "08:01:22.280",
        "InArea": "True"
    },
    {
        "x": "530",
        "y": "109",
        "Time": "08:01:22.322",
        "InArea": "True"
    },
    {
        "x": "529",
        "y": "109",
        "Time": "08:01:22.369",
        "InArea": "True"
    },
    {
        "x": "529",
        "y": "109",
        "Time": "08:01:22.471",
        "InArea": "True"
    },
    {
        "x": "528",
        "y": "108",
        "Time": "08:01:22.531",
        "InArea": "True"
    },
    {
        "x": "527",
        "y": "108",
        "Time": "08:01:22.585",
        "InArea": "True"
    },
    {
        "x": "526",
        "y": "107",
        "Time": "08:01:22.639",
        "InArea": "True"
    },
    {
        "x": "525",
        "y": "107",
        "Time": "08:01:22.690",
        "InArea": "True"
    },
    {
        "x": "524",
        "y": "107",
        "Time": "08:01:22.738",
        "InArea": "True"
    },
    {
        "x": "522",
        "y": "106",
        "Time": "08:01:22.785",
        "InArea": "True"
    },
    {
        "x": "521",
        "y": "106",
        "Time": "08:01:22.831",
        "InArea": "True"
    },
    {
        "x": "520",
        "y": "106",
        "Time": "08:01:22.869",
        "InArea": "True"
    },
    {
        "x": "519",
        "y": "106",
        "Time": "08:01:22.917",
        "InArea": "True"
    },
    {
        "x": "519",
        "y": "106",
        "Time": "08:01:22.959",
        "InArea": "True"
    },
    {
        "x": "519",
        "y": "106",
        "Time": "08:01:23.057",
        "InArea": "True"
    },
    {
        "x": "517",
        "y": "106",
        "Time": "08:01:23.112",
        "InArea": "True"
    },
    {
        "x": "516",
        "y": "105",
        "Time": "08:01:23.168",
        "InArea": "True"
    },
    {
        "x": "515",
        "y": "105",
        "Time": "08:01:23.214",
        "InArea": "True"
    },
    {
        "x": "513",
        "y": "104",
        "Time": "08:01:23.265",
        "InArea": "False"
    }
]