[
    {
        "x": "535",
        "y": "123",
        "Time": "06:15:05.618",
        "InArea": "True"
    },
    {
        "x": "534",
        "y": "123",
        "Time": "06:15:05.660",
        "InArea": "True"
    },
    {
        "x": "534",
        "y": "123",
        "Time": "06:15:05.748",
        "InArea": "True"
    },
    {
        "x": "533",
        "y": "123",
        "Time": "06:15:05.796",
        "InArea": "True"
    },
    {
        "x": "532",
        "y": "123",
        "Time": "06:15:05.849",
        "InArea": "True"
    },
    {
        "x": "531",
        "y": "123",
        "Time": "06:15:05.898",
        "InArea": "True"
    },
    {
        "x": "530",
        "y": "123",
        "Time": "06:15:05.942",
        "InArea": "True"
    },
    {
        "x": "530",
        "y": "123",
        "Time": "06:15:05.988",
        "InArea": "True"
    },
    {
        "x": "529",
        "y": "123",
        "Time": "06:15:06.027",
        "InArea": "True"
    },
    {
        "x": "529",
        "y": "123",
        "Time": "06:15:06.077",
        "InArea": "True"
    },
    {
        "x": "528",
        "y": "122",
        "Time": "06:15:06.125",
        "InArea": "True"
    },
    {
        "x": "528",
        "y": "121",
        "Time": "06:15:06.169",
        "InArea": "True"
    },
    {
        "x": "527",
        "y": "120",
        "Time": "06:15:06.219",
        "InArea": "True"
    },
    {
        "x": "525",
        "y": "119",
        "Time": "06:15:06.261",
        "InArea": "True"
    },
    {
        "x": "524",
        "y": "118",
        "Time": "06:15:06.305",
        "InArea": "True"
    },
    {
        "x": "524",
        "y": "118",
        "Time": "06:15:06.349",
        "InArea": "True"
    },
    {
        "x": "523",
        "y": "116",
        "Time": "06:15:06.392",
        "InArea": "True"
    },
    {
        "x": "523",
        "y": "115",
        "Time": "06:15:06.432",
        "InArea": "True"
    },
    {
        "x": "521",
        "y": "115",
        "Time": "06:15:06.472",
        "InArea": "True"
    },
    {
        "x": "520",
        "y": "115",
        "Time": "06:15:06.516",
        "InArea": "True"
    },
    {
        "x": "520",
        "y": "114",
        "Time": "06:15:06.566",
        "InArea": "True"
    },
    {
        "x": "519",
        "y": "113",
        "Time": "06:15:06.623",
        "InArea": "True"
    },
    {
        "x": "518",
        "y": "112",
        "Time": "06:15:06.673",
        "InArea": "True"
    },
    {
        "x": "517",
        "y": "111",
        "Time": "06:15:06.726",
        "InArea": "True"
    },
    {
        "x": "516",
        "y": "110",
        "Time": "06:15:06.779",
        "InArea": "True"
    },
    {
        "x": "515",
        "y": "110",
        "Time": "06:15:06.828",
        "InArea": "True"
    },
    {
        "x": "513",
        "y": "110",
        "Time": "06:15:06.876",
        "InArea": "True"
    },
    {
        "x": "511",
        "y": "108",
        "Time": "06:15:06.923",
        "InArea": "True"
    },
    {
        "x": "511",
        "y": "107",
        "Time": "06:15:06.972",
        "InArea": "True"
    },
    {
        "x": "510",
        "y": "106",
        "Time": "06:15:07.025",
        "InArea": "True"
    },
    {
        "x": "508",
        "y": "105",
        "Time": "06:15:07.074",
        "InArea": "False"
    },
    {
        "x": "504",
        "y": "102",
        "Time": "06:15:07.121",
        "InArea": "False"
    }
]