[
    {
        "x": "541",
        "y": "122",
        "Time": "07:00:04.284",
        "InArea": "True"
    },
    {
        "x": "540",
        "y": "121",
        "Time": "07:00:04.338",
        "InArea": "True"
    },
    {
        "x": "539",
        "y": "120",
        "Time": "07:00:04.383",
        "InArea": "True"
    },
    {
        "x": "539",
        "y": "120",
        "Time": "07:00:04.429",
        "InArea": "True"
    },
    {
        "x": "539",
        "y": "120",
        "Time": "07:00:04.475",
        "InArea": "True"
    },
    {
        "x": "538",
        "y": "119",
        "Time": "07:00:04.529",
        "InArea": "True"
    },
    {
        "x": "536",
        "y": "117",
        "Time": "07:00:04.581",
        "InArea": "True"
    },
    {
        "x": "535",
        "y": "116",
        "Time": "07:00:04.625",
        "InArea": "True"
    },
    {
        "x": "533",
        "y": "117",
        "Time": "07:00:04.664",
        "InArea": "True"
    },
    {
        "x": "532",
        "y": "115",
        "Time": "07:00:04.721",
        "InArea": "True"
    },
    {
        "x": "530",
        "y": "114",
        "Time": "07:00:04.762",
        "InArea": "True"
    },
    {
        "x": "528",
        "y": "114",
        "Time": "07:00:04.808",
        "InArea": "True"
    },
    {
        "x": "527",
        "y": "114",
        "Time": "07:00:04.856",
        "InArea": "True"
    },
    {
        "x": "527",
        "y": "113",
        "Time": "07:00:04.899",
        "InArea": "True"
    },
    {
        "x": "526",
        "y": "111",
        "Time": "07:00:04.946",
        "InArea": "True"
    },
    {
        "x": "525",
        "y": "111",
        "Time": "07:00:04.991",
        "InArea": "True"
    },
    {
        "x": "524",
        "y": "111",
        "Time": "07:00:05.030",
        "InArea": "True"
    },
    {
        "x": "524",
        "y": "110",
        "Time": "07:00:05.075",
        "InArea": "True"
    },
    {
        "x": "522",
        "y": "109",
        "Time": "07:00:05.124",
        "InArea": "True"
    },
    {
        "x": "520",
        "y": "109",
        "Time": "07:00:05.166",
        "InArea": "True"
    },
    {
        "x": "519",
        "y": "108",
        "Time": "07:00:05.215",
        "InArea": "True"
    },
    {
        "x": "518",
        "y": "108",
        "Time": "07:00:05.267",
        "InArea": "True"
    },
    {
        "x": "517",
        "y": "107",
        "Time": "07:00:05.315",
        "InArea": "True"
    },
    {
        "x": "517",
        "y": "107",
        "Time": "07:00:05.362",
        "InArea": "True"
    },
    {
        "x": "515",
        "y": "106",
        "Time": "07:00:05.409",
        "InArea": "True"
    },
    {
        "x": "514",
        "y": "106",
        "Time": "07:00:05.450",
        "InArea": "True"
    },
    {
        "x": "512",
        "y": "106",
        "Time": "07:00:05.491",
        "InArea": "True"
    },
    {
        "x": "512",
        "y": "106",
        "Time": "07:00:05.532",
        "InArea": "True"
    },
    {
        "x": "511",
        "y": "105",
        "Time": "07:00:05.574",
        "InArea": "False"
    },
    {
        "x": "510",
        "y": "105",
        "Time": "07:00:05.626",
        "InArea": "True"
    },
    {
        "x": "508",
        "y": "105",
        "Time": "07:00:05.682",
        "InArea": "True"
    },
    {
        "x": "506",
        "y": "104",
        "Time": "07:00:05.740",
        "InArea": "False"
    }
]