[
    {
        "x": "541",
        "y": "126",
        "Time": "08:05:47.502",
        "InArea": "True"
    },
    {
        "x": "540",
        "y": "125",
        "Time": "08:05:47.555",
        "InArea": "True"
    },
    {
        "x": "539",
        "y": "124",
        "Time": "08:05:47.619",
        "InArea": "True"
    },
    {
        "x": "538",
        "y": "124",
        "Time": "08:05:47.669",
        "InArea": "True"
    },
    {
        "x": "537",
        "y": "123",
        "Time": "08:05:47.717",
        "InArea": "True"
    },
    {
        "x": "537",
        "y": "122",
        "Time": "08:05:47.767",
        "InArea": "True"
    },
    {
        "x": "536",
        "y": "121",
        "Time": "08:05:47.817",
        "InArea": "True"
    },
    {
        "x": "536",
        "y": "121",
        "Time": "08:05:47.859",
        "InArea": "True"
    },
    {
        "x": "535",
        "y": "121",
        "Time": "08:05:47.921",
        "InArea": "True"
    },
    {
        "x": "534",
        "y": "120",
        "Time": "08:05:47.963",
        "InArea": "True"
    },
    {
        "x": "533",
        "y": "119",
        "Time": "08:05:48.011",
        "InArea": "True"
    },
    {
        "x": "533",
        "y": "119",
        "Time": "08:05:48.053",
        "InArea": "True"
    },
    {
        "x": "531",
        "y": "118",
        "Time": "08:05:48.099",
        "InArea": "True"
    },
    {
        "x": "530",
        "y": "117",
        "Time": "08:05:48.137",
        "InArea": "True"
    },
    {
        "x": "529",
        "y": "115",
        "Time": "08:05:48.183",
        "InArea": "True"
    },
    {
        "x": "528",
        "y": "114",
        "Time": "08:05:48.224",
        "InArea": "True"
    },
    {
        "x": "527",
        "y": "114",
        "Time": "08:05:48.272",
        "InArea": "True"
    },
    {
        "x": "526",
        "y": "114",
        "Time": "08:05:48.326",
        "InArea": "True"
    },
    {
        "x": "523",
        "y": "114",
        "Time": "08:05:48.371",
        "InArea": "True"
    },
    {
        "x": "522",
        "y": "113",
        "Time": "08:05:48.418",
        "InArea": "True"
    },
    {
        "x": "521",
        "y": "113",
        "Time": "08:05:48.464",
        "InArea": "True"
    },
    {
        "x": "520",
        "y": "112",
        "Time": "08:05:48.514",
        "InArea": "True"
    },
    {
        "x": "517",
        "y": "110",
        "Time": "08:05:48.558",
        "InArea": "True"
    },
    {
        "x": "515",
        "y": "109",
        "Time": "08:05:48.614",
        "InArea": "True"
    },
    {
        "x": "514",
        "y": "109",
        "Time": "08:05:48.660",
        "InArea": "True"
    },
    {
        "x": "510",
        "y": "108",
        "Time": "08:05:48.707",
        "InArea": "True"
    },
    {
        "x": "508",
        "y": "107",
        "Time": "08:05:48.754",
        "InArea": "True"
    },
    {
        "x": "506",
        "y": "106",
        "Time": "08:05:48.814",
        "InArea": "True"
    },
    {
        "x": "505",
        "y": "106",
        "Time": "08:05:48.866",
        "InArea": "True"
    },
    {
        "x": "504",
        "y": "105",
        "Time": "08:05:48.915",
        "InArea": "True"
    },
    {
        "x": "503",
        "y": "105",
        "Time": "08:05:48.961",
        "InArea": "True"
    },
    {
        "x": "501",
        "y": "102",
        "Time": "08:05:49.009",
        "InArea": "False"
    }
]