[
    {
        "x": "534",
        "y": "126",
        "Time": "07:36:07.553",
        "InArea": "True"
    },
    {
        "x": "533",
        "y": "125",
        "Time": "07:36:07.597",
        "InArea": "True"
    },
    {
        "x": "532",
        "y": "124",
        "Time": "07:36:07.643",
        "InArea": "True"
    },
    {
        "x": "531",
        "y": "123",
        "Time": "07:36:07.687",
        "InArea": "True"
    },
    {
        "x": "530",
        "y": "123",
        "Time": "07:36:07.736",
        "InArea": "True"
    },
    {
        "x": "529",
        "y": "122",
        "Time": "07:36:07.796",
        "InArea": "True"
    },
    {
        "x": "529",
        "y": "120",
        "Time": "07:36:07.853",
        "InArea": "True"
    },
    {
        "x": "529",
        "y": "119",
        "Time": "07:36:07.910",
        "InArea": "True"
    },
    {
        "x": "528",
        "y": "119",
        "Time": "07:36:07.962",
        "InArea": "True"
    },
    {
        "x": "526",
        "y": "119",
        "Time": "07:36:08.022",
        "InArea": "True"
    },
    {
        "x": "525",
        "y": "117",
        "Time": "07:36:08.069",
        "InArea": "True"
    },
    {
        "x": "525",
        "y": "116",
        "Time": "07:36:08.120",
        "InArea": "True"
    },
    {
        "x": "525",
        "y": "116",
        "Time": "07:36:08.176",
        "InArea": "True"
    },
    {
        "x": "523",
        "y": "114",
        "Time": "07:36:08.227",
        "InArea": "True"
    },
    {
        "x": "523",
        "y": "113",
        "Time": "07:36:08.271",
        "InArea": "True"
    },
    {
        "x": "523",
        "y": "113",
        "Time": "07:36:08.311",
        "InArea": "True"
    },
    {
        "x": "520",
        "y": "112",
        "Time": "07:36:08.358",
        "InArea": "True"
    },
    {
        "x": "518",
        "y": "112",
        "Time": "07:36:08.398",
        "InArea": "True"
    },
    {
        "x": "516",
        "y": "111",
        "Time": "07:36:08.449",
        "InArea": "True"
    },
    {
        "x": "515",
        "y": "110",
        "Time": "07:36:08.502",
        "InArea": "True"
    },
    {
        "x": "513",
        "y": "110",
        "Time": "07:36:08.545",
        "InArea": "True"
    },
    {
        "x": "512",
        "y": "110",
        "Time": "07:36:08.587",
        "InArea": "True"
    },
    {
        "x": "510",
        "y": "110",
        "Time": "07:36:08.637",
        "InArea": "True"
    },
    {
        "x": "508",
        "y": "110",
        "Time": "07:36:08.689",
        "InArea": "True"
    },
    {
        "x": "507",
        "y": "109",
        "Time": "07:36:08.731",
        "InArea": "True"
    },
    {
        "x": "506",
        "y": "108",
        "Time": "07:36:08.779",
        "InArea": "True"
    },
    {
        "x": "505",
        "y": "108",
        "Time": "07:36:08.827",
        "InArea": "True"
    },
    {
        "x": "503",
        "y": "107",
        "Time": "07:36:08.870",
        "InArea": "True"
    },
    {
        "x": "501",
        "y": "106",
        "Time": "07:36:08.920",
        "InArea": "True"
    },
    {
        "x": "500",
        "y": "105",
        "Time": "07:36:08.966",
        "InArea": "True"
    },
    {
        "x": "499",
        "y": "105",
        "Time": "07:36:09.015",
        "InArea": "True"
    },
    {
        "x": "498",
        "y": "104",
        "Time": "07:36:09.074",
        "InArea": "False"
    }
]