[
    {
        "x": "544",
        "y": "128",
        "Time": "07:18:10.570",
        "InArea": "True"
    },
    {
        "x": "544",
        "y": "128",
        "Time": "07:18:10.620",
        "InArea": "True"
    },
    {
        "x": "544",
        "y": "128",
        "Time": "07:18:10.661",
        "InArea": "True"
    },
    {
        "x": "544",
        "y": "128",
        "Time": "07:18:10.701",
        "InArea": "True"
    },
    {
        "x": "542",
        "y": "128",
        "Time": "07:18:10.750",
        "InArea": "True"
    },
    {
        "x": "542",
        "y": "127",
        "Time": "07:18:10.792",
        "InArea": "True"
    },
    {
        "x": "542",
        "y": "127",
        "Time": "07:18:10.838",
        "InArea": "True"
    },
    {
        "x": "541",
        "y": "127",
        "Time": "07:18:10.887",
        "InArea": "True"
    },
    {
        "x": "540",
        "y": "126",
        "Time": "07:18:10.932",
        "InArea": "True"
    },
    {
        "x": "539",
        "y": "126",
        "Time": "07:18:10.976",
        "InArea": "True"
    },
    {
        "x": "538",
        "y": "125",
        "Time": "07:18:11.026",
        "InArea": "True"
    },
    {
        "x": "538",
        "y": "124",
        "Time": "07:18:11.072",
        "InArea": "True"
    },
    {
        "x": "538",
        "y": "123",
        "Time": "07:18:11.110",
        "InArea": "True"
    },
    {
        "x": "537",
        "y": "122",
        "Time": "07:18:11.158",
        "InArea": "True"
    },
    {
        "x": "537",
        "y": "121",
        "Time": "07:18:11.204",
        "InArea": "True"
    },
    {
        "x": "536",
        "y": "120",
        "Time": "07:18:11.254",
        "InArea": "True"
    },
    {
        "x": "535",
        "y": "119",
        "Time": "07:18:11.301",
        "InArea": "True"
    },
    {
        "x": "534",
        "y": "118",
        "Time": "07:18:11.351",
        "InArea": "True"
    },
    {
        "x": "532",
        "y": "117",
        "Time": "07:18:11.400",
        "InArea": "True"
    },
    {
        "x": "530",
        "y": "116",
        "Time": "07:18:11.440",
        "InArea": "True"
    },
    {
        "x": "529",
        "y": "116",
        "Time": "07:18:11.487",
        "InArea": "True"
    },
    {
        "x": "528",
        "y": "115",
        "Time": "07:18:11.538",
        "InArea": "True"
    },
    {
        "x": "526",
        "y": "114",
        "Time": "07:18:11.586",
        "InArea": "True"
    },
    {
        "x": "524",
        "y": "113",
        "Time": "07:18:11.627",
        "InArea": "True"
    },
    {
        "x": "522",
        "y": "112",
        "Time": "07:18:11.673",
        "InArea": "True"
    },
    {
        "x": "521",
        "y": "111",
        "Time": "07:18:11.727",
        "InArea": "True"
    },
    {
        "x": "521",
        "y": "110",
        "Time": "07:18:11.771",
        "InArea": "True"
    },
    {
        "x": "518",
        "y": "108",
        "Time": "07:18:11.816",
        "InArea": "True"
    },
    {
        "x": "517",
        "y": "107",
        "Time": "07:18:11.874",
        "InArea": "True"
    },
    {
        "x": "514",
        "y": "107",
        "Time": "07:18:11.928",
        "InArea": "True"
    },
    {
        "x": "513",
        "y": "105",
        "Time": "07:18:11.979",
        "InArea": "False"
    },
    {
        "x": "512",
        "y": "104",
        "Time": "07:18:12.030",
        "InArea": "False"
    }
]