[
    {
        "x": "549",
        "y": "126",
        "Time": "20:30:56.595",
        "InArea": "True"
    },
    {
        "x": "548",
        "y": "126",
        "Time": "20:30:56.645",
        "InArea": "True"
    },
    {
        "x": "548",
        "y": "125",
        "Time": "20:30:56.690",
        "InArea": "True"
    },
    {
        "x": "548",
        "y": "125",
        "Time": "20:30:56.737",
        "InArea": "True"
    },
    {
        "x": "548",
        "y": "124",
        "Time": "20:30:56.777",
        "InArea": "True"
    },
    {
        "x": "548",
        "y": "123",
        "Time": "20:30:56.821",
        "InArea": "True"
    },
    {
        "x": "548",
        "y": "123",
        "Time": "20:30:56.873",
        "InArea": "True"
    },
    {
        "x": "547",
        "y": "123",
        "Time": "20:30:56.919",
        "InArea": "True"
    },
    {
        "x": "546",
        "y": "124",
        "Time": "20:30:56.967",
        "InArea": "True"
    },
    {
        "x": "545",
        "y": "123",
        "Time": "20:30:57.019",
        "InArea": "True"
    },
    {
        "x": "544",
        "y": "122",
        "Time": "20:30:57.068",
        "InArea": "True"
    },
    {
        "x": "544",
        "y": "121",
        "Time": "20:30:57.108",
        "InArea": "True"
    },
    {
        "x": "543",
        "y": "121",
        "Time": "20:30:57.152",
        "InArea": "True"
    },
    {
        "x": "543",
        "y": "121",
        "Time": "20:30:57.194",
        "InArea": "True"
    },
    {
        "x": "542",
        "y": "120",
        "Time": "20:30:57.244",
        "InArea": "True"
    },
    {
        "x": "541",
        "y": "119",
        "Time": "20:30:57.291",
        "InArea": "True"
    },
    {
        "x": "540",
        "y": "118",
        "Time": "20:30:57.330",
        "InArea": "True"
    },
    {
        "x": "539",
        "y": "117",
        "Time": "20:30:57.378",
        "InArea": "True"
    },
    {
        "x": "537",
        "y": "115",
        "Time": "20:30:57.428",
        "InArea": "True"
    },
    {
        "x": "535",
        "y": "114",
        "Time": "20:30:57.473",
        "InArea": "True"
    },
    {
        "x": "533",
        "y": "113",
        "Time": "20:30:57.518",
        "InArea": "True"
    },
    {
        "x": "531",
        "y": "112",
        "Time": "20:30:57.558",
        "InArea": "True"
    },
    {
        "x": "530",
        "y": "111",
        "Time": "20:30:57.601",
        "InArea": "True"
    },
    {
        "x": "529",
        "y": "111",
        "Time": "20:30:57.661",
        "InArea": "True"
    },
    {
        "x": "528",
        "y": "110",
        "Time": "20:30:57.703",
        "InArea": "True"
    },
    {
        "x": "526",
        "y": "109",
        "Time": "20:30:57.750",
        "InArea": "True"
    },
    {
        "x": "525",
        "y": "109",
        "Time": "20:30:57.792",
        "InArea": "True"
    },
    {
        "x": "524",
        "y": "109",
        "Time": "20:30:57.843",
        "InArea": "True"
    },
    {
        "x": "522",
        "y": "108",
        "Time": "20:30:57.899",
        "InArea": "True"
    },
    {
        "x": "519",
        "y": "106",
        "Time": "20:30:57.961",
        "InArea": "False"
    },
    {
        "x": "516",
        "y": "105",
        "Time": "20:30:58.006",
        "InArea": "True"
    },
    {
        "x": "515",
        "y": "104",
        "Time": "20:30:58.053",
        "InArea": "False"
    }
]