[
    {
        "x": "570",
        "y": "130",
        "Time": "06:59:46.028",
        "InArea": "True"
    },
    {
        "x": "569",
        "y": "130",
        "Time": "06:59:46.073",
        "InArea": "True"
    },
    {
        "x": "568",
        "y": "129",
        "Time": "06:59:46.116",
        "InArea": "True"
    },
    {
        "x": "567",
        "y": "128",
        "Time": "06:59:46.162",
        "InArea": "True"
    },
    {
        "x": "567",
        "y": "127",
        "Time": "06:59:46.207",
        "InArea": "True"
    },
    {
        "x": "567",
        "y": "127",
        "Time": "06:59:46.255",
        "InArea": "True"
    },
    {
        "x": "566",
        "y": "127",
        "Time": "06:59:46.302",
        "InArea": "True"
    },
    {
        "x": "564",
        "y": "126",
        "Time": "06:59:46.354",
        "InArea": "True"
    },
    {
        "x": "563",
        "y": "125",
        "Time": "06:59:46.400",
        "InArea": "True"
    },
    {
        "x": "562",
        "y": "125",
        "Time": "06:59:46.454",
        "InArea": "True"
    },
    {
        "x": "562",
        "y": "125",
        "Time": "06:59:46.493",
        "InArea": "True"
    },
    {
        "x": "560",
        "y": "125",
        "Time": "06:59:46.539",
        "InArea": "True"
    },
    {
        "x": "560",
        "y": "123",
        "Time": "06:59:46.588",
        "InArea": "True"
    },
    {
        "x": "560",
        "y": "122",
        "Time": "06:59:46.631",
        "InArea": "True"
    },
    {
        "x": "554",
        "y": "122",
        "Time": "06:59:46.681",
        "InArea": "True"
    },
    {
        "x": "551",
        "y": "121",
        "Time": "06:59:46.727",
        "InArea": "True"
    },
    {
        "x": "549",
        "y": "120",
        "Time": "06:59:46.771",
        "InArea": "True"
    },
    {
        "x": "548",
        "y": "119",
        "Time": "06:59:46.814",
        "InArea": "True"
    },
    {
        "x": "547",
        "y": "118",
        "Time": "06:59:46.859",
        "InArea": "True"
    },
    {
        "x": "547",
        "y": "117",
        "Time": "06:59:46.901",
        "InArea": "True"
    },
    {
        "x": "546",
        "y": "116",
        "Time": "06:59:46.943",
        "InArea": "True"
    },
    {
        "x": "545",
        "y": "114",
        "Time": "06:59:46.999",
        "InArea": "True"
    },
    {
        "x": "545",
        "y": "113",
        "Time": "06:59:47.049",
        "InArea": "True"
    },
    {
        "x": "542",
        "y": "111",
        "Time": "06:59:47.098",
        "InArea": "True"
    },
    {
        "x": "539",
        "y": "110",
        "Time": "06:59:47.145",
        "InArea": "True"
    },
    {
        "x": "536",
        "y": "109",
        "Time": "06:59:47.194",
        "InArea": "True"
    },
    {
        "x": "534",
        "y": "109",
        "Time": "06:59:47.237",
        "InArea": "True"
    },
    {
        "x": "532",
        "y": "108",
        "Time": "06:59:47.288",
        "InArea": "True"
    },
    {
        "x": "529",
        "y": "107",
        "Time": "06:59:47.338",
        "InArea": "True"
    },
    {
        "x": "526",
        "y": "106",
        "Time": "06:59:47.397",
        "InArea": "True"
    },
    {
        "x": "525",
        "y": "105",
        "Time": "06:59:47.449",
        "InArea": "True"
    },
    {
        "x": "523",
        "y": "102",
        "Time": "06:59:47.502",
        "InArea": "False"
    }
]