[
    {
        "x": "539",
        "y": "123",
        "Time": "08:01:34.678",
        "InArea": "True"
    },
    {
        "x": "538",
        "y": "122",
        "Time": "08:01:34.730",
        "InArea": "True"
    },
    {
        "x": "537",
        "y": "122",
        "Time": "08:01:34.777",
        "InArea": "True"
    },
    {
        "x": "537",
        "y": "122",
        "Time": "08:01:34.820",
        "InArea": "True"
    },
    {
        "x": "536",
        "y": "121",
        "Time": "08:01:34.865",
        "InArea": "True"
    },
    {
        "x": "535",
        "y": "121",
        "Time": "08:01:34.917",
        "InArea": "True"
    },
    {
        "x": "535",
        "y": "120",
        "Time": "08:01:34.965",
        "InArea": "True"
    },
    {
        "x": "535",
        "y": "120",
        "Time": "08:01:35.010",
        "InArea": "True"
    },
    {
        "x": "535",
        "y": "120",
        "Time": "08:01:35.048",
        "InArea": "True"
    },
    {
        "x": "535",
        "y": "120",
        "Time": "08:01:35.142",
        "InArea": "True"
    },
    {
        "x": "533",
        "y": "119",
        "Time": "08:01:35.188",
        "InArea": "True"
    },
    {
        "x": "532",
        "y": "119",
        "Time": "08:01:35.230",
        "InArea": "True"
    },
    {
        "x": "531",
        "y": "118",
        "Time": "08:01:35.284",
        "InArea": "True"
    },
    {
        "x": "529",
        "y": "117",
        "Time": "08:01:35.334",
        "InArea": "True"
    },
    {
        "x": "528",
        "y": "115",
        "Time": "08:01:35.386",
        "InArea": "True"
    },
    {
        "x": "525",
        "y": "114",
        "Time": "08:01:35.436",
        "InArea": "True"
    },
    {
        "x": "524",
        "y": "114",
        "Time": "08:01:35.491",
        "InArea": "True"
    },
    {
        "x": "523",
        "y": "113",
        "Time": "08:01:35.534",
        "InArea": "True"
    },
    {
        "x": "522",
        "y": "113",
        "Time": "08:01:35.582",
        "InArea": "True"
    },
    {
        "x": "520",
        "y": "113",
        "Time": "08:01:35.625",
        "InArea": "True"
    },
    {
        "x": "517",
        "y": "112",
        "Time": "08:01:35.666",
        "InArea": "True"
    },
    {
        "x": "515",
        "y": "111",
        "Time": "08:01:35.716",
        "InArea": "True"
    },
    {
        "x": "514",
        "y": "110",
        "Time": "08:01:35.760",
        "InArea": "True"
    },
    {
        "x": "512",
        "y": "109",
        "Time": "08:01:35.822",
        "InArea": "True"
    },
    {
        "x": "510",
        "y": "108",
        "Time": "08:01:35.873",
        "InArea": "True"
    },
    {
        "x": "509",
        "y": "108",
        "Time": "08:01:35.928",
        "InArea": "True"
    },
    {
        "x": "506",
        "y": "108",
        "Time": "08:01:35.967",
        "InArea": "True"
    },
    {
        "x": "503",
        "y": "107",
        "Time": "08:01:36.006",
        "InArea": "True"
    },
    {
        "x": "502",
        "y": "106",
        "Time": "08:01:36.051",
        "InArea": "True"
    },
    {
        "x": "502",
        "y": "106",
        "Time": "08:01:36.095",
        "InArea": "True"
    },
    {
        "x": "501",
        "y": "106",
        "Time": "08:01:36.134",
        "InArea": "True"
    },
    {
        "x": "500",
        "y": "102",
        "Time": "08:01:36.177",
        "InArea": "False"
    }
]