[
    {
        "x": "522",
        "y": "111",
        "Time": "07:41:40.582",
        "InArea": "True"
    },
    {
        "x": "522",
        "y": "111",
        "Time": "07:41:40.626",
        "InArea": "True"
    },
    {
        "x": "522",
        "y": "111",
        "Time": "07:41:40.711",
        "InArea": "True"
    },
    {
        "x": "522",
        "y": "111",
        "Time": "07:41:40.759",
        "InArea": "True"
    },
    {
        "x": "522",
        "y": "111",
        "Time": "07:41:40.804",
        "InArea": "True"
    },
    {
        "x": "522",
        "y": "111",
        "Time": "07:41:40.844",
        "InArea": "True"
    },
    {
        "x": "522",
        "y": "111",
        "Time": "07:41:40.888",
        "InArea": "True"
    },
    {
        "x": "523",
        "y": "111",
        "Time": "07:41:40.929",
        "InArea": "True"
    },
    {
        "x": "524",
        "y": "111",
        "Time": "07:41:40.975",
        "InArea": "True"
    },
    {
        "x": "526",
        "y": "111",
        "Time": "07:41:41.026",
        "InArea": "True"
    },
    {
        "x": "527",
        "y": "111",
        "Time": "07:41:41.075",
        "InArea": "True"
    },
    {
        "x": "527",
        "y": "111",
        "Time": "07:41:41.125",
        "InArea": "True"
    },
    {
        "x": "526",
        "y": "110",
        "Time": "07:41:41.182",
        "InArea": "True"
    },
    {
        "x": "526",
        "y": "110",
        "Time": "07:41:41.272",
        "InArea": "True"
    },
    {
        "x": "526",
        "y": "110",
        "Time": "07:41:41.327",
        "InArea": "True"
    },
    {
        "x": "526",
        "y": "109",
        "Time": "07:41:41.370",
        "InArea": "True"
    },
    {
        "x": "526",
        "y": "109",
        "Time": "07:41:41.469",
        "InArea": "True"
    },
    {
        "x": "526",
        "y": "109",
        "Time": "07:41:41.523",
        "InArea": "True"
    },
    {
        "x": "527",
        "y": "109",
        "Time": "07:41:41.566",
        "InArea": "True"
    },
    {
        "x": "526",
        "y": "108",
        "Time": "07:41:41.610",
        "InArea": "True"
    },
    {
        "x": "526",
        "y": "108",
        "Time": "07:41:41.655",
        "InArea": "True"
    },
    {
        "x": "526",
        "y": "108",
        "Time": "07:41:41.701",
        "InArea": "True"
    },
    {
        "x": "524",
        "y": "107",
        "Time": "07:41:41.758",
        "InArea": "True"
    },
    {
        "x": "524",
        "y": "107",
        "Time": "07:41:41.800",
        "InArea": "True"
    },
    {
        "x": "523",
        "y": "107",
        "Time": "07:41:41.842",
        "InArea": "True"
    },
    {
        "x": "523",
        "y": "107",
        "Time": "07:41:41.932",
        "InArea": "True"
    },
    {
        "x": "522",
        "y": "106",
        "Time": "07:41:41.979",
        "InArea": "True"
    },
    {
        "x": "520",
        "y": "106",
        "Time": "07:41:42.030",
        "InArea": "True"
    },
    {
        "x": "519",
        "y": "106",
        "Time": "07:41:42.077",
        "InArea": "True"
    },
    {
        "x": "518",
        "y": "105",
        "Time": "07:41:42.117",
        "InArea": "True"
    },
    {
        "x": "518",
        "y": "105",
        "Time": "07:41:42.162",
        "InArea": "True"
    },
    {
        "x": "518",
        "y": "104",
        "Time": "07:41:42.208",
        "InArea": "False"
    }
]