[
    {
        "x": "539",
        "y": "126",
        "Time": "07:38:38.764",
        "InArea": "True"
    },
    {
        "x": "538",
        "y": "126",
        "Time": "07:38:38.808",
        "InArea": "True"
    },
    {
        "x": "536",
        "y": "125",
        "Time": "07:38:38.865",
        "InArea": "True"
    },
    {
        "x": "535",
        "y": "124",
        "Time": "07:38:38.905",
        "InArea": "True"
    },
    {
        "x": "535",
        "y": "123",
        "Time": "07:38:38.950",
        "InArea": "True"
    },
    {
        "x": "533",
        "y": "122",
        "Time": "07:38:39.002",
        "InArea": "True"
    },
    {
        "x": "532",
        "y": "119",
        "Time": "07:38:39.059",
        "InArea": "True"
    },
    {
        "x": "531",
        "y": "118",
        "Time": "07:38:39.109",
        "InArea": "True"
    },
    {
        "x": "530",
        "y": "117",
        "Time": "07:38:39.159",
        "InArea": "True"
    },
    {
        "x": "529",
        "y": "117",
        "Time": "07:38:39.203",
        "InArea": "True"
    },
    {
        "x": "528",
        "y": "116",
        "Time": "07:38:39.246",
        "InArea": "True"
    },
    {
        "x": "527",
        "y": "116",
        "Time": "07:38:39.300",
        "InArea": "True"
    },
    {
        "x": "527",
        "y": "116",
        "Time": "07:38:39.344",
        "InArea": "True"
    },
    {
        "x": "526",
        "y": "116",
        "Time": "07:38:39.384",
        "InArea": "True"
    },
    {
        "x": "524",
        "y": "114",
        "Time": "07:38:39.435",
        "InArea": "True"
    },
    {
        "x": "523",
        "y": "113",
        "Time": "07:38:39.474",
        "InArea": "True"
    },
    {
        "x": "522",
        "y": "112",
        "Time": "07:38:39.533",
        "InArea": "True"
    },
    {
        "x": "520",
        "y": "111",
        "Time": "07:38:39.588",
        "InArea": "True"
    },
    {
        "x": "518",
        "y": "110",
        "Time": "07:38:39.631",
        "InArea": "True"
    },
    {
        "x": "517",
        "y": "110",
        "Time": "07:38:39.672",
        "InArea": "True"
    },
    {
        "x": "516",
        "y": "110",
        "Time": "07:38:39.710",
        "InArea": "True"
    },
    {
        "x": "514",
        "y": "109",
        "Time": "07:38:39.759",
        "InArea": "True"
    },
    {
        "x": "513",
        "y": "108",
        "Time": "07:38:39.803",
        "InArea": "True"
    },
    {
        "x": "510",
        "y": "107",
        "Time": "07:38:39.864",
        "InArea": "True"
    },
    {
        "x": "509",
        "y": "107",
        "Time": "07:38:39.904",
        "InArea": "True"
    },
    {
        "x": "507",
        "y": "107",
        "Time": "07:38:39.950",
        "InArea": "True"
    },
    {
        "x": "504",
        "y": "106",
        "Time": "07:38:39.996",
        "InArea": "True"
    },
    {
        "x": "502",
        "y": "106",
        "Time": "07:38:40.037",
        "InArea": "True"
    },
    {
        "x": "500",
        "y": "105",
        "Time": "07:38:40.083",
        "InArea": "True"
    },
    {
        "x": "499",
        "y": "105",
        "Time": "07:38:40.135",
        "InArea": "True"
    },
    {
        "x": "498",
        "y": "105",
        "Time": "07:38:40.183",
        "InArea": "True"
    },
    {
        "x": "497",
        "y": "103",
        "Time": "07:38:40.224",
        "InArea": "False"
    }
]