[
    {
        "x": "546",
        "y": "124",
        "Time": "07:03:34.014",
        "InArea": "True"
    },
    {
        "x": "546",
        "y": "123",
        "Time": "07:03:34.057",
        "InArea": "True"
    },
    {
        "x": "546",
        "y": "123",
        "Time": "07:03:34.103",
        "InArea": "True"
    },
    {
        "x": "545",
        "y": "123",
        "Time": "07:03:34.153",
        "InArea": "True"
    },
    {
        "x": "545",
        "y": "123",
        "Time": "07:03:34.190",
        "InArea": "True"
    },
    {
        "x": "544",
        "y": "123",
        "Time": "07:03:34.236",
        "InArea": "True"
    },
    {
        "x": "544",
        "y": "122",
        "Time": "07:03:34.285",
        "InArea": "True"
    },
    {
        "x": "545",
        "y": "122",
        "Time": "07:03:34.331",
        "InArea": "True"
    },
    {
        "x": "544",
        "y": "122",
        "Time": "07:03:34.375",
        "InArea": "True"
    },
    {
        "x": "544",
        "y": "121",
        "Time": "07:03:34.419",
        "InArea": "True"
    },
    {
        "x": "544",
        "y": "120",
        "Time": "07:03:34.465",
        "InArea": "True"
    },
    {
        "x": "543",
        "y": "120",
        "Time": "07:03:34.521",
        "InArea": "True"
    },
    {
        "x": "542",
        "y": "120",
        "Time": "07:03:34.567",
        "InArea": "True"
    },
    {
        "x": "542",
        "y": "120",
        "Time": "07:03:34.700",
        "InArea": "True"
    },
    {
        "x": "541",
        "y": "119",
        "Time": "07:03:34.752",
        "InArea": "True"
    },
    {
        "x": "540",
        "y": "118",
        "Time": "07:03:34.789",
        "InArea": "True"
    },
    {
        "x": "539",
        "y": "118",
        "Time": "07:03:34.836",
        "InArea": "True"
    },
    {
        "x": "537",
        "y": "117",
        "Time": "07:03:34.886",
        "InArea": "True"
    },
    {
        "x": "535",
        "y": "116",
        "Time": "07:03:34.939",
        "InArea": "True"
    },
    {
        "x": "533",
        "y": "115",
        "Time": "07:03:34.984",
        "InArea": "True"
    },
    {
        "x": "531",
        "y": "115",
        "Time": "07:03:35.027",
        "InArea": "True"
    },
    {
        "x": "529",
        "y": "113",
        "Time": "07:03:35.071",
        "InArea": "True"
    },
    {
        "x": "528",
        "y": "112",
        "Time": "07:03:35.115",
        "InArea": "True"
    },
    {
        "x": "528",
        "y": "111",
        "Time": "07:03:35.162",
        "InArea": "True"
    },
    {
        "x": "526",
        "y": "110",
        "Time": "07:03:35.205",
        "InArea": "True"
    },
    {
        "x": "525",
        "y": "110",
        "Time": "07:03:35.248",
        "InArea": "True"
    },
    {
        "x": "523",
        "y": "108",
        "Time": "07:03:35.291",
        "InArea": "True"
    },
    {
        "x": "521",
        "y": "107",
        "Time": "07:03:35.335",
        "InArea": "True"
    },
    {
        "x": "520",
        "y": "107",
        "Time": "07:03:35.379",
        "InArea": "True"
    },
    {
        "x": "519",
        "y": "106",
        "Time": "07:03:35.427",
        "InArea": "True"
    },
    {
        "x": "516",
        "y": "105",
        "Time": "07:03:35.478",
        "InArea": "True"
    },
    {
        "x": "512",
        "y": "104",
        "Time": "07:03:35.525",
        "InArea": "False"
    }
]