[
    {
        "x": "535",
        "y": "125",
        "Time": "07:42:14.695",
        "InArea": "True"
    },
    {
        "x": "533",
        "y": "123",
        "Time": "07:42:14.742",
        "InArea": "True"
    },
    {
        "x": "533",
        "y": "123",
        "Time": "07:42:14.837",
        "InArea": "True"
    },
    {
        "x": "532",
        "y": "122",
        "Time": "07:42:14.878",
        "InArea": "True"
    },
    {
        "x": "531",
        "y": "121",
        "Time": "07:42:14.946",
        "InArea": "True"
    },
    {
        "x": "530",
        "y": "120",
        "Time": "07:42:14.996",
        "InArea": "True"
    },
    {
        "x": "529",
        "y": "119",
        "Time": "07:42:15.041",
        "InArea": "True"
    },
    {
        "x": "528",
        "y": "118",
        "Time": "07:42:15.087",
        "InArea": "True"
    },
    {
        "x": "527",
        "y": "119",
        "Time": "07:42:15.131",
        "InArea": "True"
    },
    {
        "x": "527",
        "y": "119",
        "Time": "07:42:15.170",
        "InArea": "True"
    },
    {
        "x": "526",
        "y": "117",
        "Time": "07:42:15.217",
        "InArea": "True"
    },
    {
        "x": "525",
        "y": "116",
        "Time": "07:42:15.264",
        "InArea": "True"
    },
    {
        "x": "524",
        "y": "115",
        "Time": "07:42:15.313",
        "InArea": "True"
    },
    {
        "x": "523",
        "y": "114",
        "Time": "07:42:15.360",
        "InArea": "True"
    },
    {
        "x": "522",
        "y": "114",
        "Time": "07:42:15.415",
        "InArea": "True"
    },
    {
        "x": "522",
        "y": "113",
        "Time": "07:42:15.457",
        "InArea": "True"
    },
    {
        "x": "521",
        "y": "112",
        "Time": "07:42:15.502",
        "InArea": "True"
    },
    {
        "x": "519",
        "y": "111",
        "Time": "07:42:15.544",
        "InArea": "True"
    },
    {
        "x": "518",
        "y": "111",
        "Time": "07:42:15.596",
        "InArea": "True"
    },
    {
        "x": "517",
        "y": "110",
        "Time": "07:42:15.653",
        "InArea": "True"
    },
    {
        "x": "517",
        "y": "110",
        "Time": "07:42:15.695",
        "InArea": "True"
    },
    {
        "x": "515",
        "y": "109",
        "Time": "07:42:15.738",
        "InArea": "True"
    },
    {
        "x": "513",
        "y": "109",
        "Time": "07:42:15.783",
        "InArea": "True"
    },
    {
        "x": "511",
        "y": "108",
        "Time": "07:42:15.825",
        "InArea": "True"
    },
    {
        "x": "510",
        "y": "108",
        "Time": "07:42:15.864",
        "InArea": "True"
    },
    {
        "x": "508",
        "y": "108",
        "Time": "07:42:15.912",
        "InArea": "True"
    },
    {
        "x": "508",
        "y": "108",
        "Time": "07:42:15.959",
        "InArea": "True"
    },
    {
        "x": "507",
        "y": "107",
        "Time": "07:42:16.005",
        "InArea": "True"
    },
    {
        "x": "506",
        "y": "106",
        "Time": "07:42:16.062",
        "InArea": "True"
    },
    {
        "x": "504",
        "y": "105",
        "Time": "07:42:16.114",
        "InArea": "True"
    },
    {
        "x": "501",
        "y": "105",
        "Time": "07:42:16.155",
        "InArea": "True"
    },
    {
        "x": "500",
        "y": "104",
        "Time": "07:42:16.197",
        "InArea": "False"
    }
]