[
    {
        "x": "546",
        "y": "129",
        "Time": "08:10:34.706",
        "InArea": "True"
    },
    {
        "x": "545",
        "y": "128",
        "Time": "08:10:34.749",
        "InArea": "True"
    },
    {
        "x": "544",
        "y": "127",
        "Time": "08:10:34.795",
        "InArea": "True"
    },
    {
        "x": "543",
        "y": "126",
        "Time": "08:10:34.845",
        "InArea": "True"
    },
    {
        "x": "542",
        "y": "125",
        "Time": "08:10:34.903",
        "InArea": "True"
    },
    {
        "x": "542",
        "y": "125",
        "Time": "08:10:34.950",
        "InArea": "True"
    },
    {
        "x": "542",
        "y": "123",
        "Time": "08:10:34.995",
        "InArea": "True"
    },
    {
        "x": "542",
        "y": "123",
        "Time": "08:10:35.047",
        "InArea": "True"
    },
    {
        "x": "541",
        "y": "122",
        "Time": "08:10:35.101",
        "InArea": "True"
    },
    {
        "x": "540",
        "y": "121",
        "Time": "08:10:35.151",
        "InArea": "True"
    },
    {
        "x": "537",
        "y": "120",
        "Time": "08:10:35.193",
        "InArea": "True"
    },
    {
        "x": "535",
        "y": "119",
        "Time": "08:10:35.238",
        "InArea": "True"
    },
    {
        "x": "533",
        "y": "118",
        "Time": "08:10:35.277",
        "InArea": "True"
    },
    {
        "x": "532",
        "y": "116",
        "Time": "08:10:35.330",
        "InArea": "True"
    },
    {
        "x": "529",
        "y": "114",
        "Time": "08:10:35.378",
        "InArea": "True"
    },
    {
        "x": "527",
        "y": "113",
        "Time": "08:10:35.432",
        "InArea": "True"
    },
    {
        "x": "527",
        "y": "111",
        "Time": "08:10:35.490",
        "InArea": "True"
    },
    {
        "x": "525",
        "y": "110",
        "Time": "08:10:35.535",
        "InArea": "True"
    },
    {
        "x": "524",
        "y": "109",
        "Time": "08:10:35.580",
        "InArea": "True"
    },
    {
        "x": "524",
        "y": "108",
        "Time": "08:10:35.628",
        "InArea": "True"
    },
    {
        "x": "522",
        "y": "107",
        "Time": "08:10:35.681",
        "InArea": "True"
    },
    {
        "x": "520",
        "y": "107",
        "Time": "08:10:35.729",
        "InArea": "True"
    },
    {
        "x": "519",
        "y": "107",
        "Time": "08:10:35.782",
        "InArea": "True"
    },
    {
        "x": "518",
        "y": "107",
        "Time": "08:10:35.828",
        "InArea": "True"
    },
    {
        "x": "516",
        "y": "107",
        "Time": "08:10:35.872",
        "InArea": "True"
    },
    {
        "x": "514",
        "y": "106",
        "Time": "08:10:35.922",
        "InArea": "True"
    },
    {
        "x": "511",
        "y": "106",
        "Time": "08:10:35.968",
        "InArea": "True"
    },
    {
        "x": "510",
        "y": "106",
        "Time": "08:10:36.015",
        "InArea": "True"
    },
    {
        "x": "508",
        "y": "106",
        "Time": "08:10:36.056",
        "InArea": "True"
    },
    {
        "x": "504",
        "y": "105",
        "Time": "08:10:36.102",
        "InArea": "False"
    },
    {
        "x": "502",
        "y": "105",
        "Time": "08:10:36.147",
        "InArea": "True"
    },
    {
        "x": "501",
        "y": "103",
        "Time": "08:10:36.197",
        "InArea": "False"
    }
]