[
    {
        "x": "543",
        "y": "132",
        "Time": "07:06:38.939",
        "InArea": "True"
    },
    {
        "x": "543",
        "y": "132",
        "Time": "07:06:38.980",
        "InArea": "True"
    },
    {
        "x": "543",
        "y": "132",
        "Time": "07:06:39.077",
        "InArea": "True"
    },
    {
        "x": "542",
        "y": "131",
        "Time": "07:06:39.125",
        "InArea": "True"
    },
    {
        "x": "541",
        "y": "131",
        "Time": "07:06:39.164",
        "InArea": "True"
    },
    {
        "x": "540",
        "y": "131",
        "Time": "07:06:39.216",
        "InArea": "True"
    },
    {
        "x": "539",
        "y": "130",
        "Time": "07:06:39.279",
        "InArea": "True"
    },
    {
        "x": "537",
        "y": "129",
        "Time": "07:06:39.324",
        "InArea": "True"
    },
    {
        "x": "536",
        "y": "128",
        "Time": "07:06:39.370",
        "InArea": "True"
    },
    {
        "x": "535",
        "y": "128",
        "Time": "07:06:39.410",
        "InArea": "True"
    },
    {
        "x": "533",
        "y": "127",
        "Time": "07:06:39.458",
        "InArea": "True"
    },
    {
        "x": "532",
        "y": "125",
        "Time": "07:06:39.508",
        "InArea": "True"
    },
    {
        "x": "531",
        "y": "124",
        "Time": "07:06:39.563",
        "InArea": "True"
    },
    {
        "x": "530",
        "y": "122",
        "Time": "07:06:39.613",
        "InArea": "True"
    },
    {
        "x": "530",
        "y": "121",
        "Time": "07:06:39.657",
        "InArea": "True"
    },
    {
        "x": "529",
        "y": "120",
        "Time": "07:06:39.709",
        "InArea": "True"
    },
    {
        "x": "528",
        "y": "119",
        "Time": "07:06:39.765",
        "InArea": "True"
    },
    {
        "x": "527",
        "y": "118",
        "Time": "07:06:39.807",
        "InArea": "True"
    },
    {
        "x": "526",
        "y": "116",
        "Time": "07:06:39.850",
        "InArea": "True"
    },
    {
        "x": "523",
        "y": "114",
        "Time": "07:06:39.912",
        "InArea": "True"
    },
    {
        "x": "522",
        "y": "113",
        "Time": "07:06:39.962",
        "InArea": "True"
    },
    {
        "x": "520",
        "y": "112",
        "Time": "07:06:40.005",
        "InArea": "True"
    },
    {
        "x": "517",
        "y": "111",
        "Time": "07:06:40.050",
        "InArea": "True"
    },
    {
        "x": "514",
        "y": "110",
        "Time": "07:06:40.095",
        "InArea": "True"
    },
    {
        "x": "512",
        "y": "109",
        "Time": "07:06:40.139",
        "InArea": "True"
    },
    {
        "x": "510",
        "y": "109",
        "Time": "07:06:40.183",
        "InArea": "True"
    },
    {
        "x": "508",
        "y": "108",
        "Time": "07:06:40.228",
        "InArea": "True"
    },
    {
        "x": "504",
        "y": "108",
        "Time": "07:06:40.278",
        "InArea": "True"
    },
    {
        "x": "501",
        "y": "107",
        "Time": "07:06:40.326",
        "InArea": "True"
    },
    {
        "x": "500",
        "y": "106",
        "Time": "07:06:40.374",
        "InArea": "True"
    },
    {
        "x": "499",
        "y": "105",
        "Time": "07:06:40.425",
        "InArea": "True"
    },
    {
        "x": "496",
        "y": "102",
        "Time": "07:06:40.477",
        "InArea": "False"
    }
]