[
    {
        "x": "543",
        "y": "123",
        "Time": "08:05:00.479",
        "InArea": "True"
    },
    {
        "x": "543",
        "y": "123",
        "Time": "08:05:00.521",
        "InArea": "True"
    },
    {
        "x": "541",
        "y": "123",
        "Time": "08:05:00.571",
        "InArea": "True"
    },
    {
        "x": "541",
        "y": "122",
        "Time": "08:05:00.620",
        "InArea": "True"
    },
    {
        "x": "539",
        "y": "121",
        "Time": "08:05:00.665",
        "InArea": "True"
    },
    {
        "x": "538",
        "y": "120",
        "Time": "08:05:00.711",
        "InArea": "True"
    },
    {
        "x": "539",
        "y": "119",
        "Time": "08:05:00.756",
        "InArea": "True"
    },
    {
        "x": "538",
        "y": "119",
        "Time": "08:05:00.804",
        "InArea": "True"
    },
    {
        "x": "537",
        "y": "117",
        "Time": "08:05:00.847",
        "InArea": "True"
    },
    {
        "x": "536",
        "y": "116",
        "Time": "08:05:00.891",
        "InArea": "True"
    },
    {
        "x": "534",
        "y": "116",
        "Time": "08:05:00.937",
        "InArea": "True"
    },
    {
        "x": "533",
        "y": "115",
        "Time": "08:05:00.990",
        "InArea": "True"
    },
    {
        "x": "531",
        "y": "114",
        "Time": "08:05:01.041",
        "InArea": "True"
    },
    {
        "x": "530",
        "y": "113",
        "Time": "08:05:01.093",
        "InArea": "True"
    },
    {
        "x": "529",
        "y": "112",
        "Time": "08:05:01.141",
        "InArea": "True"
    },
    {
        "x": "528",
        "y": "111",
        "Time": "08:05:01.190",
        "InArea": "True"
    },
    {
        "x": "525",
        "y": "110",
        "Time": "08:05:01.240",
        "InArea": "True"
    },
    {
        "x": "523",
        "y": "110",
        "Time": "08:05:01.294",
        "InArea": "True"
    },
    {
        "x": "521",
        "y": "109",
        "Time": "08:05:01.348",
        "InArea": "True"
    },
    {
        "x": "520",
        "y": "109",
        "Time": "08:05:01.396",
        "InArea": "True"
    },
    {
        "x": "518",
        "y": "109",
        "Time": "08:05:01.449",
        "InArea": "True"
    },
    {
        "x": "517",
        "y": "109",
        "Time": "08:05:01.492",
        "InArea": "True"
    },
    {
        "x": "516",
        "y": "108",
        "Time": "08:05:01.543",
        "InArea": "True"
    },
    {
        "x": "515",
        "y": "107",
        "Time": "08:05:01.591",
        "InArea": "True"
    },
    {
        "x": "513",
        "y": "106",
        "Time": "08:05:01.651",
        "InArea": "True"
    },
    {
        "x": "512",
        "y": "106",
        "Time": "08:05:01.695",
        "InArea": "True"
    },
    {
        "x": "510",
        "y": "106",
        "Time": "08:05:01.740",
        "InArea": "True"
    },
    {
        "x": "509",
        "y": "106",
        "Time": "08:05:01.785",
        "InArea": "True"
    },
    {
        "x": "507",
        "y": "106",
        "Time": "08:05:01.833",
        "InArea": "True"
    },
    {
        "x": "505",
        "y": "105",
        "Time": "08:05:01.887",
        "InArea": "True"
    },
    {
        "x": "504",
        "y": "105",
        "Time": "08:05:01.937",
        "InArea": "True"
    },
    {
        "x": "503",
        "y": "102",
        "Time": "08:05:01.989",
        "InArea": "False"
    }
]