[
    {
        "x": "545",
        "y": "124",
        "Time": "07:25:22.995",
        "InArea": "True"
    },
    {
        "x": "545",
        "y": "124",
        "Time": "07:25:23.048",
        "InArea": "True"
    },
    {
        "x": "545",
        "y": "123",
        "Time": "07:25:23.103",
        "InArea": "True"
    },
    {
        "x": "545",
        "y": "123",
        "Time": "07:25:23.291",
        "InArea": "True"
    },
    {
        "x": "543",
        "y": "122",
        "Time": "07:25:23.342",
        "InArea": "True"
    },
    {
        "x": "542",
        "y": "122",
        "Time": "07:25:23.383",
        "InArea": "True"
    },
    {
        "x": "542",
        "y": "122",
        "Time": "07:25:23.431",
        "InArea": "True"
    },
    {
        "x": "541",
        "y": "121",
        "Time": "07:25:23.477",
        "InArea": "True"
    },
    {
        "x": "541",
        "y": "121",
        "Time": "07:25:23.528",
        "InArea": "True"
    },
    {
        "x": "540",
        "y": "121",
        "Time": "07:25:23.573",
        "InArea": "True"
    },
    {
        "x": "539",
        "y": "120",
        "Time": "07:25:23.611",
        "InArea": "True"
    },
    {
        "x": "538",
        "y": "119",
        "Time": "07:25:23.656",
        "InArea": "True"
    },
    {
        "x": "537",
        "y": "118",
        "Time": "07:25:23.706",
        "InArea": "True"
    },
    {
        "x": "536",
        "y": "118",
        "Time": "07:25:23.758",
        "InArea": "True"
    },
    {
        "x": "535",
        "y": "119",
        "Time": "07:25:23.802",
        "InArea": "True"
    },
    {
        "x": "534",
        "y": "118",
        "Time": "07:25:23.853",
        "InArea": "True"
    },
    {
        "x": "534",
        "y": "118",
        "Time": "07:25:23.907",
        "InArea": "True"
    },
    {
        "x": "535",
        "y": "117",
        "Time": "07:25:23.955",
        "InArea": "True"
    },
    {
        "x": "534",
        "y": "116",
        "Time": "07:25:24.004",
        "InArea": "True"
    },
    {
        "x": "534",
        "y": "115",
        "Time": "07:25:24.055",
        "InArea": "True"
    },
    {
        "x": "529",
        "y": "113",
        "Time": "07:25:24.112",
        "InArea": "True"
    },
    {
        "x": "526",
        "y": "110",
        "Time": "07:25:24.154",
        "InArea": "True"
    },
    {
        "x": "526",
        "y": "109",
        "Time": "07:25:24.200",
        "InArea": "True"
    },
    {
        "x": "524",
        "y": "109",
        "Time": "07:25:24.249",
        "InArea": "True"
    },
    {
        "x": "522",
        "y": "108",
        "Time": "07:25:24.288",
        "InArea": "True"
    },
    {
        "x": "521",
        "y": "107",
        "Time": "07:25:24.330",
        "InArea": "True"
    },
    {
        "x": "518",
        "y": "106",
        "Time": "07:25:24.372",
        "InArea": "True"
    },
    {
        "x": "516",
        "y": "106",
        "Time": "07:25:24.418",
        "InArea": "True"
    },
    {
        "x": "515",
        "y": "105",
        "Time": "07:25:24.463",
        "InArea": "True"
    },
    {
        "x": "514",
        "y": "105",
        "Time": "07:25:24.509",
        "InArea": "True"
    },
    {
        "x": "514",
        "y": "105",
        "Time": "07:25:24.555",
        "InArea": "True"
    },
    {
        "x": "513",
        "y": "101",
        "Time": "07:25:24.607",
        "InArea": "False"
    }
]