[
    {
        "x": "538",
        "y": "126",
        "Time": "08:22:37.625",
        "InArea": "True"
    },
    {
        "x": "537",
        "y": "126",
        "Time": "08:22:37.668",
        "InArea": "True"
    },
    {
        "x": "536",
        "y": "125",
        "Time": "08:22:37.712",
        "InArea": "True"
    },
    {
        "x": "535",
        "y": "125",
        "Time": "08:22:37.763",
        "InArea": "True"
    },
    {
        "x": "535",
        "y": "124",
        "Time": "08:22:37.815",
        "InArea": "True"
    },
    {
        "x": "534",
        "y": "124",
        "Time": "08:22:37.856",
        "InArea": "True"
    },
    {
        "x": "533",
        "y": "123",
        "Time": "08:22:37.905",
        "InArea": "True"
    },
    {
        "x": "533",
        "y": "122",
        "Time": "08:22:37.950",
        "InArea": "True"
    },
    {
        "x": "534",
        "y": "121",
        "Time": "08:22:37.998",
        "InArea": "True"
    },
    {
        "x": "533",
        "y": "120",
        "Time": "08:22:38.039",
        "InArea": "True"
    },
    {
        "x": "533",
        "y": "119",
        "Time": "08:22:38.094",
        "InArea": "True"
    },
    {
        "x": "533",
        "y": "119",
        "Time": "08:22:38.150",
        "InArea": "True"
    },
    {
        "x": "530",
        "y": "118",
        "Time": "08:22:38.201",
        "InArea": "True"
    },
    {
        "x": "528",
        "y": "117",
        "Time": "08:22:38.252",
        "InArea": "True"
    },
    {
        "x": "525",
        "y": "117",
        "Time": "08:22:38.302",
        "InArea": "True"
    },
    {
        "x": "524",
        "y": "116",
        "Time": "08:22:38.350",
        "InArea": "True"
    },
    {
        "x": "522",
        "y": "115",
        "Time": "08:22:38.394",
        "InArea": "True"
    },
    {
        "x": "520",
        "y": "114",
        "Time": "08:22:38.436",
        "InArea": "True"
    },
    {
        "x": "519",
        "y": "112",
        "Time": "08:22:38.480",
        "InArea": "True"
    },
    {
        "x": "518",
        "y": "111",
        "Time": "08:22:38.528",
        "InArea": "True"
    },
    {
        "x": "515",
        "y": "111",
        "Time": "08:22:38.574",
        "InArea": "True"
    },
    {
        "x": "514",
        "y": "111",
        "Time": "08:22:38.611",
        "InArea": "True"
    },
    {
        "x": "513",
        "y": "110",
        "Time": "08:22:38.656",
        "InArea": "True"
    },
    {
        "x": "511",
        "y": "109",
        "Time": "08:22:38.705",
        "InArea": "True"
    },
    {
        "x": "511",
        "y": "109",
        "Time": "08:22:38.757",
        "InArea": "True"
    },
    {
        "x": "509",
        "y": "109",
        "Time": "08:22:38.811",
        "InArea": "True"
    },
    {
        "x": "507",
        "y": "109",
        "Time": "08:22:38.865",
        "InArea": "True"
    },
    {
        "x": "505",
        "y": "108",
        "Time": "08:22:38.906",
        "InArea": "True"
    },
    {
        "x": "504",
        "y": "107",
        "Time": "08:22:38.953",
        "InArea": "True"
    },
    {
        "x": "502",
        "y": "106",
        "Time": "08:22:39.007",
        "InArea": "True"
    },
    {
        "x": "501",
        "y": "106",
        "Time": "08:22:39.061",
        "InArea": "True"
    },
    {
        "x": "499",
        "y": "103",
        "Time": "08:22:39.120",
        "InArea": "False"
    }
]