[
    {
        "x": "550",
        "y": "128",
        "Time": "06:28:41.136",
        "InArea": "True"
    },
    {
        "x": "549",
        "y": "127",
        "Time": "06:28:41.183",
        "InArea": "True"
    },
    {
        "x": "549",
        "y": "127",
        "Time": "06:28:41.227",
        "InArea": "True"
    },
    {
        "x": "548",
        "y": "127",
        "Time": "06:28:41.271",
        "InArea": "True"
    },
    {
        "x": "548",
        "y": "127",
        "Time": "06:28:41.316",
        "InArea": "True"
    },
    {
        "x": "547",
        "y": "127",
        "Time": "06:28:41.366",
        "InArea": "True"
    },
    {
        "x": "546",
        "y": "126",
        "Time": "06:28:41.409",
        "InArea": "True"
    },
    {
        "x": "546",
        "y": "125",
        "Time": "06:28:41.450",
        "InArea": "True"
    },
    {
        "x": "545",
        "y": "125",
        "Time": "06:28:41.494",
        "InArea": "True"
    },
    {
        "x": "544",
        "y": "125",
        "Time": "06:28:41.546",
        "InArea": "True"
    },
    {
        "x": "542",
        "y": "123",
        "Time": "06:28:41.591",
        "InArea": "True"
    },
    {
        "x": "541",
        "y": "122",
        "Time": "06:28:41.639",
        "InArea": "True"
    },
    {
        "x": "539",
        "y": "122",
        "Time": "06:28:41.697",
        "InArea": "True"
    },
    {
        "x": "539",
        "y": "122",
        "Time": "06:28:41.797",
        "InArea": "True"
    },
    {
        "x": "534",
        "y": "119",
        "Time": "06:28:41.837",
        "InArea": "True"
    },
    {
        "x": "532",
        "y": "118",
        "Time": "06:28:41.883",
        "InArea": "True"
    },
    {
        "x": "530",
        "y": "118",
        "Time": "06:28:41.920",
        "InArea": "True"
    },
    {
        "x": "531",
        "y": "117",
        "Time": "06:28:41.962",
        "InArea": "True"
    },
    {
        "x": "531",
        "y": "116",
        "Time": "06:28:42.010",
        "InArea": "True"
    },
    {
        "x": "529",
        "y": "115",
        "Time": "06:28:42.058",
        "InArea": "True"
    },
    {
        "x": "527",
        "y": "114",
        "Time": "06:28:42.109",
        "InArea": "True"
    },
    {
        "x": "525",
        "y": "112",
        "Time": "06:28:42.158",
        "InArea": "True"
    },
    {
        "x": "522",
        "y": "112",
        "Time": "06:28:42.210",
        "InArea": "True"
    },
    {
        "x": "521",
        "y": "111",
        "Time": "06:28:42.255",
        "InArea": "True"
    },
    {
        "x": "520",
        "y": "110",
        "Time": "06:28:42.297",
        "InArea": "True"
    },
    {
        "x": "519",
        "y": "109",
        "Time": "06:28:42.340",
        "InArea": "True"
    },
    {
        "x": "518",
        "y": "108",
        "Time": "06:28:42.385",
        "InArea": "True"
    },
    {
        "x": "517",
        "y": "108",
        "Time": "06:28:42.428",
        "InArea": "True"
    },
    {
        "x": "513",
        "y": "107",
        "Time": "06:28:42.481",
        "InArea": "True"
    },
    {
        "x": "509",
        "y": "107",
        "Time": "06:28:42.524",
        "InArea": "True"
    },
    {
        "x": "505",
        "y": "103",
        "Time": "06:28:42.570",
        "InArea": "False"
    },
    {
        "x": "501",
        "y": "100",
        "Time": "06:28:42.616",
        "InArea": "False"
    }
]