[
    {
        "x": "530",
        "y": "126",
        "Time": "12:56:54.153",
        "InArea": "True"
    },
    {
        "x": "530",
        "y": "126",
        "Time": "12:56:54.201",
        "InArea": "True"
    },
    {
        "x": "530",
        "y": "126",
        "Time": "12:56:54.254",
        "InArea": "True"
    },
    {
        "x": "530",
        "y": "126",
        "Time": "12:56:54.309",
        "InArea": "True"
    },
    {
        "x": "529",
        "y": "124",
        "Time": "12:56:54.352",
        "InArea": "True"
    },
    {
        "x": "529",
        "y": "123",
        "Time": "12:56:54.394",
        "InArea": "True"
    },
    {
        "x": "529",
        "y": "122",
        "Time": "12:56:54.435",
        "InArea": "True"
    },
    {
        "x": "529",
        "y": "122",
        "Time": "12:56:54.481",
        "InArea": "True"
    },
    {
        "x": "528",
        "y": "123",
        "Time": "12:56:54.526",
        "InArea": "True"
    },
    {
        "x": "527",
        "y": "122",
        "Time": "12:56:54.575",
        "InArea": "True"
    },
    {
        "x": "526",
        "y": "122",
        "Time": "12:56:54.616",
        "InArea": "True"
    },
    {
        "x": "525",
        "y": "121",
        "Time": "12:56:54.662",
        "InArea": "True"
    },
    {
        "x": "525",
        "y": "120",
        "Time": "12:56:54.707",
        "InArea": "True"
    },
    {
        "x": "524",
        "y": "119",
        "Time": "12:56:54.758",
        "InArea": "True"
    },
    {
        "x": "523",
        "y": "118",
        "Time": "12:56:54.810",
        "InArea": "True"
    },
    {
        "x": "522",
        "y": "116",
        "Time": "12:56:54.862",
        "InArea": "True"
    },
    {
        "x": "519",
        "y": "116",
        "Time": "12:56:54.914",
        "InArea": "True"
    },
    {
        "x": "515",
        "y": "115",
        "Time": "12:56:54.969",
        "InArea": "True"
    },
    {
        "x": "513",
        "y": "113",
        "Time": "12:56:55.023",
        "InArea": "True"
    },
    {
        "x": "512",
        "y": "113",
        "Time": "12:56:55.074",
        "InArea": "True"
    },
    {
        "x": "511",
        "y": "113",
        "Time": "12:56:55.114",
        "InArea": "True"
    },
    {
        "x": "510",
        "y": "113",
        "Time": "12:56:55.155",
        "InArea": "True"
    },
    {
        "x": "509",
        "y": "112",
        "Time": "12:56:55.202",
        "InArea": "True"
    },
    {
        "x": "507",
        "y": "111",
        "Time": "12:56:55.248",
        "InArea": "True"
    },
    {
        "x": "506",
        "y": "111",
        "Time": "12:56:55.293",
        "InArea": "True"
    },
    {
        "x": "504",
        "y": "109",
        "Time": "12:56:55.339",
        "InArea": "True"
    },
    {
        "x": "503",
        "y": "108",
        "Time": "12:56:55.386",
        "InArea": "True"
    },
    {
        "x": "501",
        "y": "108",
        "Time": "12:56:55.440",
        "InArea": "True"
    },
    {
        "x": "500",
        "y": "107",
        "Time": "12:56:55.496",
        "InArea": "True"
    },
    {
        "x": "499",
        "y": "106",
        "Time": "12:56:55.547",
        "InArea": "True"
    },
    {
        "x": "499",
        "y": "105",
        "Time": "12:56:55.601",
        "InArea": "False"
    },
    {
        "x": "496",
        "y": "102",
        "Time": "12:56:55.661",
        "InArea": "False"
    }
]