[
    {
        "x": "529",
        "y": "119",
        "Time": "07:54:10.377",
        "InArea": "True"
    },
    {
        "x": "528",
        "y": "119",
        "Time": "07:54:10.425",
        "InArea": "True"
    },
    {
        "x": "527",
        "y": "118",
        "Time": "07:54:10.473",
        "InArea": "True"
    },
    {
        "x": "526",
        "y": "118",
        "Time": "07:54:10.519",
        "InArea": "True"
    },
    {
        "x": "526",
        "y": "117",
        "Time": "07:54:10.570",
        "InArea": "True"
    },
    {
        "x": "526",
        "y": "117",
        "Time": "07:54:10.626",
        "InArea": "True"
    },
    {
        "x": "525",
        "y": "117",
        "Time": "07:54:10.673",
        "InArea": "True"
    },
    {
        "x": "524",
        "y": "116",
        "Time": "07:54:10.718",
        "InArea": "True"
    },
    {
        "x": "524",
        "y": "116",
        "Time": "07:54:10.764",
        "InArea": "True"
    },
    {
        "x": "522",
        "y": "115",
        "Time": "07:54:10.813",
        "InArea": "True"
    },
    {
        "x": "520",
        "y": "114",
        "Time": "07:54:10.864",
        "InArea": "True"
    },
    {
        "x": "519",
        "y": "113",
        "Time": "07:54:10.911",
        "InArea": "True"
    },
    {
        "x": "518",
        "y": "113",
        "Time": "07:54:10.961",
        "InArea": "True"
    },
    {
        "x": "517",
        "y": "113",
        "Time": "07:54:11.014",
        "InArea": "True"
    },
    {
        "x": "516",
        "y": "111",
        "Time": "07:54:11.072",
        "InArea": "True"
    },
    {
        "x": "515",
        "y": "111",
        "Time": "07:54:11.123",
        "InArea": "True"
    },
    {
        "x": "514",
        "y": "111",
        "Time": "07:54:11.176",
        "InArea": "True"
    },
    {
        "x": "513",
        "y": "110",
        "Time": "07:54:11.232",
        "InArea": "True"
    },
    {
        "x": "513",
        "y": "110",
        "Time": "07:54:11.282",
        "InArea": "True"
    },
    {
        "x": "513",
        "y": "109",
        "Time": "07:54:11.330",
        "InArea": "True"
    },
    {
        "x": "513",
        "y": "109",
        "Time": "07:54:11.384",
        "InArea": "True"
    },
    {
        "x": "511",
        "y": "108",
        "Time": "07:54:11.436",
        "InArea": "True"
    },
    {
        "x": "510",
        "y": "107",
        "Time": "07:54:11.483",
        "InArea": "True"
    },
    {
        "x": "509",
        "y": "107",
        "Time": "07:54:11.531",
        "InArea": "True"
    },
    {
        "x": "508",
        "y": "107",
        "Time": "07:54:11.578",
        "InArea": "True"
    },
    {
        "x": "506",
        "y": "106",
        "Time": "07:54:11.625",
        "InArea": "True"
    },
    {
        "x": "503",
        "y": "105",
        "Time": "07:54:11.675",
        "InArea": "True"
    },
    {
        "x": "502",
        "y": "106",
        "Time": "07:54:11.721",
        "InArea": "True"
    },
    {
        "x": "502",
        "y": "106",
        "Time": "07:54:11.761",
        "InArea": "True"
    },
    {
        "x": "501",
        "y": "105",
        "Time": "07:54:11.803",
        "InArea": "False"
    },
    {
        "x": "501",
        "y": "105",
        "Time": "07:54:11.849",
        "InArea": "True"
    },
    {
        "x": "501",
        "y": "102",
        "Time": "07:54:11.903",
        "InArea": "False"
    }
]