[
    {
        "x": "549",
        "y": "130",
        "Time": "13:13:50.989",
        "InArea": "True"
    },
    {
        "x": "548",
        "y": "130",
        "Time": "13:13:51.040",
        "InArea": "True"
    },
    {
        "x": "547",
        "y": "129",
        "Time": "13:13:51.091",
        "InArea": "True"
    },
    {
        "x": "547",
        "y": "128",
        "Time": "13:13:51.135",
        "InArea": "True"
    },
    {
        "x": "546",
        "y": "128",
        "Time": "13:13:51.179",
        "InArea": "True"
    },
    {
        "x": "545",
        "y": "128",
        "Time": "13:13:51.220",
        "InArea": "True"
    },
    {
        "x": "545",
        "y": "128",
        "Time": "13:13:51.268",
        "InArea": "True"
    },
    {
        "x": "545",
        "y": "127",
        "Time": "13:13:51.313",
        "InArea": "True"
    },
    {
        "x": "544",
        "y": "126",
        "Time": "13:13:51.353",
        "InArea": "True"
    },
    {
        "x": "543",
        "y": "125",
        "Time": "13:13:51.405",
        "InArea": "True"
    },
    {
        "x": "542",
        "y": "124",
        "Time": "13:13:51.449",
        "InArea": "True"
    },
    {
        "x": "541",
        "y": "123",
        "Time": "13:13:51.500",
        "InArea": "True"
    },
    {
        "x": "541",
        "y": "123",
        "Time": "13:13:51.554",
        "InArea": "True"
    },
    {
        "x": "540",
        "y": "123",
        "Time": "13:13:51.616",
        "InArea": "True"
    },
    {
        "x": "539",
        "y": "122",
        "Time": "13:13:51.659",
        "InArea": "True"
    },
    {
        "x": "539",
        "y": "121",
        "Time": "13:13:51.699",
        "InArea": "True"
    },
    {
        "x": "537",
        "y": "120",
        "Time": "13:13:51.743",
        "InArea": "True"
    },
    {
        "x": "535",
        "y": "118",
        "Time": "13:13:51.789",
        "InArea": "True"
    },
    {
        "x": "532",
        "y": "116",
        "Time": "13:13:51.833",
        "InArea": "True"
    },
    {
        "x": "530",
        "y": "115",
        "Time": "13:13:51.878",
        "InArea": "True"
    },
    {
        "x": "528",
        "y": "114",
        "Time": "13:13:51.921",
        "InArea": "True"
    },
    {
        "x": "526",
        "y": "113",
        "Time": "13:13:51.968",
        "InArea": "True"
    },
    {
        "x": "525",
        "y": "111",
        "Time": "13:13:52.010",
        "InArea": "True"
    },
    {
        "x": "523",
        "y": "110",
        "Time": "13:13:52.057",
        "InArea": "True"
    },
    {
        "x": "521",
        "y": "110",
        "Time": "13:13:52.101",
        "InArea": "True"
    },
    {
        "x": "520",
        "y": "110",
        "Time": "13:13:52.150",
        "InArea": "True"
    },
    {
        "x": "518",
        "y": "109",
        "Time": "13:13:52.208",
        "InArea": "True"
    },
    {
        "x": "516",
        "y": "107",
        "Time": "13:13:52.267",
        "InArea": "True"
    },
    {
        "x": "514",
        "y": "107",
        "Time": "13:13:52.312",
        "InArea": "True"
    },
    {
        "x": "513",
        "y": "106",
        "Time": "13:13:52.351",
        "InArea": "True"
    },
    {
        "x": "510",
        "y": "105",
        "Time": "13:13:52.404",
        "InArea": "True"
    },
    {
        "x": "507",
        "y": "103",
        "Time": "13:13:52.447",
        "InArea": "False"
    }
]