[
    {
        "x": "535",
        "y": "124",
        "Time": "07:19:57.267",
        "InArea": "True"
    },
    {
        "x": "535",
        "y": "124",
        "Time": "07:19:57.310",
        "InArea": "True"
    },
    {
        "x": "535",
        "y": "124",
        "Time": "07:19:57.355",
        "InArea": "True"
    },
    {
        "x": "534",
        "y": "124",
        "Time": "07:19:57.404",
        "InArea": "True"
    },
    {
        "x": "534",
        "y": "124",
        "Time": "07:19:57.444",
        "InArea": "True"
    },
    {
        "x": "533",
        "y": "122",
        "Time": "07:19:57.483",
        "InArea": "True"
    },
    {
        "x": "532",
        "y": "121",
        "Time": "07:19:57.525",
        "InArea": "True"
    },
    {
        "x": "532",
        "y": "121",
        "Time": "07:19:57.570",
        "InArea": "True"
    },
    {
        "x": "531",
        "y": "121",
        "Time": "07:19:57.615",
        "InArea": "True"
    },
    {
        "x": "531",
        "y": "121",
        "Time": "07:19:57.655",
        "InArea": "True"
    },
    {
        "x": "530",
        "y": "120",
        "Time": "07:19:57.701",
        "InArea": "True"
    },
    {
        "x": "530",
        "y": "119",
        "Time": "07:19:57.746",
        "InArea": "True"
    },
    {
        "x": "530",
        "y": "118",
        "Time": "07:19:57.795",
        "InArea": "True"
    },
    {
        "x": "529",
        "y": "117",
        "Time": "07:19:57.840",
        "InArea": "True"
    },
    {
        "x": "528",
        "y": "116",
        "Time": "07:19:57.898",
        "InArea": "True"
    },
    {
        "x": "527",
        "y": "116",
        "Time": "07:19:57.954",
        "InArea": "True"
    },
    {
        "x": "525",
        "y": "116",
        "Time": "07:19:58.006",
        "InArea": "True"
    },
    {
        "x": "524",
        "y": "115",
        "Time": "07:19:58.047",
        "InArea": "True"
    },
    {
        "x": "524",
        "y": "114",
        "Time": "07:19:58.093",
        "InArea": "True"
    },
    {
        "x": "523",
        "y": "114",
        "Time": "07:19:58.131",
        "InArea": "True"
    },
    {
        "x": "519",
        "y": "112",
        "Time": "07:19:58.179",
        "InArea": "True"
    },
    {
        "x": "516",
        "y": "110",
        "Time": "07:19:58.226",
        "InArea": "True"
    },
    {
        "x": "515",
        "y": "109",
        "Time": "07:19:58.266",
        "InArea": "True"
    },
    {
        "x": "513",
        "y": "108",
        "Time": "07:19:58.307",
        "InArea": "True"
    },
    {
        "x": "512",
        "y": "108",
        "Time": "07:19:58.346",
        "InArea": "True"
    },
    {
        "x": "510",
        "y": "107",
        "Time": "07:19:58.389",
        "InArea": "True"
    },
    {
        "x": "509",
        "y": "107",
        "Time": "07:19:58.435",
        "InArea": "True"
    },
    {
        "x": "507",
        "y": "107",
        "Time": "07:19:58.476",
        "InArea": "True"
    },
    {
        "x": "505",
        "y": "106",
        "Time": "07:19:58.521",
        "InArea": "True"
    },
    {
        "x": "504",
        "y": "105",
        "Time": "07:19:58.562",
        "InArea": "True"
    },
    {
        "x": "503",
        "y": "105",
        "Time": "07:19:58.600",
        "InArea": "True"
    },
    {
        "x": "502",
        "y": "104",
        "Time": "07:19:58.647",
        "InArea": "False"
    }
]