[
    {
        "x": "545",
        "y": "122",
        "Time": "07:39:15.704",
        "InArea": "True"
    },
    {
        "x": "545",
        "y": "122",
        "Time": "07:39:15.803",
        "InArea": "True"
    },
    {
        "x": "544",
        "y": "121",
        "Time": "07:39:15.843",
        "InArea": "True"
    },
    {
        "x": "544",
        "y": "120",
        "Time": "07:39:15.888",
        "InArea": "True"
    },
    {
        "x": "544",
        "y": "119",
        "Time": "07:39:15.930",
        "InArea": "True"
    },
    {
        "x": "544",
        "y": "119",
        "Time": "07:39:15.973",
        "InArea": "True"
    },
    {
        "x": "544",
        "y": "118",
        "Time": "07:39:16.020",
        "InArea": "True"
    },
    {
        "x": "543",
        "y": "117",
        "Time": "07:39:16.060",
        "InArea": "True"
    },
    {
        "x": "543",
        "y": "117",
        "Time": "07:39:16.105",
        "InArea": "True"
    },
    {
        "x": "542",
        "y": "117",
        "Time": "07:39:16.145",
        "InArea": "True"
    },
    {
        "x": "541",
        "y": "117",
        "Time": "07:39:16.197",
        "InArea": "True"
    },
    {
        "x": "539",
        "y": "116",
        "Time": "07:39:16.240",
        "InArea": "True"
    },
    {
        "x": "538",
        "y": "115",
        "Time": "07:39:16.279",
        "InArea": "True"
    },
    {
        "x": "537",
        "y": "115",
        "Time": "07:39:16.322",
        "InArea": "True"
    },
    {
        "x": "536",
        "y": "114",
        "Time": "07:39:16.366",
        "InArea": "True"
    },
    {
        "x": "536",
        "y": "114",
        "Time": "07:39:16.411",
        "InArea": "True"
    },
    {
        "x": "534",
        "y": "113",
        "Time": "07:39:16.458",
        "InArea": "True"
    },
    {
        "x": "533",
        "y": "113",
        "Time": "07:39:16.496",
        "InArea": "True"
    },
    {
        "x": "530",
        "y": "111",
        "Time": "07:39:16.542",
        "InArea": "True"
    },
    {
        "x": "528",
        "y": "109",
        "Time": "07:39:16.584",
        "InArea": "True"
    },
    {
        "x": "528",
        "y": "109",
        "Time": "07:39:16.628",
        "InArea": "True"
    },
    {
        "x": "527",
        "y": "109",
        "Time": "07:39:16.674",
        "InArea": "True"
    },
    {
        "x": "527",
        "y": "109",
        "Time": "07:39:16.717",
        "InArea": "True"
    },
    {
        "x": "525",
        "y": "108",
        "Time": "07:39:16.764",
        "InArea": "True"
    },
    {
        "x": "524",
        "y": "108",
        "Time": "07:39:16.809",
        "InArea": "True"
    },
    {
        "x": "522",
        "y": "108",
        "Time": "07:39:16.865",
        "InArea": "True"
    },
    {
        "x": "521",
        "y": "107",
        "Time": "07:39:16.920",
        "InArea": "True"
    },
    {
        "x": "521",
        "y": "106",
        "Time": "07:39:16.966",
        "InArea": "True"
    },
    {
        "x": "518",
        "y": "106",
        "Time": "07:39:17.018",
        "InArea": "True"
    },
    {
        "x": "516",
        "y": "106",
        "Time": "07:39:17.060",
        "InArea": "True"
    },
    {
        "x": "515",
        "y": "106",
        "Time": "07:39:17.104",
        "InArea": "True"
    },
    {
        "x": "513",
        "y": "102",
        "Time": "07:39:17.148",
        "InArea": "False"
    }
]