[
    {
        "x": "539",
        "y": "132",
        "Time": "08:34:06.910",
        "InArea": "True"
    },
    {
        "x": "539",
        "y": "132",
        "Time": "08:34:07.006",
        "InArea": "True"
    },
    {
        "x": "539",
        "y": "133",
        "Time": "08:34:07.055",
        "InArea": "True"
    },
    {
        "x": "538",
        "y": "133",
        "Time": "08:34:07.101",
        "InArea": "True"
    },
    {
        "x": "538",
        "y": "132",
        "Time": "08:34:07.147",
        "InArea": "True"
    },
    {
        "x": "537",
        "y": "132",
        "Time": "08:34:07.195",
        "InArea": "True"
    },
    {
        "x": "536",
        "y": "132",
        "Time": "08:34:07.243",
        "InArea": "True"
    },
    {
        "x": "534",
        "y": "132",
        "Time": "08:34:07.303",
        "InArea": "True"
    },
    {
        "x": "533",
        "y": "131",
        "Time": "08:34:07.345",
        "InArea": "True"
    },
    {
        "x": "532",
        "y": "130",
        "Time": "08:34:07.391",
        "InArea": "True"
    },
    {
        "x": "531",
        "y": "130",
        "Time": "08:34:07.440",
        "InArea": "True"
    },
    {
        "x": "531",
        "y": "130",
        "Time": "08:34:07.490",
        "InArea": "True"
    },
    {
        "x": "530",
        "y": "129",
        "Time": "08:34:07.548",
        "InArea": "True"
    },
    {
        "x": "528",
        "y": "127",
        "Time": "08:34:07.611",
        "InArea": "True"
    },
    {
        "x": "528",
        "y": "126",
        "Time": "08:34:07.668",
        "InArea": "True"
    },
    {
        "x": "528",
        "y": "123",
        "Time": "08:34:07.727",
        "InArea": "True"
    },
    {
        "x": "527",
        "y": "122",
        "Time": "08:34:07.776",
        "InArea": "True"
    },
    {
        "x": "527",
        "y": "121",
        "Time": "08:34:07.821",
        "InArea": "True"
    },
    {
        "x": "526",
        "y": "120",
        "Time": "08:34:07.865",
        "InArea": "True"
    },
    {
        "x": "524",
        "y": "119",
        "Time": "08:34:07.917",
        "InArea": "True"
    },
    {
        "x": "521",
        "y": "116",
        "Time": "08:34:07.971",
        "InArea": "True"
    },
    {
        "x": "519",
        "y": "115",
        "Time": "08:34:08.016",
        "InArea": "True"
    },
    {
        "x": "517",
        "y": "113",
        "Time": "08:34:08.063",
        "InArea": "True"
    },
    {
        "x": "514",
        "y": "112",
        "Time": "08:34:08.115",
        "InArea": "True"
    },
    {
        "x": "511",
        "y": "110",
        "Time": "08:34:08.167",
        "InArea": "True"
    },
    {
        "x": "507",
        "y": "110",
        "Time": "08:34:08.220",
        "InArea": "True"
    },
    {
        "x": "505",
        "y": "109",
        "Time": "08:34:08.275",
        "InArea": "True"
    },
    {
        "x": "501",
        "y": "107",
        "Time": "08:34:08.331",
        "InArea": "True"
    },
    {
        "x": "499",
        "y": "106",
        "Time": "08:34:08.375",
        "InArea": "True"
    },
    {
        "x": "497",
        "y": "106",
        "Time": "08:34:08.418",
        "InArea": "True"
    },
    {
        "x": "497",
        "y": "105",
        "Time": "08:34:08.471",
        "InArea": "False"
    },
    {
        "x": "495",
        "y": "101",
        "Time": "08:34:08.525",
        "InArea": "False"
    }
]