[
    {
        "x": "543",
        "y": "127",
        "Time": "12:59:22.656",
        "InArea": "True"
    },
    {
        "x": "543",
        "y": "127",
        "Time": "12:59:22.704",
        "InArea": "True"
    },
    {
        "x": "543",
        "y": "126",
        "Time": "12:59:22.747",
        "InArea": "True"
    },
    {
        "x": "541",
        "y": "125",
        "Time": "12:59:22.792",
        "InArea": "True"
    },
    {
        "x": "541",
        "y": "125",
        "Time": "12:59:22.846",
        "InArea": "True"
    },
    {
        "x": "540",
        "y": "123",
        "Time": "12:59:22.892",
        "InArea": "True"
    },
    {
        "x": "538",
        "y": "123",
        "Time": "12:59:22.935",
        "InArea": "True"
    },
    {
        "x": "538",
        "y": "122",
        "Time": "12:59:22.974",
        "InArea": "True"
    },
    {
        "x": "538",
        "y": "122",
        "Time": "12:59:23.021",
        "InArea": "True"
    },
    {
        "x": "537",
        "y": "121",
        "Time": "12:59:23.066",
        "InArea": "True"
    },
    {
        "x": "538",
        "y": "121",
        "Time": "12:59:23.111",
        "InArea": "True"
    },
    {
        "x": "536",
        "y": "119",
        "Time": "12:59:23.158",
        "InArea": "True"
    },
    {
        "x": "535",
        "y": "118",
        "Time": "12:59:23.213",
        "InArea": "True"
    },
    {
        "x": "533",
        "y": "118",
        "Time": "12:59:23.270",
        "InArea": "True"
    },
    {
        "x": "530",
        "y": "117",
        "Time": "12:59:23.321",
        "InArea": "True"
    },
    {
        "x": "527",
        "y": "115",
        "Time": "12:59:23.366",
        "InArea": "True"
    },
    {
        "x": "525",
        "y": "114",
        "Time": "12:59:23.409",
        "InArea": "True"
    },
    {
        "x": "523",
        "y": "113",
        "Time": "12:59:23.455",
        "InArea": "True"
    },
    {
        "x": "522",
        "y": "111",
        "Time": "12:59:23.498",
        "InArea": "True"
    },
    {
        "x": "520",
        "y": "111",
        "Time": "12:59:23.538",
        "InArea": "True"
    },
    {
        "x": "518",
        "y": "109",
        "Time": "12:59:23.586",
        "InArea": "True"
    },
    {
        "x": "517",
        "y": "108",
        "Time": "12:59:23.632",
        "InArea": "True"
    },
    {
        "x": "516",
        "y": "108",
        "Time": "12:59:23.672",
        "InArea": "True"
    },
    {
        "x": "513",
        "y": "108",
        "Time": "12:59:23.727",
        "InArea": "True"
    },
    {
        "x": "511",
        "y": "108",
        "Time": "12:59:23.772",
        "InArea": "True"
    },
    {
        "x": "509",
        "y": "107",
        "Time": "12:59:23.817",
        "InArea": "True"
    },
    {
        "x": "507",
        "y": "107",
        "Time": "12:59:23.867",
        "InArea": "True"
    },
    {
        "x": "505",
        "y": "107",
        "Time": "12:59:23.918",
        "InArea": "True"
    },
    {
        "x": "503",
        "y": "106",
        "Time": "12:59:23.966",
        "InArea": "True"
    },
    {
        "x": "502",
        "y": "105",
        "Time": "12:59:24.007",
        "InArea": "True"
    },
    {
        "x": "502",
        "y": "105",
        "Time": "12:59:24.048",
        "InArea": "True"
    },
    {
        "x": "500",
        "y": "102",
        "Time": "12:59:24.101",
        "InArea": "False"
    }
]