[
    {
        "x": "527",
        "y": "124",
        "Time": "16:20:08.312",
        "InArea": "True"
    },
    {
        "x": "526",
        "y": "123",
        "Time": "16:20:08.356",
        "InArea": "True"
    },
    {
        "x": "525",
        "y": "122",
        "Time": "16:20:08.403",
        "InArea": "True"
    },
    {
        "x": "525",
        "y": "121",
        "Time": "16:20:08.454",
        "InArea": "True"
    },
    {
        "x": "525",
        "y": "121",
        "Time": "16:20:08.536",
        "InArea": "True"
    },
    {
        "x": "525",
        "y": "120",
        "Time": "16:20:08.586",
        "InArea": "True"
    },
    {
        "x": "524",
        "y": "119",
        "Time": "16:20:08.627",
        "InArea": "True"
    },
    {
        "x": "523",
        "y": "118",
        "Time": "16:20:08.674",
        "InArea": "True"
    },
    {
        "x": "523",
        "y": "118",
        "Time": "16:20:08.721",
        "InArea": "True"
    },
    {
        "x": "522",
        "y": "118",
        "Time": "16:20:08.773",
        "InArea": "True"
    },
    {
        "x": "522",
        "y": "118",
        "Time": "16:20:08.816",
        "InArea": "True"
    },
    {
        "x": "521",
        "y": "117",
        "Time": "16:20:08.859",
        "InArea": "True"
    },
    {
        "x": "520",
        "y": "117",
        "Time": "16:20:08.900",
        "InArea": "True"
    },
    {
        "x": "520",
        "y": "116",
        "Time": "16:20:08.943",
        "InArea": "True"
    },
    {
        "x": "519",
        "y": "116",
        "Time": "16:20:08.990",
        "InArea": "True"
    },
    {
        "x": "518",
        "y": "116",
        "Time": "16:20:09.042",
        "InArea": "True"
    },
    {
        "x": "517",
        "y": "115",
        "Time": "16:20:09.102",
        "InArea": "True"
    },
    {
        "x": "516",
        "y": "114",
        "Time": "16:20:09.149",
        "InArea": "True"
    },
    {
        "x": "514",
        "y": "113",
        "Time": "16:20:09.196",
        "InArea": "True"
    },
    {
        "x": "513",
        "y": "111",
        "Time": "16:20:09.237",
        "InArea": "True"
    },
    {
        "x": "512",
        "y": "111",
        "Time": "16:20:09.299",
        "InArea": "True"
    },
    {
        "x": "511",
        "y": "110",
        "Time": "16:20:09.349",
        "InArea": "True"
    },
    {
        "x": "509",
        "y": "109",
        "Time": "16:20:09.394",
        "InArea": "True"
    },
    {
        "x": "508",
        "y": "108",
        "Time": "16:20:09.434",
        "InArea": "True"
    },
    {
        "x": "506",
        "y": "108",
        "Time": "16:20:09.477",
        "InArea": "True"
    },
    {
        "x": "505",
        "y": "108",
        "Time": "16:20:09.522",
        "InArea": "True"
    },
    {
        "x": "505",
        "y": "107",
        "Time": "16:20:09.571",
        "InArea": "True"
    },
    {
        "x": "504",
        "y": "107",
        "Time": "16:20:09.621",
        "InArea": "True"
    },
    {
        "x": "503",
        "y": "107",
        "Time": "16:20:09.662",
        "InArea": "True"
    },
    {
        "x": "503",
        "y": "107",
        "Time": "16:20:09.704",
        "InArea": "True"
    },
    {
        "x": "501",
        "y": "106",
        "Time": "16:20:09.917",
        "InArea": "True"
    },
    {
        "x": "498",
        "y": "102",
        "Time": "16:20:10.165",
        "InArea": "False"
    }
]