[
    {
        "x": "546",
        "y": "132",
        "Time": "07:53:17.408",
        "InArea": "True"
    },
    {
        "x": "546",
        "y": "132",
        "Time": "07:53:17.458",
        "InArea": "True"
    },
    {
        "x": "546",
        "y": "132",
        "Time": "07:53:17.568",
        "InArea": "True"
    },
    {
        "x": "545",
        "y": "131",
        "Time": "07:53:17.625",
        "InArea": "True"
    },
    {
        "x": "545",
        "y": "131",
        "Time": "07:53:17.678",
        "InArea": "True"
    },
    {
        "x": "545",
        "y": "130",
        "Time": "07:53:17.733",
        "InArea": "True"
    },
    {
        "x": "545",
        "y": "130",
        "Time": "07:53:17.781",
        "InArea": "True"
    },
    {
        "x": "544",
        "y": "130",
        "Time": "07:53:17.829",
        "InArea": "True"
    },
    {
        "x": "544",
        "y": "130",
        "Time": "07:53:17.878",
        "InArea": "True"
    },
    {
        "x": "543",
        "y": "130",
        "Time": "07:53:17.930",
        "InArea": "True"
    },
    {
        "x": "543",
        "y": "130",
        "Time": "07:53:17.979",
        "InArea": "True"
    },
    {
        "x": "543",
        "y": "129",
        "Time": "07:53:18.033",
        "InArea": "True"
    },
    {
        "x": "542",
        "y": "128",
        "Time": "07:53:18.085",
        "InArea": "True"
    },
    {
        "x": "541",
        "y": "127",
        "Time": "07:53:18.139",
        "InArea": "True"
    },
    {
        "x": "541",
        "y": "127",
        "Time": "07:53:18.185",
        "InArea": "True"
    },
    {
        "x": "540",
        "y": "126",
        "Time": "07:53:18.230",
        "InArea": "True"
    },
    {
        "x": "539",
        "y": "124",
        "Time": "07:53:18.282",
        "InArea": "True"
    },
    {
        "x": "537",
        "y": "122",
        "Time": "07:53:18.325",
        "InArea": "True"
    },
    {
        "x": "536",
        "y": "121",
        "Time": "07:53:18.370",
        "InArea": "True"
    },
    {
        "x": "534",
        "y": "119",
        "Time": "07:53:18.409",
        "InArea": "True"
    },
    {
        "x": "533",
        "y": "118",
        "Time": "07:53:18.456",
        "InArea": "True"
    },
    {
        "x": "530",
        "y": "116",
        "Time": "07:53:18.500",
        "InArea": "True"
    },
    {
        "x": "528",
        "y": "115",
        "Time": "07:53:18.551",
        "InArea": "True"
    },
    {
        "x": "525",
        "y": "114",
        "Time": "07:53:18.591",
        "InArea": "True"
    },
    {
        "x": "523",
        "y": "113",
        "Time": "07:53:18.633",
        "InArea": "True"
    },
    {
        "x": "521",
        "y": "112",
        "Time": "07:53:18.683",
        "InArea": "True"
    },
    {
        "x": "519",
        "y": "110",
        "Time": "07:53:18.736",
        "InArea": "True"
    },
    {
        "x": "518",
        "y": "109",
        "Time": "07:53:18.785",
        "InArea": "True"
    },
    {
        "x": "515",
        "y": "107",
        "Time": "07:53:18.841",
        "InArea": "True"
    },
    {
        "x": "511",
        "y": "106",
        "Time": "07:53:18.902",
        "InArea": "True"
    },
    {
        "x": "509",
        "y": "104",
        "Time": "07:53:18.950",
        "InArea": "False"
    },
    {
        "x": "506",
        "y": "102",
        "Time": "07:53:18.993",
        "InArea": "False"
    }
]