[
    {
        "x": "539",
        "y": "128",
        "Time": "08:03:50.746",
        "InArea": "True"
    },
    {
        "x": "538",
        "y": "128",
        "Time": "08:03:50.796",
        "InArea": "True"
    },
    {
        "x": "538",
        "y": "127",
        "Time": "08:03:50.848",
        "InArea": "True"
    },
    {
        "x": "538",
        "y": "127",
        "Time": "08:03:50.890",
        "InArea": "True"
    },
    {
        "x": "537",
        "y": "126",
        "Time": "08:03:50.933",
        "InArea": "True"
    },
    {
        "x": "535",
        "y": "126",
        "Time": "08:03:50.975",
        "InArea": "True"
    },
    {
        "x": "534",
        "y": "125",
        "Time": "08:03:51.022",
        "InArea": "True"
    },
    {
        "x": "533",
        "y": "125",
        "Time": "08:03:51.073",
        "InArea": "True"
    },
    {
        "x": "532",
        "y": "125",
        "Time": "08:03:51.113",
        "InArea": "True"
    },
    {
        "x": "532",
        "y": "123",
        "Time": "08:03:51.155",
        "InArea": "True"
    },
    {
        "x": "531",
        "y": "121",
        "Time": "08:03:51.197",
        "InArea": "True"
    },
    {
        "x": "531",
        "y": "120",
        "Time": "08:03:51.250",
        "InArea": "True"
    },
    {
        "x": "531",
        "y": "119",
        "Time": "08:03:51.296",
        "InArea": "True"
    },
    {
        "x": "530",
        "y": "119",
        "Time": "08:03:51.351",
        "InArea": "True"
    },
    {
        "x": "529",
        "y": "119",
        "Time": "08:03:51.403",
        "InArea": "True"
    },
    {
        "x": "526",
        "y": "117",
        "Time": "08:03:51.446",
        "InArea": "True"
    },
    {
        "x": "525",
        "y": "116",
        "Time": "08:03:51.488",
        "InArea": "True"
    },
    {
        "x": "523",
        "y": "115",
        "Time": "08:03:51.529",
        "InArea": "True"
    },
    {
        "x": "520",
        "y": "113",
        "Time": "08:03:51.576",
        "InArea": "True"
    },
    {
        "x": "518",
        "y": "112",
        "Time": "08:03:51.621",
        "InArea": "True"
    },
    {
        "x": "517",
        "y": "111",
        "Time": "08:03:51.674",
        "InArea": "True"
    },
    {
        "x": "514",
        "y": "111",
        "Time": "08:03:51.722",
        "InArea": "True"
    },
    {
        "x": "512",
        "y": "111",
        "Time": "08:03:51.767",
        "InArea": "True"
    },
    {
        "x": "509",
        "y": "110",
        "Time": "08:03:51.819",
        "InArea": "True"
    },
    {
        "x": "507",
        "y": "108",
        "Time": "08:03:51.866",
        "InArea": "True"
    },
    {
        "x": "505",
        "y": "108",
        "Time": "08:03:51.906",
        "InArea": "True"
    },
    {
        "x": "504",
        "y": "108",
        "Time": "08:03:51.959",
        "InArea": "True"
    },
    {
        "x": "502",
        "y": "108",
        "Time": "08:03:52.011",
        "InArea": "True"
    },
    {
        "x": "500",
        "y": "107",
        "Time": "08:03:52.059",
        "InArea": "True"
    },
    {
        "x": "498",
        "y": "106",
        "Time": "08:03:52.109",
        "InArea": "True"
    },
    {
        "x": "497",
        "y": "105",
        "Time": "08:03:52.152",
        "InArea": "True"
    },
    {
        "x": "495",
        "y": "103",
        "Time": "08:03:52.192",
        "InArea": "False"
    }
]