[
    {
        "x": "535",
        "y": "131",
        "Time": "07:42:40.401",
        "InArea": "True"
    },
    {
        "x": "535",
        "y": "131",
        "Time": "07:42:40.444",
        "InArea": "True"
    },
    {
        "x": "536",
        "y": "131",
        "Time": "07:42:40.495",
        "InArea": "True"
    },
    {
        "x": "535",
        "y": "131",
        "Time": "07:42:40.548",
        "InArea": "True"
    },
    {
        "x": "533",
        "y": "130",
        "Time": "07:42:40.593",
        "InArea": "True"
    },
    {
        "x": "531",
        "y": "130",
        "Time": "07:42:40.633",
        "InArea": "True"
    },
    {
        "x": "530",
        "y": "130",
        "Time": "07:42:40.674",
        "InArea": "True"
    },
    {
        "x": "530",
        "y": "129",
        "Time": "07:42:40.721",
        "InArea": "True"
    },
    {
        "x": "528",
        "y": "129",
        "Time": "07:42:40.761",
        "InArea": "True"
    },
    {
        "x": "527",
        "y": "128",
        "Time": "07:42:40.809",
        "InArea": "True"
    },
    {
        "x": "526",
        "y": "127",
        "Time": "07:42:40.851",
        "InArea": "True"
    },
    {
        "x": "526",
        "y": "127",
        "Time": "07:42:40.897",
        "InArea": "True"
    },
    {
        "x": "525",
        "y": "127",
        "Time": "07:42:40.948",
        "InArea": "True"
    },
    {
        "x": "524",
        "y": "126",
        "Time": "07:42:40.988",
        "InArea": "True"
    },
    {
        "x": "522",
        "y": "125",
        "Time": "07:42:41.028",
        "InArea": "True"
    },
    {
        "x": "521",
        "y": "125",
        "Time": "07:42:41.069",
        "InArea": "True"
    },
    {
        "x": "520",
        "y": "124",
        "Time": "07:42:41.125",
        "InArea": "True"
    },
    {
        "x": "519",
        "y": "122",
        "Time": "07:42:41.171",
        "InArea": "True"
    },
    {
        "x": "518",
        "y": "120",
        "Time": "07:42:41.216",
        "InArea": "True"
    },
    {
        "x": "517",
        "y": "119",
        "Time": "07:42:41.261",
        "InArea": "True"
    },
    {
        "x": "515",
        "y": "117",
        "Time": "07:42:41.311",
        "InArea": "True"
    },
    {
        "x": "513",
        "y": "116",
        "Time": "07:42:41.354",
        "InArea": "True"
    },
    {
        "x": "512",
        "y": "116",
        "Time": "07:42:41.397",
        "InArea": "True"
    },
    {
        "x": "510",
        "y": "116",
        "Time": "07:42:41.444",
        "InArea": "True"
    },
    {
        "x": "509",
        "y": "114",
        "Time": "07:42:41.490",
        "InArea": "True"
    },
    {
        "x": "507",
        "y": "113",
        "Time": "07:42:41.534",
        "InArea": "True"
    },
    {
        "x": "504",
        "y": "110",
        "Time": "07:42:41.591",
        "InArea": "True"
    },
    {
        "x": "502",
        "y": "108",
        "Time": "07:42:41.646",
        "InArea": "True"
    },
    {
        "x": "500",
        "y": "108",
        "Time": "07:42:41.701",
        "InArea": "True"
    },
    {
        "x": "499",
        "y": "107",
        "Time": "07:42:41.754",
        "InArea": "True"
    },
    {
        "x": "497",
        "y": "103",
        "Time": "07:42:41.807",
        "InArea": "False"
    },
    {
        "x": "496",
        "y": "101",
        "Time": "07:42:41.858",
        "InArea": "False"
    }
]