[
    {
        "x": "538",
        "y": "129",
        "Time": "07:48:12.276",
        "InArea": "True"
    },
    {
        "x": "537",
        "y": "128",
        "Time": "07:48:12.316",
        "InArea": "True"
    },
    {
        "x": "537",
        "y": "128",
        "Time": "07:48:12.421",
        "InArea": "True"
    },
    {
        "x": "536",
        "y": "127",
        "Time": "07:48:12.472",
        "InArea": "True"
    },
    {
        "x": "534",
        "y": "126",
        "Time": "07:48:12.535",
        "InArea": "True"
    },
    {
        "x": "533",
        "y": "125",
        "Time": "07:48:12.583",
        "InArea": "True"
    },
    {
        "x": "532",
        "y": "125",
        "Time": "07:48:12.626",
        "InArea": "True"
    },
    {
        "x": "532",
        "y": "124",
        "Time": "07:48:12.674",
        "InArea": "True"
    },
    {
        "x": "532",
        "y": "124",
        "Time": "07:48:12.719",
        "InArea": "True"
    },
    {
        "x": "530",
        "y": "122",
        "Time": "07:48:12.766",
        "InArea": "True"
    },
    {
        "x": "530",
        "y": "121",
        "Time": "07:48:12.816",
        "InArea": "True"
    },
    {
        "x": "529",
        "y": "120",
        "Time": "07:48:12.857",
        "InArea": "True"
    },
    {
        "x": "527",
        "y": "118",
        "Time": "07:48:12.899",
        "InArea": "True"
    },
    {
        "x": "526",
        "y": "117",
        "Time": "07:48:12.945",
        "InArea": "True"
    },
    {
        "x": "525",
        "y": "115",
        "Time": "07:48:12.988",
        "InArea": "True"
    },
    {
        "x": "524",
        "y": "115",
        "Time": "07:48:13.046",
        "InArea": "True"
    },
    {
        "x": "523",
        "y": "114",
        "Time": "07:48:13.102",
        "InArea": "True"
    },
    {
        "x": "522",
        "y": "113",
        "Time": "07:48:13.152",
        "InArea": "True"
    },
    {
        "x": "520",
        "y": "113",
        "Time": "07:48:13.209",
        "InArea": "True"
    },
    {
        "x": "519",
        "y": "112",
        "Time": "07:48:13.258",
        "InArea": "True"
    },
    {
        "x": "517",
        "y": "112",
        "Time": "07:48:13.298",
        "InArea": "True"
    },
    {
        "x": "516",
        "y": "110",
        "Time": "07:48:13.343",
        "InArea": "True"
    },
    {
        "x": "514",
        "y": "109",
        "Time": "07:48:13.394",
        "InArea": "True"
    },
    {
        "x": "513",
        "y": "108",
        "Time": "07:48:13.442",
        "InArea": "True"
    },
    {
        "x": "511",
        "y": "107",
        "Time": "07:48:13.482",
        "InArea": "True"
    },
    {
        "x": "510",
        "y": "106",
        "Time": "07:48:13.526",
        "InArea": "True"
    },
    {
        "x": "509",
        "y": "106",
        "Time": "07:48:13.570",
        "InArea": "True"
    },
    {
        "x": "508",
        "y": "106",
        "Time": "07:48:13.624",
        "InArea": "True"
    },
    {
        "x": "507",
        "y": "106",
        "Time": "07:48:13.664",
        "InArea": "True"
    },
    {
        "x": "505",
        "y": "105",
        "Time": "07:48:13.710",
        "InArea": "True"
    },
    {
        "x": "503",
        "y": "105",
        "Time": "07:48:13.759",
        "InArea": "True"
    },
    {
        "x": "503",
        "y": "104",
        "Time": "07:48:13.801",
        "InArea": "False"
    }
]