[
    {
        "x": "548",
        "y": "126",
        "Time": "07:34:33.743",
        "InArea": "True"
    },
    {
        "x": "548",
        "y": "126",
        "Time": "07:34:33.787",
        "InArea": "True"
    },
    {
        "x": "548",
        "y": "125",
        "Time": "07:34:33.842",
        "InArea": "True"
    },
    {
        "x": "548",
        "y": "124",
        "Time": "07:34:33.891",
        "InArea": "True"
    },
    {
        "x": "548",
        "y": "124",
        "Time": "07:34:33.937",
        "InArea": "True"
    },
    {
        "x": "548",
        "y": "124",
        "Time": "07:34:33.977",
        "InArea": "True"
    },
    {
        "x": "548",
        "y": "124",
        "Time": "07:34:34.018",
        "InArea": "True"
    },
    {
        "x": "548",
        "y": "124",
        "Time": "07:34:34.129",
        "InArea": "True"
    },
    {
        "x": "547",
        "y": "124",
        "Time": "07:34:34.167",
        "InArea": "True"
    },
    {
        "x": "546",
        "y": "124",
        "Time": "07:34:34.210",
        "InArea": "True"
    },
    {
        "x": "546",
        "y": "123",
        "Time": "07:34:34.255",
        "InArea": "True"
    },
    {
        "x": "546",
        "y": "123",
        "Time": "07:34:34.310",
        "InArea": "True"
    },
    {
        "x": "545",
        "y": "123",
        "Time": "07:34:34.359",
        "InArea": "True"
    },
    {
        "x": "545",
        "y": "122",
        "Time": "07:34:34.402",
        "InArea": "True"
    },
    {
        "x": "545",
        "y": "121",
        "Time": "07:34:34.441",
        "InArea": "True"
    },
    {
        "x": "545",
        "y": "120",
        "Time": "07:34:34.485",
        "InArea": "True"
    },
    {
        "x": "545",
        "y": "120",
        "Time": "07:34:34.540",
        "InArea": "True"
    },
    {
        "x": "545",
        "y": "119",
        "Time": "07:34:34.594",
        "InArea": "True"
    },
    {
        "x": "544",
        "y": "118",
        "Time": "07:34:34.639",
        "InArea": "True"
    },
    {
        "x": "544",
        "y": "118",
        "Time": "07:34:34.683",
        "InArea": "True"
    },
    {
        "x": "543",
        "y": "118",
        "Time": "07:34:34.729",
        "InArea": "True"
    },
    {
        "x": "543",
        "y": "116",
        "Time": "07:34:34.768",
        "InArea": "True"
    },
    {
        "x": "542",
        "y": "115",
        "Time": "07:34:34.814",
        "InArea": "True"
    },
    {
        "x": "540",
        "y": "113",
        "Time": "07:34:34.865",
        "InArea": "True"
    },
    {
        "x": "538",
        "y": "113",
        "Time": "07:34:34.918",
        "InArea": "True"
    },
    {
        "x": "530",
        "y": "111",
        "Time": "07:34:34.960",
        "InArea": "True"
    },
    {
        "x": "526",
        "y": "111",
        "Time": "07:34:35.006",
        "InArea": "True"
    },
    {
        "x": "523",
        "y": "110",
        "Time": "07:34:35.050",
        "InArea": "True"
    },
    {
        "x": "520",
        "y": "109",
        "Time": "07:34:35.108",
        "InArea": "True"
    },
    {
        "x": "517",
        "y": "108",
        "Time": "07:34:35.152",
        "InArea": "True"
    },
    {
        "x": "515",
        "y": "107",
        "Time": "07:34:35.198",
        "InArea": "True"
    },
    {
        "x": "514",
        "y": "101",
        "Time": "07:34:35.250",
        "InArea": "False"
    }
]