[
    {
        "x": "546",
        "y": "131",
        "Time": "08:12:38.180",
        "InArea": "True"
    },
    {
        "x": "546",
        "y": "131",
        "Time": "08:12:38.233",
        "InArea": "True"
    },
    {
        "x": "546",
        "y": "131",
        "Time": "08:12:38.283",
        "InArea": "True"
    },
    {
        "x": "546",
        "y": "131",
        "Time": "08:12:38.333",
        "InArea": "True"
    },
    {
        "x": "545",
        "y": "131",
        "Time": "08:12:38.392",
        "InArea": "True"
    },
    {
        "x": "544",
        "y": "131",
        "Time": "08:12:38.445",
        "InArea": "True"
    },
    {
        "x": "542",
        "y": "130",
        "Time": "08:12:38.501",
        "InArea": "True"
    },
    {
        "x": "542",
        "y": "130",
        "Time": "08:12:38.550",
        "InArea": "True"
    },
    {
        "x": "541",
        "y": "130",
        "Time": "08:12:38.595",
        "InArea": "True"
    },
    {
        "x": "540",
        "y": "130",
        "Time": "08:12:38.638",
        "InArea": "True"
    },
    {
        "x": "539",
        "y": "129",
        "Time": "08:12:38.679",
        "InArea": "True"
    },
    {
        "x": "538",
        "y": "128",
        "Time": "08:12:38.720",
        "InArea": "True"
    },
    {
        "x": "537",
        "y": "127",
        "Time": "08:12:38.765",
        "InArea": "True"
    },
    {
        "x": "536",
        "y": "127",
        "Time": "08:12:38.811",
        "InArea": "True"
    },
    {
        "x": "534",
        "y": "125",
        "Time": "08:12:38.855",
        "InArea": "True"
    },
    {
        "x": "533",
        "y": "123",
        "Time": "08:12:38.901",
        "InArea": "True"
    },
    {
        "x": "531",
        "y": "122",
        "Time": "08:12:38.954",
        "InArea": "True"
    },
    {
        "x": "530",
        "y": "120",
        "Time": "08:12:39.001",
        "InArea": "True"
    },
    {
        "x": "528",
        "y": "120",
        "Time": "08:12:39.043",
        "InArea": "True"
    },
    {
        "x": "526",
        "y": "118",
        "Time": "08:12:39.101",
        "InArea": "True"
    },
    {
        "x": "525",
        "y": "115",
        "Time": "08:12:39.148",
        "InArea": "True"
    },
    {
        "x": "523",
        "y": "113",
        "Time": "08:12:39.193",
        "InArea": "True"
    },
    {
        "x": "521",
        "y": "112",
        "Time": "08:12:39.244",
        "InArea": "True"
    },
    {
        "x": "518",
        "y": "111",
        "Time": "08:12:39.305",
        "InArea": "True"
    },
    {
        "x": "515",
        "y": "110",
        "Time": "08:12:39.354",
        "InArea": "True"
    },
    {
        "x": "513",
        "y": "109",
        "Time": "08:12:39.400",
        "InArea": "True"
    },
    {
        "x": "512",
        "y": "109",
        "Time": "08:12:39.443",
        "InArea": "True"
    },
    {
        "x": "510",
        "y": "107",
        "Time": "08:12:39.493",
        "InArea": "True"
    },
    {
        "x": "508",
        "y": "106",
        "Time": "08:12:39.541",
        "InArea": "True"
    },
    {
        "x": "505",
        "y": "105",
        "Time": "08:12:39.584",
        "InArea": "True"
    },
    {
        "x": "504",
        "y": "105",
        "Time": "08:12:39.624",
        "InArea": "True"
    },
    {
        "x": "502",
        "y": "103",
        "Time": "08:12:39.673",
        "InArea": "False"
    }
]