[
    {
        "x": "532",
        "y": "123",
        "Time": "19:30:44.603",
        "InArea": "True"
    },
    {
        "x": "530",
        "y": "123",
        "Time": "19:30:44.646",
        "InArea": "True"
    },
    {
        "x": "528",
        "y": "121",
        "Time": "19:30:44.686",
        "InArea": "True"
    },
    {
        "x": "527",
        "y": "120",
        "Time": "19:30:44.729",
        "InArea": "True"
    },
    {
        "x": "526",
        "y": "119",
        "Time": "19:30:44.771",
        "InArea": "True"
    },
    {
        "x": "525",
        "y": "119",
        "Time": "19:30:44.813",
        "InArea": "True"
    },
    {
        "x": "526",
        "y": "118",
        "Time": "19:30:44.859",
        "InArea": "True"
    },
    {
        "x": "526",
        "y": "118",
        "Time": "19:30:44.903",
        "InArea": "True"
    },
    {
        "x": "524",
        "y": "117",
        "Time": "19:30:44.959",
        "InArea": "True"
    },
    {
        "x": "522",
        "y": "117",
        "Time": "19:30:45.004",
        "InArea": "True"
    },
    {
        "x": "522",
        "y": "117",
        "Time": "19:30:45.066",
        "InArea": "True"
    },
    {
        "x": "521",
        "y": "115",
        "Time": "19:30:45.108",
        "InArea": "True"
    },
    {
        "x": "520",
        "y": "114",
        "Time": "19:30:45.151",
        "InArea": "True"
    },
    {
        "x": "520",
        "y": "114",
        "Time": "19:30:45.192",
        "InArea": "True"
    },
    {
        "x": "520",
        "y": "113",
        "Time": "19:30:45.240",
        "InArea": "True"
    },
    {
        "x": "519",
        "y": "113",
        "Time": "19:30:45.292",
        "InArea": "True"
    },
    {
        "x": "517",
        "y": "112",
        "Time": "19:30:45.350",
        "InArea": "True"
    },
    {
        "x": "515",
        "y": "111",
        "Time": "19:30:45.408",
        "InArea": "True"
    },
    {
        "x": "515",
        "y": "111",
        "Time": "19:30:45.506",
        "InArea": "True"
    },
    {
        "x": "513",
        "y": "110",
        "Time": "19:30:45.557",
        "InArea": "True"
    },
    {
        "x": "513",
        "y": "109",
        "Time": "19:30:45.602",
        "InArea": "True"
    },
    {
        "x": "512",
        "y": "108",
        "Time": "19:30:45.650",
        "InArea": "True"
    },
    {
        "x": "510",
        "y": "108",
        "Time": "19:30:45.703",
        "InArea": "True"
    },
    {
        "x": "508",
        "y": "107",
        "Time": "19:30:45.754",
        "InArea": "True"
    },
    {
        "x": "506",
        "y": "106",
        "Time": "19:30:45.801",
        "InArea": "True"
    },
    {
        "x": "505",
        "y": "106",
        "Time": "19:30:45.859",
        "InArea": "True"
    },
    {
        "x": "504",
        "y": "106",
        "Time": "19:30:45.910",
        "InArea": "True"
    },
    {
        "x": "503",
        "y": "106",
        "Time": "19:30:45.955",
        "InArea": "True"
    },
    {
        "x": "502",
        "y": "106",
        "Time": "19:30:45.995",
        "InArea": "True"
    },
    {
        "x": "502",
        "y": "106",
        "Time": "19:30:46.053",
        "InArea": "True"
    },
    {
        "x": "502",
        "y": "106",
        "Time": "19:30:46.095",
        "InArea": "True"
    },
    {
        "x": "500",
        "y": "103",
        "Time": "19:30:46.152",
        "InArea": "False"
    }
]