[
    {
        "x": "540",
        "y": "126",
        "Time": "06:37:21.446",
        "InArea": "True"
    },
    {
        "x": "538",
        "y": "126",
        "Time": "06:37:21.494",
        "InArea": "True"
    },
    {
        "x": "538",
        "y": "125",
        "Time": "06:37:21.537",
        "InArea": "True"
    },
    {
        "x": "537",
        "y": "124",
        "Time": "06:37:21.584",
        "InArea": "True"
    },
    {
        "x": "536",
        "y": "123",
        "Time": "06:37:21.630",
        "InArea": "True"
    },
    {
        "x": "536",
        "y": "121",
        "Time": "06:37:21.671",
        "InArea": "True"
    },
    {
        "x": "536",
        "y": "120",
        "Time": "06:37:21.710",
        "InArea": "True"
    },
    {
        "x": "534",
        "y": "119",
        "Time": "06:37:21.755",
        "InArea": "True"
    },
    {
        "x": "533",
        "y": "119",
        "Time": "06:37:21.807",
        "InArea": "True"
    },
    {
        "x": "532",
        "y": "119",
        "Time": "06:37:21.850",
        "InArea": "True"
    },
    {
        "x": "531",
        "y": "118",
        "Time": "06:37:21.889",
        "InArea": "True"
    },
    {
        "x": "532",
        "y": "118",
        "Time": "06:37:21.929",
        "InArea": "True"
    },
    {
        "x": "530",
        "y": "117",
        "Time": "06:37:21.985",
        "InArea": "True"
    },
    {
        "x": "530",
        "y": "116",
        "Time": "06:37:22.041",
        "InArea": "True"
    },
    {
        "x": "529",
        "y": "116",
        "Time": "06:37:22.083",
        "InArea": "True"
    },
    {
        "x": "527",
        "y": "115",
        "Time": "06:37:22.124",
        "InArea": "True"
    },
    {
        "x": "525",
        "y": "114",
        "Time": "06:37:22.172",
        "InArea": "True"
    },
    {
        "x": "524",
        "y": "113",
        "Time": "06:37:22.221",
        "InArea": "True"
    },
    {
        "x": "523",
        "y": "113",
        "Time": "06:37:22.273",
        "InArea": "True"
    },
    {
        "x": "522",
        "y": "112",
        "Time": "06:37:22.320",
        "InArea": "True"
    },
    {
        "x": "521",
        "y": "111",
        "Time": "06:37:22.365",
        "InArea": "True"
    },
    {
        "x": "520",
        "y": "110",
        "Time": "06:37:22.405",
        "InArea": "True"
    },
    {
        "x": "519",
        "y": "109",
        "Time": "06:37:22.449",
        "InArea": "True"
    },
    {
        "x": "518",
        "y": "108",
        "Time": "06:37:22.494",
        "InArea": "True"
    },
    {
        "x": "516",
        "y": "107",
        "Time": "06:37:22.542",
        "InArea": "True"
    },
    {
        "x": "515",
        "y": "107",
        "Time": "06:37:22.591",
        "InArea": "True"
    },
    {
        "x": "513",
        "y": "107",
        "Time": "06:37:22.639",
        "InArea": "True"
    },
    {
        "x": "511",
        "y": "106",
        "Time": "06:37:22.682",
        "InArea": "True"
    },
    {
        "x": "510",
        "y": "106",
        "Time": "06:37:22.728",
        "InArea": "True"
    },
    {
        "x": "509",
        "y": "106",
        "Time": "06:37:22.773",
        "InArea": "True"
    },
    {
        "x": "508",
        "y": "105",
        "Time": "06:37:22.822",
        "InArea": "True"
    },
    {
        "x": "506",
        "y": "103",
        "Time": "06:37:22.868",
        "InArea": "False"
    }
]