[
    {
        "x": "540",
        "y": "132",
        "Time": "15:02:03.810",
        "InArea": "True"
    },
    {
        "x": "539",
        "y": "132",
        "Time": "15:02:03.858",
        "InArea": "True"
    },
    {
        "x": "538",
        "y": "132",
        "Time": "15:02:03.903",
        "InArea": "True"
    },
    {
        "x": "538",
        "y": "132",
        "Time": "15:02:03.957",
        "InArea": "True"
    },
    {
        "x": "538",
        "y": "131",
        "Time": "15:02:04.004",
        "InArea": "True"
    },
    {
        "x": "536",
        "y": "131",
        "Time": "15:02:04.055",
        "InArea": "True"
    },
    {
        "x": "534",
        "y": "131",
        "Time": "15:02:04.108",
        "InArea": "True"
    },
    {
        "x": "532",
        "y": "130",
        "Time": "15:02:04.159",
        "InArea": "True"
    },
    {
        "x": "531",
        "y": "130",
        "Time": "15:02:04.208",
        "InArea": "True"
    },
    {
        "x": "531",
        "y": "129",
        "Time": "15:02:04.257",
        "InArea": "True"
    },
    {
        "x": "530",
        "y": "128",
        "Time": "15:02:04.305",
        "InArea": "True"
    },
    {
        "x": "529",
        "y": "128",
        "Time": "15:02:04.360",
        "InArea": "True"
    },
    {
        "x": "528",
        "y": "128",
        "Time": "15:02:04.401",
        "InArea": "True"
    },
    {
        "x": "528",
        "y": "127",
        "Time": "15:02:04.446",
        "InArea": "True"
    },
    {
        "x": "527",
        "y": "125",
        "Time": "15:02:04.501",
        "InArea": "True"
    },
    {
        "x": "526",
        "y": "124",
        "Time": "15:02:04.556",
        "InArea": "True"
    },
    {
        "x": "524",
        "y": "122",
        "Time": "15:02:04.603",
        "InArea": "True"
    },
    {
        "x": "522",
        "y": "120",
        "Time": "15:02:04.659",
        "InArea": "True"
    },
    {
        "x": "519",
        "y": "118",
        "Time": "15:02:04.707",
        "InArea": "True"
    },
    {
        "x": "517",
        "y": "116",
        "Time": "15:02:04.749",
        "InArea": "True"
    },
    {
        "x": "516",
        "y": "115",
        "Time": "15:02:04.795",
        "InArea": "True"
    },
    {
        "x": "513",
        "y": "115",
        "Time": "15:02:04.846",
        "InArea": "True"
    },
    {
        "x": "509",
        "y": "114",
        "Time": "15:02:04.900",
        "InArea": "True"
    },
    {
        "x": "507",
        "y": "112",
        "Time": "15:02:04.948",
        "InArea": "True"
    },
    {
        "x": "504",
        "y": "111",
        "Time": "15:02:04.995",
        "InArea": "True"
    },
    {
        "x": "503",
        "y": "110",
        "Time": "15:02:05.048",
        "InArea": "True"
    },
    {
        "x": "500",
        "y": "109",
        "Time": "15:02:05.097",
        "InArea": "True"
    },
    {
        "x": "499",
        "y": "107",
        "Time": "15:02:05.139",
        "InArea": "True"
    },
    {
        "x": "498",
        "y": "106",
        "Time": "15:02:05.179",
        "InArea": "True"
    },
    {
        "x": "496",
        "y": "106",
        "Time": "15:02:05.225",
        "InArea": "True"
    },
    {
        "x": "495",
        "y": "106",
        "Time": "15:02:05.272",
        "InArea": "True"
    },
    {
        "x": "492",
        "y": "102",
        "Time": "15:02:05.320",
        "InArea": "False"
    }
]