[
    {
        "x": "544",
        "y": "131",
        "Time": "07:47:28.370",
        "InArea": "True"
    },
    {
        "x": "543",
        "y": "131",
        "Time": "07:47:28.419",
        "InArea": "True"
    },
    {
        "x": "542",
        "y": "131",
        "Time": "07:47:28.466",
        "InArea": "True"
    },
    {
        "x": "541",
        "y": "130",
        "Time": "07:47:28.531",
        "InArea": "True"
    },
    {
        "x": "540",
        "y": "129",
        "Time": "07:47:28.574",
        "InArea": "True"
    },
    {
        "x": "540",
        "y": "129",
        "Time": "07:47:28.618",
        "InArea": "True"
    },
    {
        "x": "538",
        "y": "128",
        "Time": "07:47:28.662",
        "InArea": "True"
    },
    {
        "x": "537",
        "y": "128",
        "Time": "07:47:28.705",
        "InArea": "True"
    },
    {
        "x": "537",
        "y": "126",
        "Time": "07:47:28.755",
        "InArea": "True"
    },
    {
        "x": "535",
        "y": "124",
        "Time": "07:47:28.801",
        "InArea": "True"
    },
    {
        "x": "533",
        "y": "124",
        "Time": "07:47:28.844",
        "InArea": "True"
    },
    {
        "x": "531",
        "y": "122",
        "Time": "07:47:28.890",
        "InArea": "True"
    },
    {
        "x": "529",
        "y": "120",
        "Time": "07:47:28.936",
        "InArea": "True"
    },
    {
        "x": "528",
        "y": "119",
        "Time": "07:47:28.975",
        "InArea": "True"
    },
    {
        "x": "528",
        "y": "118",
        "Time": "07:47:29.021",
        "InArea": "True"
    },
    {
        "x": "528",
        "y": "117",
        "Time": "07:47:29.064",
        "InArea": "True"
    },
    {
        "x": "527",
        "y": "117",
        "Time": "07:47:29.110",
        "InArea": "True"
    },
    {
        "x": "524",
        "y": "117",
        "Time": "07:47:29.162",
        "InArea": "True"
    },
    {
        "x": "521",
        "y": "116",
        "Time": "07:47:29.210",
        "InArea": "True"
    },
    {
        "x": "520",
        "y": "115",
        "Time": "07:47:29.260",
        "InArea": "True"
    },
    {
        "x": "518",
        "y": "113",
        "Time": "07:47:29.311",
        "InArea": "True"
    },
    {
        "x": "515",
        "y": "111",
        "Time": "07:47:29.360",
        "InArea": "True"
    },
    {
        "x": "513",
        "y": "110",
        "Time": "07:47:29.407",
        "InArea": "True"
    },
    {
        "x": "511",
        "y": "109",
        "Time": "07:47:29.449",
        "InArea": "True"
    },
    {
        "x": "508",
        "y": "108",
        "Time": "07:47:29.497",
        "InArea": "True"
    },
    {
        "x": "506",
        "y": "108",
        "Time": "07:47:29.541",
        "InArea": "True"
    },
    {
        "x": "504",
        "y": "107",
        "Time": "07:47:29.582",
        "InArea": "True"
    },
    {
        "x": "503",
        "y": "107",
        "Time": "07:47:29.621",
        "InArea": "True"
    },
    {
        "x": "501",
        "y": "107",
        "Time": "07:47:29.661",
        "InArea": "True"
    },
    {
        "x": "499",
        "y": "106",
        "Time": "07:47:29.716",
        "InArea": "True"
    },
    {
        "x": "498",
        "y": "105",
        "Time": "07:47:29.757",
        "InArea": "True"
    },
    {
        "x": "496",
        "y": "103",
        "Time": "07:47:29.795",
        "InArea": "False"
    }
]