[
    {
        "x": "545",
        "y": "129",
        "Time": "07:56:31.584",
        "InArea": "True"
    },
    {
        "x": "545",
        "y": "128",
        "Time": "07:56:31.628",
        "InArea": "True"
    },
    {
        "x": "545",
        "y": "127",
        "Time": "07:56:31.680",
        "InArea": "True"
    },
    {
        "x": "545",
        "y": "128",
        "Time": "07:56:31.727",
        "InArea": "True"
    },
    {
        "x": "544",
        "y": "128",
        "Time": "07:56:31.769",
        "InArea": "True"
    },
    {
        "x": "543",
        "y": "127",
        "Time": "07:56:31.809",
        "InArea": "True"
    },
    {
        "x": "542",
        "y": "126",
        "Time": "07:56:31.864",
        "InArea": "True"
    },
    {
        "x": "541",
        "y": "124",
        "Time": "07:56:31.913",
        "InArea": "True"
    },
    {
        "x": "539",
        "y": "123",
        "Time": "07:56:31.957",
        "InArea": "True"
    },
    {
        "x": "538",
        "y": "122",
        "Time": "07:56:32.002",
        "InArea": "True"
    },
    {
        "x": "535",
        "y": "120",
        "Time": "07:56:32.057",
        "InArea": "True"
    },
    {
        "x": "534",
        "y": "119",
        "Time": "07:56:32.104",
        "InArea": "True"
    },
    {
        "x": "533",
        "y": "118",
        "Time": "07:56:32.150",
        "InArea": "True"
    },
    {
        "x": "531",
        "y": "117",
        "Time": "07:56:32.200",
        "InArea": "True"
    },
    {
        "x": "530",
        "y": "115",
        "Time": "07:56:32.247",
        "InArea": "True"
    },
    {
        "x": "528",
        "y": "114",
        "Time": "07:56:32.298",
        "InArea": "True"
    },
    {
        "x": "527",
        "y": "114",
        "Time": "07:56:32.354",
        "InArea": "True"
    },
    {
        "x": "525",
        "y": "113",
        "Time": "07:56:32.398",
        "InArea": "True"
    },
    {
        "x": "523",
        "y": "112",
        "Time": "07:56:32.437",
        "InArea": "True"
    },
    {
        "x": "521",
        "y": "111",
        "Time": "07:56:32.491",
        "InArea": "True"
    },
    {
        "x": "520",
        "y": "110",
        "Time": "07:56:32.541",
        "InArea": "True"
    },
    {
        "x": "519",
        "y": "109",
        "Time": "07:56:32.583",
        "InArea": "True"
    },
    {
        "x": "518",
        "y": "109",
        "Time": "07:56:32.642",
        "InArea": "True"
    },
    {
        "x": "515",
        "y": "108",
        "Time": "07:56:32.681",
        "InArea": "True"
    },
    {
        "x": "512",
        "y": "108",
        "Time": "07:56:32.729",
        "InArea": "True"
    },
    {
        "x": "510",
        "y": "107",
        "Time": "07:56:32.768",
        "InArea": "True"
    },
    {
        "x": "509",
        "y": "107",
        "Time": "07:56:32.812",
        "InArea": "True"
    },
    {
        "x": "508",
        "y": "106",
        "Time": "07:56:32.862",
        "InArea": "True"
    },
    {
        "x": "507",
        "y": "105",
        "Time": "07:56:32.908",
        "InArea": "True"
    },
    {
        "x": "505",
        "y": "105",
        "Time": "07:56:32.953",
        "InArea": "True"
    },
    {
        "x": "504",
        "y": "105",
        "Time": "07:56:33.004",
        "InArea": "True"
    },
    {
        "x": "500",
        "y": "102",
        "Time": "07:56:33.056",
        "InArea": "False"
    }
]