[
    {
        "x": "546",
        "y": "130",
        "Time": "06:54:49.676",
        "InArea": "True"
    },
    {
        "x": "546",
        "y": "130",
        "Time": "06:54:49.724",
        "InArea": "True"
    },
    {
        "x": "545",
        "y": "130",
        "Time": "06:54:49.772",
        "InArea": "True"
    },
    {
        "x": "545",
        "y": "130",
        "Time": "06:54:49.816",
        "InArea": "True"
    },
    {
        "x": "545",
        "y": "130",
        "Time": "06:54:49.860",
        "InArea": "True"
    },
    {
        "x": "545",
        "y": "130",
        "Time": "06:54:49.904",
        "InArea": "True"
    },
    {
        "x": "544",
        "y": "129",
        "Time": "06:54:49.952",
        "InArea": "True"
    },
    {
        "x": "543",
        "y": "129",
        "Time": "06:54:50.005",
        "InArea": "True"
    },
    {
        "x": "541",
        "y": "128",
        "Time": "06:54:50.057",
        "InArea": "True"
    },
    {
        "x": "540",
        "y": "127",
        "Time": "06:54:50.108",
        "InArea": "True"
    },
    {
        "x": "539",
        "y": "127",
        "Time": "06:54:50.160",
        "InArea": "True"
    },
    {
        "x": "538",
        "y": "126",
        "Time": "06:54:50.211",
        "InArea": "True"
    },
    {
        "x": "536",
        "y": "124",
        "Time": "06:54:50.258",
        "InArea": "True"
    },
    {
        "x": "534",
        "y": "124",
        "Time": "06:54:50.300",
        "InArea": "True"
    },
    {
        "x": "533",
        "y": "123",
        "Time": "06:54:50.351",
        "InArea": "True"
    },
    {
        "x": "530",
        "y": "122",
        "Time": "06:54:50.401",
        "InArea": "True"
    },
    {
        "x": "529",
        "y": "120",
        "Time": "06:54:50.450",
        "InArea": "True"
    },
    {
        "x": "527",
        "y": "119",
        "Time": "06:54:50.501",
        "InArea": "True"
    },
    {
        "x": "526",
        "y": "117",
        "Time": "06:54:50.545",
        "InArea": "True"
    },
    {
        "x": "524",
        "y": "116",
        "Time": "06:54:50.606",
        "InArea": "True"
    },
    {
        "x": "522",
        "y": "115",
        "Time": "06:54:50.658",
        "InArea": "True"
    },
    {
        "x": "519",
        "y": "114",
        "Time": "06:54:50.706",
        "InArea": "True"
    },
    {
        "x": "517",
        "y": "112",
        "Time": "06:54:50.760",
        "InArea": "True"
    },
    {
        "x": "516",
        "y": "111",
        "Time": "06:54:50.805",
        "InArea": "True"
    },
    {
        "x": "515",
        "y": "110",
        "Time": "06:54:50.844",
        "InArea": "True"
    },
    {
        "x": "514",
        "y": "109",
        "Time": "06:54:50.888",
        "InArea": "True"
    },
    {
        "x": "514",
        "y": "108",
        "Time": "06:54:50.934",
        "InArea": "True"
    },
    {
        "x": "512",
        "y": "107",
        "Time": "06:54:50.981",
        "InArea": "True"
    },
    {
        "x": "509",
        "y": "106",
        "Time": "06:54:51.031",
        "InArea": "True"
    },
    {
        "x": "507",
        "y": "106",
        "Time": "06:54:51.072",
        "InArea": "True"
    },
    {
        "x": "506",
        "y": "106",
        "Time": "06:54:51.117",
        "InArea": "True"
    },
    {
        "x": "503",
        "y": "102",
        "Time": "06:54:51.165",
        "InArea": "False"
    }
]