[
    {
        "x": "535",
        "y": "123",
        "Time": "07:47:40.415",
        "InArea": "True"
    },
    {
        "x": "534",
        "y": "123",
        "Time": "07:47:40.465",
        "InArea": "True"
    },
    {
        "x": "533",
        "y": "122",
        "Time": "07:47:40.511",
        "InArea": "True"
    },
    {
        "x": "532",
        "y": "121",
        "Time": "07:47:40.558",
        "InArea": "True"
    },
    {
        "x": "531",
        "y": "121",
        "Time": "07:47:40.606",
        "InArea": "True"
    },
    {
        "x": "531",
        "y": "121",
        "Time": "07:47:40.649",
        "InArea": "True"
    },
    {
        "x": "532",
        "y": "120",
        "Time": "07:47:40.688",
        "InArea": "True"
    },
    {
        "x": "532",
        "y": "120",
        "Time": "07:47:40.791",
        "InArea": "True"
    },
    {
        "x": "530",
        "y": "119",
        "Time": "07:47:40.844",
        "InArea": "True"
    },
    {
        "x": "529",
        "y": "119",
        "Time": "07:47:40.896",
        "InArea": "True"
    },
    {
        "x": "528",
        "y": "118",
        "Time": "07:47:40.942",
        "InArea": "True"
    },
    {
        "x": "527",
        "y": "118",
        "Time": "07:47:40.985",
        "InArea": "True"
    },
    {
        "x": "526",
        "y": "118",
        "Time": "07:47:41.029",
        "InArea": "True"
    },
    {
        "x": "525",
        "y": "117",
        "Time": "07:47:41.079",
        "InArea": "True"
    },
    {
        "x": "523",
        "y": "116",
        "Time": "07:47:41.119",
        "InArea": "True"
    },
    {
        "x": "522",
        "y": "115",
        "Time": "07:47:41.169",
        "InArea": "True"
    },
    {
        "x": "522",
        "y": "114",
        "Time": "07:47:41.207",
        "InArea": "True"
    },
    {
        "x": "521",
        "y": "113",
        "Time": "07:47:41.251",
        "InArea": "True"
    },
    {
        "x": "520",
        "y": "112",
        "Time": "07:47:41.291",
        "InArea": "True"
    },
    {
        "x": "519",
        "y": "111",
        "Time": "07:47:41.337",
        "InArea": "True"
    },
    {
        "x": "516",
        "y": "110",
        "Time": "07:47:41.391",
        "InArea": "True"
    },
    {
        "x": "515",
        "y": "110",
        "Time": "07:47:41.444",
        "InArea": "True"
    },
    {
        "x": "514",
        "y": "108",
        "Time": "07:47:41.484",
        "InArea": "True"
    },
    {
        "x": "511",
        "y": "108",
        "Time": "07:47:41.529",
        "InArea": "True"
    },
    {
        "x": "509",
        "y": "107",
        "Time": "07:47:41.577",
        "InArea": "True"
    },
    {
        "x": "508",
        "y": "106",
        "Time": "07:47:41.617",
        "InArea": "True"
    },
    {
        "x": "507",
        "y": "106",
        "Time": "07:47:41.664",
        "InArea": "True"
    },
    {
        "x": "505",
        "y": "106",
        "Time": "07:47:41.707",
        "InArea": "True"
    },
    {
        "x": "504",
        "y": "105",
        "Time": "07:47:41.752",
        "InArea": "False"
    },
    {
        "x": "503",
        "y": "105",
        "Time": "07:47:41.793",
        "InArea": "True"
    },
    {
        "x": "502",
        "y": "105",
        "Time": "07:47:41.842",
        "InArea": "True"
    },
    {
        "x": "501",
        "y": "102",
        "Time": "07:47:41.886",
        "InArea": "False"
    }
]