[
    {
        "x": "541",
        "y": "122",
        "Time": "06:58:46.763",
        "InArea": "True"
    },
    {
        "x": "541",
        "y": "121",
        "Time": "06:58:46.811",
        "InArea": "True"
    },
    {
        "x": "541",
        "y": "121",
        "Time": "06:58:46.908",
        "InArea": "True"
    },
    {
        "x": "540",
        "y": "120",
        "Time": "06:58:46.962",
        "InArea": "True"
    },
    {
        "x": "541",
        "y": "120",
        "Time": "06:58:47.012",
        "InArea": "True"
    },
    {
        "x": "540",
        "y": "120",
        "Time": "06:58:47.066",
        "InArea": "True"
    },
    {
        "x": "539",
        "y": "119",
        "Time": "06:58:47.119",
        "InArea": "True"
    },
    {
        "x": "537",
        "y": "118",
        "Time": "06:58:47.159",
        "InArea": "True"
    },
    {
        "x": "536",
        "y": "117",
        "Time": "06:58:47.207",
        "InArea": "True"
    },
    {
        "x": "535",
        "y": "117",
        "Time": "06:58:47.251",
        "InArea": "True"
    },
    {
        "x": "534",
        "y": "117",
        "Time": "06:58:47.289",
        "InArea": "True"
    },
    {
        "x": "533",
        "y": "117",
        "Time": "06:58:47.332",
        "InArea": "True"
    },
    {
        "x": "532",
        "y": "116",
        "Time": "06:58:47.376",
        "InArea": "True"
    },
    {
        "x": "531",
        "y": "115",
        "Time": "06:58:47.422",
        "InArea": "True"
    },
    {
        "x": "530",
        "y": "115",
        "Time": "06:58:47.463",
        "InArea": "True"
    },
    {
        "x": "529",
        "y": "114",
        "Time": "06:58:47.505",
        "InArea": "True"
    },
    {
        "x": "529",
        "y": "114",
        "Time": "06:58:47.544",
        "InArea": "True"
    },
    {
        "x": "528",
        "y": "114",
        "Time": "06:58:47.588",
        "InArea": "True"
    },
    {
        "x": "528",
        "y": "114",
        "Time": "06:58:47.632",
        "InArea": "True"
    },
    {
        "x": "526",
        "y": "113",
        "Time": "06:58:47.677",
        "InArea": "True"
    },
    {
        "x": "524",
        "y": "112",
        "Time": "06:58:47.723",
        "InArea": "True"
    },
    {
        "x": "522",
        "y": "110",
        "Time": "06:58:47.772",
        "InArea": "True"
    },
    {
        "x": "520",
        "y": "109",
        "Time": "06:58:47.815",
        "InArea": "True"
    },
    {
        "x": "519",
        "y": "109",
        "Time": "06:58:47.864",
        "InArea": "True"
    },
    {
        "x": "517",
        "y": "108",
        "Time": "06:58:47.908",
        "InArea": "True"
    },
    {
        "x": "515",
        "y": "107",
        "Time": "06:58:47.954",
        "InArea": "True"
    },
    {
        "x": "515",
        "y": "106",
        "Time": "06:58:47.993",
        "InArea": "True"
    },
    {
        "x": "515",
        "y": "106",
        "Time": "06:58:48.033",
        "InArea": "True"
    },
    {
        "x": "514",
        "y": "106",
        "Time": "06:58:48.077",
        "InArea": "True"
    },
    {
        "x": "511",
        "y": "105",
        "Time": "06:58:48.131",
        "InArea": "True"
    },
    {
        "x": "510",
        "y": "105",
        "Time": "06:58:48.174",
        "InArea": "True"
    },
    {
        "x": "507",
        "y": "102",
        "Time": "06:58:48.215",
        "InArea": "False"
    }
]