[
    {
        "x": "539",
        "y": "122",
        "Time": "07:28:00.906",
        "InArea": "True"
    },
    {
        "x": "539",
        "y": "121",
        "Time": "07:28:00.947",
        "InArea": "True"
    },
    {
        "x": "538",
        "y": "119",
        "Time": "07:28:01.000",
        "InArea": "True"
    },
    {
        "x": "537",
        "y": "118",
        "Time": "07:28:01.049",
        "InArea": "True"
    },
    {
        "x": "536",
        "y": "118",
        "Time": "07:28:01.096",
        "InArea": "True"
    },
    {
        "x": "534",
        "y": "117",
        "Time": "07:28:01.137",
        "InArea": "True"
    },
    {
        "x": "533",
        "y": "116",
        "Time": "07:28:01.178",
        "InArea": "True"
    },
    {
        "x": "532",
        "y": "116",
        "Time": "07:28:01.221",
        "InArea": "True"
    },
    {
        "x": "531",
        "y": "115",
        "Time": "07:28:01.274",
        "InArea": "True"
    },
    {
        "x": "529",
        "y": "114",
        "Time": "07:28:01.317",
        "InArea": "True"
    },
    {
        "x": "528",
        "y": "113",
        "Time": "07:28:01.367",
        "InArea": "True"
    },
    {
        "x": "527",
        "y": "113",
        "Time": "07:28:01.407",
        "InArea": "True"
    },
    {
        "x": "525",
        "y": "112",
        "Time": "07:28:01.456",
        "InArea": "True"
    },
    {
        "x": "523",
        "y": "111",
        "Time": "07:28:01.506",
        "InArea": "True"
    },
    {
        "x": "521",
        "y": "110",
        "Time": "07:28:01.556",
        "InArea": "True"
    },
    {
        "x": "520",
        "y": "109",
        "Time": "07:28:01.608",
        "InArea": "True"
    },
    {
        "x": "519",
        "y": "109",
        "Time": "07:28:01.654",
        "InArea": "True"
    },
    {
        "x": "519",
        "y": "109",
        "Time": "07:28:01.696",
        "InArea": "True"
    },
    {
        "x": "516",
        "y": "108",
        "Time": "07:28:01.741",
        "InArea": "True"
    },
    {
        "x": "515",
        "y": "108",
        "Time": "07:28:01.781",
        "InArea": "True"
    },
    {
        "x": "514",
        "y": "108",
        "Time": "07:28:01.831",
        "InArea": "True"
    },
    {
        "x": "515",
        "y": "108",
        "Time": "07:28:01.877",
        "InArea": "True"
    },
    {
        "x": "515",
        "y": "108",
        "Time": "07:28:01.925",
        "InArea": "True"
    },
    {
        "x": "514",
        "y": "107",
        "Time": "07:28:01.971",
        "InArea": "True"
    },
    {
        "x": "513",
        "y": "106",
        "Time": "07:28:02.020",
        "InArea": "True"
    },
    {
        "x": "512",
        "y": "106",
        "Time": "07:28:02.070",
        "InArea": "True"
    },
    {
        "x": "510",
        "y": "106",
        "Time": "07:28:02.113",
        "InArea": "True"
    },
    {
        "x": "509",
        "y": "106",
        "Time": "07:28:02.162",
        "InArea": "True"
    },
    {
        "x": "508",
        "y": "106",
        "Time": "07:28:02.200",
        "InArea": "True"
    },
    {
        "x": "506",
        "y": "106",
        "Time": "07:28:02.248",
        "InArea": "True"
    },
    {
        "x": "505",
        "y": "106",
        "Time": "07:28:02.287",
        "InArea": "True"
    },
    {
        "x": "504",
        "y": "102",
        "Time": "07:28:02.339",
        "InArea": "False"
    }
]