[
    {
        "x": "544",
        "y": "132",
        "Time": "08:27:34.937",
        "InArea": "True"
    },
    {
        "x": "544",
        "y": "132",
        "Time": "08:27:34.995",
        "InArea": "True"
    },
    {
        "x": "542",
        "y": "132",
        "Time": "08:27:35.045",
        "InArea": "True"
    },
    {
        "x": "541",
        "y": "132",
        "Time": "08:27:35.095",
        "InArea": "True"
    },
    {
        "x": "539",
        "y": "131",
        "Time": "08:27:35.141",
        "InArea": "True"
    },
    {
        "x": "537",
        "y": "131",
        "Time": "08:27:35.186",
        "InArea": "True"
    },
    {
        "x": "535",
        "y": "131",
        "Time": "08:27:35.230",
        "InArea": "True"
    },
    {
        "x": "532",
        "y": "130",
        "Time": "08:27:35.284",
        "InArea": "True"
    },
    {
        "x": "532",
        "y": "129",
        "Time": "08:27:35.333",
        "InArea": "True"
    },
    {
        "x": "533",
        "y": "128",
        "Time": "08:27:35.385",
        "InArea": "True"
    },
    {
        "x": "531",
        "y": "126",
        "Time": "08:27:35.432",
        "InArea": "True"
    },
    {
        "x": "530",
        "y": "125",
        "Time": "08:27:35.478",
        "InArea": "True"
    },
    {
        "x": "529",
        "y": "124",
        "Time": "08:27:35.528",
        "InArea": "True"
    },
    {
        "x": "527",
        "y": "123",
        "Time": "08:27:35.582",
        "InArea": "True"
    },
    {
        "x": "524",
        "y": "121",
        "Time": "08:27:35.639",
        "InArea": "True"
    },
    {
        "x": "522",
        "y": "120",
        "Time": "08:27:35.677",
        "InArea": "True"
    },
    {
        "x": "520",
        "y": "119",
        "Time": "08:27:35.728",
        "InArea": "True"
    },
    {
        "x": "519",
        "y": "117",
        "Time": "08:27:35.780",
        "InArea": "True"
    },
    {
        "x": "518",
        "y": "115",
        "Time": "08:27:35.824",
        "InArea": "True"
    },
    {
        "x": "517",
        "y": "113",
        "Time": "08:27:35.867",
        "InArea": "True"
    },
    {
        "x": "516",
        "y": "112",
        "Time": "08:27:35.915",
        "InArea": "True"
    },
    {
        "x": "515",
        "y": "112",
        "Time": "08:27:35.959",
        "InArea": "True"
    },
    {
        "x": "513",
        "y": "112",
        "Time": "08:27:36.003",
        "InArea": "True"
    },
    {
        "x": "509",
        "y": "111",
        "Time": "08:27:36.053",
        "InArea": "True"
    },
    {
        "x": "507",
        "y": "110",
        "Time": "08:27:36.101",
        "InArea": "True"
    },
    {
        "x": "505",
        "y": "109",
        "Time": "08:27:36.150",
        "InArea": "True"
    },
    {
        "x": "503",
        "y": "108",
        "Time": "08:27:36.195",
        "InArea": "True"
    },
    {
        "x": "501",
        "y": "107",
        "Time": "08:27:36.252",
        "InArea": "True"
    },
    {
        "x": "499",
        "y": "107",
        "Time": "08:27:36.304",
        "InArea": "True"
    },
    {
        "x": "498",
        "y": "107",
        "Time": "08:27:36.347",
        "InArea": "True"
    },
    {
        "x": "497",
        "y": "106",
        "Time": "08:27:36.391",
        "InArea": "True"
    },
    {
        "x": "496",
        "y": "103",
        "Time": "08:27:36.435",
        "InArea": "False"
    }
]