[
    {
        "x": "534",
        "y": "126",
        "Time": "12:41:47.515",
        "InArea": "True"
    },
    {
        "x": "533",
        "y": "126",
        "Time": "12:41:47.558",
        "InArea": "True"
    },
    {
        "x": "532",
        "y": "126",
        "Time": "12:41:47.600",
        "InArea": "True"
    },
    {
        "x": "531",
        "y": "125",
        "Time": "12:41:47.648",
        "InArea": "True"
    },
    {
        "x": "531",
        "y": "123",
        "Time": "12:41:47.697",
        "InArea": "True"
    },
    {
        "x": "531",
        "y": "122",
        "Time": "12:41:47.743",
        "InArea": "True"
    },
    {
        "x": "530",
        "y": "121",
        "Time": "12:41:47.784",
        "InArea": "True"
    },
    {
        "x": "529",
        "y": "120",
        "Time": "12:41:47.827",
        "InArea": "True"
    },
    {
        "x": "527",
        "y": "119",
        "Time": "12:41:47.885",
        "InArea": "True"
    },
    {
        "x": "526",
        "y": "118",
        "Time": "12:41:47.930",
        "InArea": "True"
    },
    {
        "x": "526",
        "y": "118",
        "Time": "12:41:47.975",
        "InArea": "True"
    },
    {
        "x": "525",
        "y": "117",
        "Time": "12:41:48.025",
        "InArea": "True"
    },
    {
        "x": "523",
        "y": "116",
        "Time": "12:41:48.070",
        "InArea": "True"
    },
    {
        "x": "522",
        "y": "115",
        "Time": "12:41:48.115",
        "InArea": "True"
    },
    {
        "x": "522",
        "y": "113",
        "Time": "12:41:48.168",
        "InArea": "True"
    },
    {
        "x": "522",
        "y": "113",
        "Time": "12:41:48.214",
        "InArea": "True"
    },
    {
        "x": "521",
        "y": "113",
        "Time": "12:41:48.259",
        "InArea": "True"
    },
    {
        "x": "520",
        "y": "111",
        "Time": "12:41:48.304",
        "InArea": "True"
    },
    {
        "x": "518",
        "y": "111",
        "Time": "12:41:48.360",
        "InArea": "True"
    },
    {
        "x": "517",
        "y": "110",
        "Time": "12:41:48.402",
        "InArea": "True"
    },
    {
        "x": "515",
        "y": "109",
        "Time": "12:41:48.444",
        "InArea": "True"
    },
    {
        "x": "513",
        "y": "109",
        "Time": "12:41:48.483",
        "InArea": "True"
    },
    {
        "x": "512",
        "y": "109",
        "Time": "12:41:48.526",
        "InArea": "True"
    },
    {
        "x": "509",
        "y": "108",
        "Time": "12:41:48.573",
        "InArea": "True"
    },
    {
        "x": "506",
        "y": "108",
        "Time": "12:41:48.630",
        "InArea": "True"
    },
    {
        "x": "504",
        "y": "107",
        "Time": "12:41:48.677",
        "InArea": "True"
    },
    {
        "x": "503",
        "y": "106",
        "Time": "12:41:48.725",
        "InArea": "True"
    },
    {
        "x": "502",
        "y": "106",
        "Time": "12:41:48.768",
        "InArea": "True"
    },
    {
        "x": "502",
        "y": "106",
        "Time": "12:41:48.810",
        "InArea": "True"
    },
    {
        "x": "501",
        "y": "106",
        "Time": "12:41:48.852",
        "InArea": "True"
    },
    {
        "x": "501",
        "y": "105",
        "Time": "12:41:48.890",
        "InArea": "False"
    },
    {
        "x": "501",
        "y": "104",
        "Time": "12:41:48.934",
        "InArea": "False"
    }
]