[
    {
        "x": "539",
        "y": "129",
        "Time": "19:30:27.600",
        "InArea": "True"
    },
    {
        "x": "536",
        "y": "128",
        "Time": "19:30:27.646",
        "InArea": "True"
    },
    {
        "x": "535",
        "y": "128",
        "Time": "19:30:27.691",
        "InArea": "True"
    },
    {
        "x": "534",
        "y": "128",
        "Time": "19:30:27.730",
        "InArea": "True"
    },
    {
        "x": "533",
        "y": "126",
        "Time": "19:30:27.772",
        "InArea": "True"
    },
    {
        "x": "531",
        "y": "124",
        "Time": "19:30:27.819",
        "InArea": "True"
    },
    {
        "x": "530",
        "y": "123",
        "Time": "19:30:27.864",
        "InArea": "True"
    },
    {
        "x": "528",
        "y": "122",
        "Time": "19:30:27.912",
        "InArea": "True"
    },
    {
        "x": "528",
        "y": "121",
        "Time": "19:30:27.959",
        "InArea": "True"
    },
    {
        "x": "527",
        "y": "120",
        "Time": "19:30:28.004",
        "InArea": "True"
    },
    {
        "x": "526",
        "y": "119",
        "Time": "19:30:28.049",
        "InArea": "True"
    },
    {
        "x": "526",
        "y": "119",
        "Time": "19:30:28.098",
        "InArea": "True"
    },
    {
        "x": "526",
        "y": "118",
        "Time": "19:30:28.154",
        "InArea": "True"
    },
    {
        "x": "524",
        "y": "116",
        "Time": "19:30:28.199",
        "InArea": "True"
    },
    {
        "x": "523",
        "y": "116",
        "Time": "19:30:28.238",
        "InArea": "True"
    },
    {
        "x": "521",
        "y": "115",
        "Time": "19:30:28.280",
        "InArea": "True"
    },
    {
        "x": "520",
        "y": "115",
        "Time": "19:30:28.324",
        "InArea": "True"
    },
    {
        "x": "518",
        "y": "114",
        "Time": "19:30:28.372",
        "InArea": "True"
    },
    {
        "x": "516",
        "y": "113",
        "Time": "19:30:28.414",
        "InArea": "True"
    },
    {
        "x": "515",
        "y": "112",
        "Time": "19:30:28.455",
        "InArea": "True"
    },
    {
        "x": "515",
        "y": "112",
        "Time": "19:30:28.499",
        "InArea": "True"
    },
    {
        "x": "512",
        "y": "110",
        "Time": "19:30:28.551",
        "InArea": "True"
    },
    {
        "x": "511",
        "y": "110",
        "Time": "19:30:28.604",
        "InArea": "True"
    },
    {
        "x": "509",
        "y": "110",
        "Time": "19:30:28.657",
        "InArea": "True"
    },
    {
        "x": "507",
        "y": "109",
        "Time": "19:30:28.711",
        "InArea": "True"
    },
    {
        "x": "506",
        "y": "108",
        "Time": "19:30:28.762",
        "InArea": "True"
    },
    {
        "x": "506",
        "y": "107",
        "Time": "19:30:28.806",
        "InArea": "True"
    },
    {
        "x": "503",
        "y": "106",
        "Time": "19:30:28.849",
        "InArea": "True"
    },
    {
        "x": "501",
        "y": "106",
        "Time": "19:30:28.897",
        "InArea": "True"
    },
    {
        "x": "500",
        "y": "105",
        "Time": "19:30:28.944",
        "InArea": "True"
    },
    {
        "x": "498",
        "y": "105",
        "Time": "19:30:28.991",
        "InArea": "True"
    },
    {
        "x": "497",
        "y": "104",
        "Time": "19:30:29.036",
        "InArea": "False"
    }
]