[
    {
        "x": "535",
        "y": "129",
        "Time": "08:09:17.698",
        "InArea": "True"
    },
    {
        "x": "534",
        "y": "130",
        "Time": "08:09:17.749",
        "InArea": "True"
    },
    {
        "x": "535",
        "y": "127",
        "Time": "08:09:17.809",
        "InArea": "True"
    },
    {
        "x": "535",
        "y": "126",
        "Time": "08:09:17.859",
        "InArea": "True"
    },
    {
        "x": "533",
        "y": "122",
        "Time": "08:09:17.909",
        "InArea": "True"
    },
    {
        "x": "532",
        "y": "119",
        "Time": "08:09:17.951",
        "InArea": "True"
    },
    {
        "x": "531",
        "y": "115",
        "Time": "08:09:17.994",
        "InArea": "True"
    },
    {
        "x": "531",
        "y": "113",
        "Time": "08:09:18.034",
        "InArea": "True"
    },
    {
        "x": "529",
        "y": "111",
        "Time": "08:09:18.083",
        "InArea": "True"
    },
    {
        "x": "528",
        "y": "110",
        "Time": "08:09:18.134",
        "InArea": "True"
    },
    {
        "x": "528",
        "y": "109",
        "Time": "08:09:18.190",
        "InArea": "True"
    },
    {
        "x": "529",
        "y": "109",
        "Time": "08:09:18.247",
        "InArea": "True"
    },
    {
        "x": "526",
        "y": "110",
        "Time": "08:09:18.296",
        "InArea": "True"
    },
    {
        "x": "524",
        "y": "109",
        "Time": "08:09:18.336",
        "InArea": "True"
    },
    {
        "x": "525",
        "y": "110",
        "Time": "08:09:18.383",
        "InArea": "True"
    },
    {
        "x": "524",
        "y": "110",
        "Time": "08:09:18.435",
        "InArea": "True"
    },
    {
        "x": "521",
        "y": "110",
        "Time": "08:09:18.483",
        "InArea": "True"
    },
    {
        "x": "521",
        "y": "111",
        "Time": "08:09:18.527",
        "InArea": "True"
    },
    {
        "x": "519",
        "y": "111",
        "Time": "08:09:18.574",
        "InArea": "True"
    },
    {
        "x": "519",
        "y": "111",
        "Time": "08:09:18.654",
        "InArea": "True"
    },
    {
        "x": "517",
        "y": "110",
        "Time": "08:09:18.699",
        "InArea": "True"
    },
    {
        "x": "514",
        "y": "109",
        "Time": "08:09:18.736",
        "InArea": "True"
    },
    {
        "x": "512",
        "y": "109",
        "Time": "08:09:18.780",
        "InArea": "True"
    },
    {
        "x": "510",
        "y": "109",
        "Time": "08:09:18.825",
        "InArea": "True"
    },
    {
        "x": "509",
        "y": "108",
        "Time": "08:09:18.869",
        "InArea": "True"
    },
    {
        "x": "507",
        "y": "107",
        "Time": "08:09:18.914",
        "InArea": "True"
    },
    {
        "x": "507",
        "y": "107",
        "Time": "08:09:18.957",
        "InArea": "True"
    },
    {
        "x": "505",
        "y": "107",
        "Time": "08:09:19.004",
        "InArea": "True"
    },
    {
        "x": "504",
        "y": "107",
        "Time": "08:09:19.044",
        "InArea": "True"
    },
    {
        "x": "504",
        "y": "106",
        "Time": "08:09:19.088",
        "InArea": "True"
    },
    {
        "x": "503",
        "y": "106",
        "Time": "08:09:19.127",
        "InArea": "True"
    },
    {
        "x": "501",
        "y": "103",
        "Time": "08:09:19.176",
        "InArea": "False"
    }
]