[
    {
        "x": "548",
        "y": "125",
        "Time": "08:00:12.715",
        "InArea": "True"
    },
    {
        "x": "548",
        "y": "124",
        "Time": "08:00:12.765",
        "InArea": "True"
    },
    {
        "x": "548",
        "y": "123",
        "Time": "08:00:12.808",
        "InArea": "True"
    },
    {
        "x": "548",
        "y": "123",
        "Time": "08:00:12.868",
        "InArea": "True"
    },
    {
        "x": "547",
        "y": "123",
        "Time": "08:00:12.928",
        "InArea": "True"
    },
    {
        "x": "547",
        "y": "123",
        "Time": "08:00:12.980",
        "InArea": "True"
    },
    {
        "x": "546",
        "y": "122",
        "Time": "08:00:13.032",
        "InArea": "True"
    },
    {
        "x": "545",
        "y": "120",
        "Time": "08:00:13.084",
        "InArea": "True"
    },
    {
        "x": "544",
        "y": "119",
        "Time": "08:00:13.135",
        "InArea": "True"
    },
    {
        "x": "544",
        "y": "118",
        "Time": "08:00:13.188",
        "InArea": "True"
    },
    {
        "x": "544",
        "y": "118",
        "Time": "08:00:13.228",
        "InArea": "True"
    },
    {
        "x": "541",
        "y": "117",
        "Time": "08:00:13.270",
        "InArea": "True"
    },
    {
        "x": "540",
        "y": "117",
        "Time": "08:00:13.318",
        "InArea": "True"
    },
    {
        "x": "539",
        "y": "117",
        "Time": "08:00:13.366",
        "InArea": "True"
    },
    {
        "x": "538",
        "y": "116",
        "Time": "08:00:13.419",
        "InArea": "True"
    },
    {
        "x": "538",
        "y": "116",
        "Time": "08:00:13.471",
        "InArea": "True"
    },
    {
        "x": "536",
        "y": "115",
        "Time": "08:00:13.526",
        "InArea": "True"
    },
    {
        "x": "535",
        "y": "114",
        "Time": "08:00:13.571",
        "InArea": "True"
    },
    {
        "x": "535",
        "y": "114",
        "Time": "08:00:13.622",
        "InArea": "True"
    },
    {
        "x": "534",
        "y": "113",
        "Time": "08:00:13.666",
        "InArea": "True"
    },
    {
        "x": "532",
        "y": "113",
        "Time": "08:00:13.710",
        "InArea": "True"
    },
    {
        "x": "529",
        "y": "112",
        "Time": "08:00:13.758",
        "InArea": "True"
    },
    {
        "x": "529",
        "y": "111",
        "Time": "08:00:13.797",
        "InArea": "True"
    },
    {
        "x": "526",
        "y": "110",
        "Time": "08:00:13.845",
        "InArea": "True"
    },
    {
        "x": "526",
        "y": "109",
        "Time": "08:00:13.888",
        "InArea": "True"
    },
    {
        "x": "526",
        "y": "109",
        "Time": "08:00:13.933",
        "InArea": "True"
    },
    {
        "x": "524",
        "y": "108",
        "Time": "08:00:13.973",
        "InArea": "True"
    },
    {
        "x": "520",
        "y": "107",
        "Time": "08:00:14.025",
        "InArea": "True"
    },
    {
        "x": "518",
        "y": "107",
        "Time": "08:00:14.070",
        "InArea": "True"
    },
    {
        "x": "516",
        "y": "107",
        "Time": "08:00:14.124",
        "InArea": "True"
    },
    {
        "x": "514",
        "y": "106",
        "Time": "08:00:14.168",
        "InArea": "True"
    },
    {
        "x": "513",
        "y": "102",
        "Time": "08:00:14.207",
        "InArea": "False"
    }
]