[
    {
        "x": "543",
        "y": "128",
        "Time": "08:11:40.197",
        "InArea": "True"
    },
    {
        "x": "543",
        "y": "128",
        "Time": "08:11:40.240",
        "InArea": "True"
    },
    {
        "x": "543",
        "y": "129",
        "Time": "08:11:40.293",
        "InArea": "True"
    },
    {
        "x": "543",
        "y": "129",
        "Time": "08:11:40.341",
        "InArea": "True"
    },
    {
        "x": "542",
        "y": "128",
        "Time": "08:11:40.380",
        "InArea": "True"
    },
    {
        "x": "541",
        "y": "127",
        "Time": "08:11:40.430",
        "InArea": "True"
    },
    {
        "x": "540",
        "y": "127",
        "Time": "08:11:40.472",
        "InArea": "True"
    },
    {
        "x": "540",
        "y": "126",
        "Time": "08:11:40.521",
        "InArea": "True"
    },
    {
        "x": "538",
        "y": "125",
        "Time": "08:11:40.569",
        "InArea": "True"
    },
    {
        "x": "537",
        "y": "124",
        "Time": "08:11:40.609",
        "InArea": "True"
    },
    {
        "x": "537",
        "y": "123",
        "Time": "08:11:40.660",
        "InArea": "True"
    },
    {
        "x": "536",
        "y": "122",
        "Time": "08:11:40.713",
        "InArea": "True"
    },
    {
        "x": "535",
        "y": "120",
        "Time": "08:11:40.761",
        "InArea": "True"
    },
    {
        "x": "534",
        "y": "119",
        "Time": "08:11:40.803",
        "InArea": "True"
    },
    {
        "x": "533",
        "y": "118",
        "Time": "08:11:40.844",
        "InArea": "True"
    },
    {
        "x": "531",
        "y": "117",
        "Time": "08:11:40.894",
        "InArea": "True"
    },
    {
        "x": "530",
        "y": "117",
        "Time": "08:11:40.936",
        "InArea": "True"
    },
    {
        "x": "528",
        "y": "116",
        "Time": "08:11:40.983",
        "InArea": "True"
    },
    {
        "x": "527",
        "y": "116",
        "Time": "08:11:41.027",
        "InArea": "True"
    },
    {
        "x": "524",
        "y": "114",
        "Time": "08:11:41.078",
        "InArea": "True"
    },
    {
        "x": "522",
        "y": "113",
        "Time": "08:11:41.135",
        "InArea": "True"
    },
    {
        "x": "519",
        "y": "112",
        "Time": "08:11:41.186",
        "InArea": "True"
    },
    {
        "x": "518",
        "y": "111",
        "Time": "08:11:41.235",
        "InArea": "True"
    },
    {
        "x": "515",
        "y": "110",
        "Time": "08:11:41.287",
        "InArea": "True"
    },
    {
        "x": "512",
        "y": "109",
        "Time": "08:11:41.333",
        "InArea": "True"
    },
    {
        "x": "509",
        "y": "107",
        "Time": "08:11:41.380",
        "InArea": "True"
    },
    {
        "x": "508",
        "y": "106",
        "Time": "08:11:41.423",
        "InArea": "True"
    },
    {
        "x": "506",
        "y": "105",
        "Time": "08:11:41.465",
        "InArea": "True"
    },
    {
        "x": "505",
        "y": "105",
        "Time": "08:11:41.504",
        "InArea": "True"
    },
    {
        "x": "504",
        "y": "105",
        "Time": "08:11:41.548",
        "InArea": "True"
    },
    {
        "x": "502",
        "y": "105",
        "Time": "08:11:41.597",
        "InArea": "True"
    },
    {
        "x": "500",
        "y": "104",
        "Time": "08:11:41.652",
        "InArea": "False"
    }
]