[
    {
        "x": "539",
        "y": "129",
        "Time": "11:06:12.229",
        "InArea": "True"
    },
    {
        "x": "539",
        "y": "128",
        "Time": "11:06:12.276",
        "InArea": "True"
    },
    {
        "x": "538",
        "y": "128",
        "Time": "11:06:12.318",
        "InArea": "True"
    },
    {
        "x": "537",
        "y": "128",
        "Time": "11:06:12.374",
        "InArea": "True"
    },
    {
        "x": "537",
        "y": "128",
        "Time": "11:06:12.424",
        "InArea": "True"
    },
    {
        "x": "537",
        "y": "128",
        "Time": "11:06:12.480",
        "InArea": "True"
    },
    {
        "x": "537",
        "y": "128",
        "Time": "11:06:12.527",
        "InArea": "True"
    },
    {
        "x": "536",
        "y": "127",
        "Time": "11:06:12.583",
        "InArea": "True"
    },
    {
        "x": "537",
        "y": "127",
        "Time": "11:06:12.625",
        "InArea": "True"
    },
    {
        "x": "537",
        "y": "126",
        "Time": "11:06:12.671",
        "InArea": "True"
    },
    {
        "x": "536",
        "y": "125",
        "Time": "11:06:12.721",
        "InArea": "True"
    },
    {
        "x": "535",
        "y": "125",
        "Time": "11:06:12.759",
        "InArea": "True"
    },
    {
        "x": "535",
        "y": "125",
        "Time": "11:06:12.805",
        "InArea": "True"
    },
    {
        "x": "535",
        "y": "124",
        "Time": "11:06:12.849",
        "InArea": "True"
    },
    {
        "x": "534",
        "y": "123",
        "Time": "11:06:12.889",
        "InArea": "True"
    },
    {
        "x": "532",
        "y": "122",
        "Time": "11:06:12.934",
        "InArea": "True"
    },
    {
        "x": "530",
        "y": "121",
        "Time": "11:06:12.979",
        "InArea": "True"
    },
    {
        "x": "529",
        "y": "120",
        "Time": "11:06:13.023",
        "InArea": "True"
    },
    {
        "x": "526",
        "y": "117",
        "Time": "11:06:13.066",
        "InArea": "True"
    },
    {
        "x": "526",
        "y": "116",
        "Time": "11:06:13.110",
        "InArea": "True"
    },
    {
        "x": "526",
        "y": "115",
        "Time": "11:06:13.163",
        "InArea": "True"
    },
    {
        "x": "523",
        "y": "114",
        "Time": "11:06:13.209",
        "InArea": "True"
    },
    {
        "x": "521",
        "y": "112",
        "Time": "11:06:13.258",
        "InArea": "True"
    },
    {
        "x": "518",
        "y": "111",
        "Time": "11:06:13.306",
        "InArea": "True"
    },
    {
        "x": "517",
        "y": "110",
        "Time": "11:06:13.345",
        "InArea": "True"
    },
    {
        "x": "516",
        "y": "110",
        "Time": "11:06:13.390",
        "InArea": "True"
    },
    {
        "x": "514",
        "y": "109",
        "Time": "11:06:13.432",
        "InArea": "True"
    },
    {
        "x": "512",
        "y": "108",
        "Time": "11:06:13.480",
        "InArea": "True"
    },
    {
        "x": "509",
        "y": "106",
        "Time": "11:06:13.528",
        "InArea": "True"
    },
    {
        "x": "506",
        "y": "106",
        "Time": "11:06:13.579",
        "InArea": "True"
    },
    {
        "x": "504",
        "y": "105",
        "Time": "11:06:13.627",
        "InArea": "True"
    },
    {
        "x": "502",
        "y": "104",
        "Time": "11:06:13.675",
        "InArea": "False"
    }
]