[
    {
        "x": "543",
        "y": "132",
        "Time": "07:29:42.183",
        "InArea": "True"
    },
    {
        "x": "543",
        "y": "132",
        "Time": "07:29:42.234",
        "InArea": "True"
    },
    {
        "x": "543",
        "y": "131",
        "Time": "07:29:42.272",
        "InArea": "True"
    },
    {
        "x": "542",
        "y": "131",
        "Time": "07:29:42.317",
        "InArea": "True"
    },
    {
        "x": "542",
        "y": "131",
        "Time": "07:29:42.364",
        "InArea": "True"
    },
    {
        "x": "542",
        "y": "132",
        "Time": "07:29:42.402",
        "InArea": "True"
    },
    {
        "x": "542",
        "y": "131",
        "Time": "07:29:42.449",
        "InArea": "True"
    },
    {
        "x": "541",
        "y": "131",
        "Time": "07:29:42.495",
        "InArea": "True"
    },
    {
        "x": "540",
        "y": "130",
        "Time": "07:29:42.541",
        "InArea": "True"
    },
    {
        "x": "540",
        "y": "130",
        "Time": "07:29:42.578",
        "InArea": "True"
    },
    {
        "x": "539",
        "y": "129",
        "Time": "07:29:42.619",
        "InArea": "True"
    },
    {
        "x": "537",
        "y": "128",
        "Time": "07:29:42.677",
        "InArea": "True"
    },
    {
        "x": "535",
        "y": "127",
        "Time": "07:29:42.718",
        "InArea": "True"
    },
    {
        "x": "534",
        "y": "127",
        "Time": "07:29:42.762",
        "InArea": "True"
    },
    {
        "x": "533",
        "y": "126",
        "Time": "07:29:42.805",
        "InArea": "True"
    },
    {
        "x": "531",
        "y": "125",
        "Time": "07:29:42.846",
        "InArea": "True"
    },
    {
        "x": "530",
        "y": "124",
        "Time": "07:29:42.896",
        "InArea": "True"
    },
    {
        "x": "528",
        "y": "122",
        "Time": "07:29:42.941",
        "InArea": "True"
    },
    {
        "x": "527",
        "y": "121",
        "Time": "07:29:42.989",
        "InArea": "True"
    },
    {
        "x": "526",
        "y": "119",
        "Time": "07:29:43.038",
        "InArea": "True"
    },
    {
        "x": "523",
        "y": "118",
        "Time": "07:29:43.079",
        "InArea": "True"
    },
    {
        "x": "520",
        "y": "117",
        "Time": "07:29:43.121",
        "InArea": "True"
    },
    {
        "x": "518",
        "y": "116",
        "Time": "07:29:43.163",
        "InArea": "True"
    },
    {
        "x": "516",
        "y": "115",
        "Time": "07:29:43.205",
        "InArea": "True"
    },
    {
        "x": "513",
        "y": "113",
        "Time": "07:29:43.254",
        "InArea": "True"
    },
    {
        "x": "510",
        "y": "111",
        "Time": "07:29:43.307",
        "InArea": "True"
    },
    {
        "x": "508",
        "y": "110",
        "Time": "07:29:43.358",
        "InArea": "True"
    },
    {
        "x": "506",
        "y": "109",
        "Time": "07:29:43.400",
        "InArea": "True"
    },
    {
        "x": "505",
        "y": "107",
        "Time": "07:29:43.442",
        "InArea": "True"
    },
    {
        "x": "504",
        "y": "106",
        "Time": "07:29:43.485",
        "InArea": "True"
    },
    {
        "x": "501",
        "y": "105",
        "Time": "07:29:43.528",
        "InArea": "False"
    },
    {
        "x": "500",
        "y": "104",
        "Time": "07:29:43.576",
        "InArea": "False"
    }
]