[
    {
        "x": "538",
        "y": "127",
        "Time": "06:03:47.871",
        "InArea": "True"
    },
    {
        "x": "537",
        "y": "127",
        "Time": "06:03:47.916",
        "InArea": "True"
    },
    {
        "x": "536",
        "y": "126",
        "Time": "06:03:47.956",
        "InArea": "True"
    },
    {
        "x": "535",
        "y": "126",
        "Time": "06:03:48.001",
        "InArea": "True"
    },
    {
        "x": "534",
        "y": "125",
        "Time": "06:03:48.043",
        "InArea": "True"
    },
    {
        "x": "534",
        "y": "125",
        "Time": "06:03:48.088",
        "InArea": "True"
    },
    {
        "x": "533",
        "y": "125",
        "Time": "06:03:48.132",
        "InArea": "True"
    },
    {
        "x": "533",
        "y": "124",
        "Time": "06:03:48.177",
        "InArea": "True"
    },
    {
        "x": "532",
        "y": "124",
        "Time": "06:03:48.227",
        "InArea": "True"
    },
    {
        "x": "532",
        "y": "123",
        "Time": "06:03:48.280",
        "InArea": "True"
    },
    {
        "x": "531",
        "y": "122",
        "Time": "06:03:48.333",
        "InArea": "True"
    },
    {
        "x": "531",
        "y": "121",
        "Time": "06:03:48.381",
        "InArea": "True"
    },
    {
        "x": "531",
        "y": "119",
        "Time": "06:03:48.425",
        "InArea": "True"
    },
    {
        "x": "531",
        "y": "118",
        "Time": "06:03:48.469",
        "InArea": "True"
    },
    {
        "x": "531",
        "y": "118",
        "Time": "06:03:48.510",
        "InArea": "True"
    },
    {
        "x": "530",
        "y": "117",
        "Time": "06:03:48.554",
        "InArea": "True"
    },
    {
        "x": "528",
        "y": "115",
        "Time": "06:03:48.608",
        "InArea": "True"
    },
    {
        "x": "526",
        "y": "114",
        "Time": "06:03:48.655",
        "InArea": "True"
    },
    {
        "x": "525",
        "y": "114",
        "Time": "06:03:48.697",
        "InArea": "True"
    },
    {
        "x": "523",
        "y": "113",
        "Time": "06:03:48.744",
        "InArea": "True"
    },
    {
        "x": "521",
        "y": "112",
        "Time": "06:03:48.785",
        "InArea": "True"
    },
    {
        "x": "518",
        "y": "111",
        "Time": "06:03:48.827",
        "InArea": "True"
    },
    {
        "x": "517",
        "y": "110",
        "Time": "06:03:48.874",
        "InArea": "True"
    },
    {
        "x": "516",
        "y": "109",
        "Time": "06:03:48.913",
        "InArea": "True"
    },
    {
        "x": "515",
        "y": "108",
        "Time": "06:03:48.960",
        "InArea": "True"
    },
    {
        "x": "511",
        "y": "108",
        "Time": "06:03:49.007",
        "InArea": "True"
    },
    {
        "x": "507",
        "y": "107",
        "Time": "06:03:49.064",
        "InArea": "True"
    },
    {
        "x": "505",
        "y": "107",
        "Time": "06:03:49.107",
        "InArea": "True"
    },
    {
        "x": "503",
        "y": "106",
        "Time": "06:03:49.149",
        "InArea": "True"
    },
    {
        "x": "502",
        "y": "106",
        "Time": "06:03:49.191",
        "InArea": "True"
    },
    {
        "x": "501",
        "y": "105",
        "Time": "06:03:49.234",
        "InArea": "True"
    },
    {
        "x": "499",
        "y": "103",
        "Time": "06:03:49.278",
        "InArea": "False"
    }
]