[
    {
        "x": "544",
        "y": "134",
        "Time": "07:00:24.472",
        "InArea": "True"
    },
    {
        "x": "543",
        "y": "133",
        "Time": "07:00:24.515",
        "InArea": "True"
    },
    {
        "x": "541",
        "y": "133",
        "Time": "07:00:24.556",
        "InArea": "True"
    },
    {
        "x": "539",
        "y": "133",
        "Time": "07:00:24.594",
        "InArea": "True"
    },
    {
        "x": "538",
        "y": "133",
        "Time": "07:00:24.637",
        "InArea": "True"
    },
    {
        "x": "537",
        "y": "132",
        "Time": "07:00:24.695",
        "InArea": "True"
    },
    {
        "x": "536",
        "y": "131",
        "Time": "07:00:24.745",
        "InArea": "True"
    },
    {
        "x": "534",
        "y": "130",
        "Time": "07:00:24.797",
        "InArea": "True"
    },
    {
        "x": "533",
        "y": "130",
        "Time": "07:00:24.844",
        "InArea": "True"
    },
    {
        "x": "531",
        "y": "129",
        "Time": "07:00:24.887",
        "InArea": "True"
    },
    {
        "x": "530",
        "y": "128",
        "Time": "07:00:24.932",
        "InArea": "True"
    },
    {
        "x": "530",
        "y": "127",
        "Time": "07:00:24.977",
        "InArea": "True"
    },
    {
        "x": "529",
        "y": "126",
        "Time": "07:00:25.027",
        "InArea": "True"
    },
    {
        "x": "528",
        "y": "126",
        "Time": "07:00:25.067",
        "InArea": "True"
    },
    {
        "x": "527",
        "y": "124",
        "Time": "07:00:25.113",
        "InArea": "True"
    },
    {
        "x": "527",
        "y": "122",
        "Time": "07:00:25.160",
        "InArea": "True"
    },
    {
        "x": "527",
        "y": "121",
        "Time": "07:00:25.204",
        "InArea": "True"
    },
    {
        "x": "526",
        "y": "119",
        "Time": "07:00:25.247",
        "InArea": "True"
    },
    {
        "x": "525",
        "y": "118",
        "Time": "07:00:25.298",
        "InArea": "True"
    },
    {
        "x": "523",
        "y": "117",
        "Time": "07:00:25.348",
        "InArea": "True"
    },
    {
        "x": "521",
        "y": "116",
        "Time": "07:00:25.401",
        "InArea": "True"
    },
    {
        "x": "518",
        "y": "114",
        "Time": "07:00:25.451",
        "InArea": "True"
    },
    {
        "x": "516",
        "y": "113",
        "Time": "07:00:25.496",
        "InArea": "True"
    },
    {
        "x": "514",
        "y": "112",
        "Time": "07:00:25.545",
        "InArea": "True"
    },
    {
        "x": "511",
        "y": "111",
        "Time": "07:00:25.601",
        "InArea": "True"
    },
    {
        "x": "509",
        "y": "110",
        "Time": "07:00:25.653",
        "InArea": "True"
    },
    {
        "x": "506",
        "y": "109",
        "Time": "07:00:25.715",
        "InArea": "True"
    },
    {
        "x": "504",
        "y": "108",
        "Time": "07:00:25.761",
        "InArea": "True"
    },
    {
        "x": "502",
        "y": "107",
        "Time": "07:00:25.803",
        "InArea": "True"
    },
    {
        "x": "499",
        "y": "107",
        "Time": "07:00:25.860",
        "InArea": "True"
    },
    {
        "x": "498",
        "y": "106",
        "Time": "07:00:25.914",
        "InArea": "True"
    },
    {
        "x": "496",
        "y": "102",
        "Time": "07:00:25.958",
        "InArea": "False"
    }
]