[
    {
        "x": "530",
        "y": "125",
        "Time": "07:58:55.385",
        "InArea": "True"
    },
    {
        "x": "530",
        "y": "124",
        "Time": "07:58:55.424",
        "InArea": "True"
    },
    {
        "x": "530",
        "y": "124",
        "Time": "07:58:55.473",
        "InArea": "True"
    },
    {
        "x": "530",
        "y": "123",
        "Time": "07:58:55.525",
        "InArea": "True"
    },
    {
        "x": "530",
        "y": "123",
        "Time": "07:58:55.567",
        "InArea": "True"
    },
    {
        "x": "530",
        "y": "122",
        "Time": "07:58:55.625",
        "InArea": "True"
    },
    {
        "x": "528",
        "y": "121",
        "Time": "07:58:55.682",
        "InArea": "True"
    },
    {
        "x": "527",
        "y": "121",
        "Time": "07:58:55.729",
        "InArea": "True"
    },
    {
        "x": "527",
        "y": "120",
        "Time": "07:58:55.768",
        "InArea": "True"
    },
    {
        "x": "526",
        "y": "119",
        "Time": "07:58:55.817",
        "InArea": "True"
    },
    {
        "x": "525",
        "y": "118",
        "Time": "07:58:55.866",
        "InArea": "True"
    },
    {
        "x": "524",
        "y": "117",
        "Time": "07:58:55.913",
        "InArea": "True"
    },
    {
        "x": "523",
        "y": "116",
        "Time": "07:58:55.956",
        "InArea": "True"
    },
    {
        "x": "522",
        "y": "116",
        "Time": "07:58:56.003",
        "InArea": "True"
    },
    {
        "x": "521",
        "y": "115",
        "Time": "07:58:56.048",
        "InArea": "True"
    },
    {
        "x": "519",
        "y": "114",
        "Time": "07:58:56.091",
        "InArea": "True"
    },
    {
        "x": "518",
        "y": "113",
        "Time": "07:58:56.132",
        "InArea": "True"
    },
    {
        "x": "515",
        "y": "112",
        "Time": "07:58:56.175",
        "InArea": "True"
    },
    {
        "x": "513",
        "y": "112",
        "Time": "07:58:56.218",
        "InArea": "True"
    },
    {
        "x": "511",
        "y": "112",
        "Time": "07:58:56.262",
        "InArea": "True"
    },
    {
        "x": "510",
        "y": "112",
        "Time": "07:58:56.309",
        "InArea": "True"
    },
    {
        "x": "508",
        "y": "111",
        "Time": "07:58:56.355",
        "InArea": "True"
    },
    {
        "x": "508",
        "y": "109",
        "Time": "07:58:56.396",
        "InArea": "True"
    },
    {
        "x": "505",
        "y": "108",
        "Time": "07:58:56.452",
        "InArea": "True"
    },
    {
        "x": "503",
        "y": "107",
        "Time": "07:58:56.496",
        "InArea": "True"
    },
    {
        "x": "502",
        "y": "107",
        "Time": "07:58:56.546",
        "InArea": "True"
    },
    {
        "x": "500",
        "y": "107",
        "Time": "07:58:56.587",
        "InArea": "True"
    },
    {
        "x": "499",
        "y": "107",
        "Time": "07:58:56.628",
        "InArea": "True"
    },
    {
        "x": "499",
        "y": "107",
        "Time": "07:58:56.668",
        "InArea": "True"
    },
    {
        "x": "499",
        "y": "106",
        "Time": "07:58:56.722",
        "InArea": "True"
    },
    {
        "x": "498",
        "y": "106",
        "Time": "07:58:56.765",
        "InArea": "True"
    },
    {
        "x": "496",
        "y": "103",
        "Time": "07:58:56.807",
        "InArea": "False"
    }
]