[
    {
        "x": "540",
        "y": "127",
        "Time": "08:11:31.051",
        "InArea": "True"
    },
    {
        "x": "539",
        "y": "126",
        "Time": "08:11:31.103",
        "InArea": "True"
    },
    {
        "x": "538",
        "y": "125",
        "Time": "08:11:31.146",
        "InArea": "True"
    },
    {
        "x": "537",
        "y": "125",
        "Time": "08:11:31.193",
        "InArea": "True"
    },
    {
        "x": "536",
        "y": "124",
        "Time": "08:11:31.236",
        "InArea": "True"
    },
    {
        "x": "536",
        "y": "123",
        "Time": "08:11:31.285",
        "InArea": "True"
    },
    {
        "x": "535",
        "y": "122",
        "Time": "08:11:31.325",
        "InArea": "True"
    },
    {
        "x": "535",
        "y": "121",
        "Time": "08:11:31.375",
        "InArea": "True"
    },
    {
        "x": "535",
        "y": "120",
        "Time": "08:11:31.421",
        "InArea": "True"
    },
    {
        "x": "534",
        "y": "120",
        "Time": "08:11:31.465",
        "InArea": "True"
    },
    {
        "x": "533",
        "y": "120",
        "Time": "08:11:31.509",
        "InArea": "True"
    },
    {
        "x": "532",
        "y": "119",
        "Time": "08:11:31.550",
        "InArea": "True"
    },
    {
        "x": "532",
        "y": "118",
        "Time": "08:11:31.609",
        "InArea": "True"
    },
    {
        "x": "530",
        "y": "117",
        "Time": "08:11:31.658",
        "InArea": "True"
    },
    {
        "x": "527",
        "y": "115",
        "Time": "08:11:31.704",
        "InArea": "True"
    },
    {
        "x": "525",
        "y": "113",
        "Time": "08:11:31.751",
        "InArea": "True"
    },
    {
        "x": "523",
        "y": "112",
        "Time": "08:11:31.797",
        "InArea": "True"
    },
    {
        "x": "522",
        "y": "112",
        "Time": "08:11:31.850",
        "InArea": "True"
    },
    {
        "x": "520",
        "y": "113",
        "Time": "08:11:31.898",
        "InArea": "True"
    },
    {
        "x": "517",
        "y": "113",
        "Time": "08:11:31.941",
        "InArea": "True"
    },
    {
        "x": "516",
        "y": "112",
        "Time": "08:11:31.984",
        "InArea": "True"
    },
    {
        "x": "515",
        "y": "111",
        "Time": "08:11:32.026",
        "InArea": "True"
    },
    {
        "x": "514",
        "y": "111",
        "Time": "08:11:32.070",
        "InArea": "True"
    },
    {
        "x": "512",
        "y": "109",
        "Time": "08:11:32.114",
        "InArea": "True"
    },
    {
        "x": "510",
        "y": "109",
        "Time": "08:11:32.160",
        "InArea": "True"
    },
    {
        "x": "509",
        "y": "109",
        "Time": "08:11:32.203",
        "InArea": "True"
    },
    {
        "x": "508",
        "y": "108",
        "Time": "08:11:32.253",
        "InArea": "True"
    },
    {
        "x": "506",
        "y": "108",
        "Time": "08:11:32.306",
        "InArea": "True"
    },
    {
        "x": "505",
        "y": "107",
        "Time": "08:11:32.350",
        "InArea": "True"
    },
    {
        "x": "504",
        "y": "107",
        "Time": "08:11:32.391",
        "InArea": "True"
    },
    {
        "x": "502",
        "y": "106",
        "Time": "08:11:32.445",
        "InArea": "True"
    },
    {
        "x": "501",
        "y": "102",
        "Time": "08:11:32.486",
        "InArea": "False"
    }
]