[
    {
        "x": "541",
        "y": "131",
        "Time": "07:44:53.998",
        "InArea": "True"
    },
    {
        "x": "542",
        "y": "131",
        "Time": "07:44:54.043",
        "InArea": "True"
    },
    {
        "x": "542",
        "y": "131",
        "Time": "07:44:54.140",
        "InArea": "True"
    },
    {
        "x": "542",
        "y": "131",
        "Time": "07:44:54.187",
        "InArea": "True"
    },
    {
        "x": "541",
        "y": "131",
        "Time": "07:44:54.225",
        "InArea": "True"
    },
    {
        "x": "540",
        "y": "131",
        "Time": "07:44:54.266",
        "InArea": "True"
    },
    {
        "x": "540",
        "y": "131",
        "Time": "07:44:54.312",
        "InArea": "True"
    },
    {
        "x": "539",
        "y": "131",
        "Time": "07:44:54.353",
        "InArea": "True"
    },
    {
        "x": "538",
        "y": "131",
        "Time": "07:44:54.396",
        "InArea": "True"
    },
    {
        "x": "538",
        "y": "130",
        "Time": "07:44:54.449",
        "InArea": "True"
    },
    {
        "x": "537",
        "y": "130",
        "Time": "07:44:54.505",
        "InArea": "True"
    },
    {
        "x": "537",
        "y": "129",
        "Time": "07:44:54.546",
        "InArea": "True"
    },
    {
        "x": "536",
        "y": "128",
        "Time": "07:44:54.598",
        "InArea": "True"
    },
    {
        "x": "535",
        "y": "127",
        "Time": "07:44:54.647",
        "InArea": "True"
    },
    {
        "x": "534",
        "y": "126",
        "Time": "07:44:54.692",
        "InArea": "True"
    },
    {
        "x": "531",
        "y": "124",
        "Time": "07:44:54.742",
        "InArea": "True"
    },
    {
        "x": "529",
        "y": "123",
        "Time": "07:44:54.790",
        "InArea": "True"
    },
    {
        "x": "526",
        "y": "122",
        "Time": "07:44:54.830",
        "InArea": "True"
    },
    {
        "x": "525",
        "y": "120",
        "Time": "07:44:54.874",
        "InArea": "True"
    },
    {
        "x": "523",
        "y": "119",
        "Time": "07:44:54.915",
        "InArea": "True"
    },
    {
        "x": "522",
        "y": "117",
        "Time": "07:44:54.960",
        "InArea": "True"
    },
    {
        "x": "519",
        "y": "116",
        "Time": "07:44:55.009",
        "InArea": "True"
    },
    {
        "x": "517",
        "y": "116",
        "Time": "07:44:55.057",
        "InArea": "True"
    },
    {
        "x": "515",
        "y": "114",
        "Time": "07:44:55.106",
        "InArea": "True"
    },
    {
        "x": "513",
        "y": "111",
        "Time": "07:44:55.156",
        "InArea": "True"
    },
    {
        "x": "509",
        "y": "109",
        "Time": "07:44:55.206",
        "InArea": "True"
    },
    {
        "x": "507",
        "y": "108",
        "Time": "07:44:55.246",
        "InArea": "True"
    },
    {
        "x": "505",
        "y": "107",
        "Time": "07:44:55.288",
        "InArea": "True"
    },
    {
        "x": "503",
        "y": "107",
        "Time": "07:44:55.329",
        "InArea": "True"
    },
    {
        "x": "500",
        "y": "106",
        "Time": "07:44:55.375",
        "InArea": "True"
    },
    {
        "x": "498",
        "y": "104",
        "Time": "07:44:55.418",
        "InArea": "False"
    },
    {
        "x": "497",
        "y": "103",
        "Time": "07:44:55.461",
        "InArea": "False"
    }
]