[
    {
        "x": "544",
        "y": "132",
        "Time": "08:20:47.951",
        "InArea": "True"
    },
    {
        "x": "543",
        "y": "131",
        "Time": "08:20:47.999",
        "InArea": "True"
    },
    {
        "x": "544",
        "y": "132",
        "Time": "08:20:48.040",
        "InArea": "True"
    },
    {
        "x": "543",
        "y": "132",
        "Time": "08:20:48.086",
        "InArea": "True"
    },
    {
        "x": "543",
        "y": "131",
        "Time": "08:20:48.134",
        "InArea": "True"
    },
    {
        "x": "542",
        "y": "130",
        "Time": "08:20:48.184",
        "InArea": "True"
    },
    {
        "x": "540",
        "y": "128",
        "Time": "08:20:48.230",
        "InArea": "True"
    },
    {
        "x": "538",
        "y": "128",
        "Time": "08:20:48.273",
        "InArea": "True"
    },
    {
        "x": "536",
        "y": "126",
        "Time": "08:20:48.314",
        "InArea": "True"
    },
    {
        "x": "534",
        "y": "125",
        "Time": "08:20:48.362",
        "InArea": "True"
    },
    {
        "x": "533",
        "y": "124",
        "Time": "08:20:48.413",
        "InArea": "True"
    },
    {
        "x": "532",
        "y": "123",
        "Time": "08:20:48.464",
        "InArea": "True"
    },
    {
        "x": "531",
        "y": "123",
        "Time": "08:20:48.515",
        "InArea": "True"
    },
    {
        "x": "530",
        "y": "121",
        "Time": "08:20:48.566",
        "InArea": "True"
    },
    {
        "x": "529",
        "y": "120",
        "Time": "08:20:48.609",
        "InArea": "True"
    },
    {
        "x": "527",
        "y": "118",
        "Time": "08:20:48.654",
        "InArea": "True"
    },
    {
        "x": "525",
        "y": "117",
        "Time": "08:20:48.699",
        "InArea": "True"
    },
    {
        "x": "523",
        "y": "116",
        "Time": "08:20:48.743",
        "InArea": "True"
    },
    {
        "x": "521",
        "y": "114",
        "Time": "08:20:48.789",
        "InArea": "True"
    },
    {
        "x": "519",
        "y": "114",
        "Time": "08:20:48.836",
        "InArea": "True"
    },
    {
        "x": "517",
        "y": "112",
        "Time": "08:20:48.883",
        "InArea": "True"
    },
    {
        "x": "516",
        "y": "111",
        "Time": "08:20:48.927",
        "InArea": "True"
    },
    {
        "x": "514",
        "y": "110",
        "Time": "08:20:48.970",
        "InArea": "True"
    },
    {
        "x": "511",
        "y": "110",
        "Time": "08:20:49.018",
        "InArea": "True"
    },
    {
        "x": "507",
        "y": "109",
        "Time": "08:20:49.068",
        "InArea": "True"
    },
    {
        "x": "504",
        "y": "109",
        "Time": "08:20:49.119",
        "InArea": "True"
    },
    {
        "x": "501",
        "y": "108",
        "Time": "08:20:49.168",
        "InArea": "True"
    },
    {
        "x": "499",
        "y": "107",
        "Time": "08:20:49.213",
        "InArea": "True"
    },
    {
        "x": "498",
        "y": "106",
        "Time": "08:20:49.264",
        "InArea": "True"
    },
    {
        "x": "497",
        "y": "106",
        "Time": "08:20:49.309",
        "InArea": "True"
    },
    {
        "x": "496",
        "y": "106",
        "Time": "08:20:49.356",
        "InArea": "True"
    },
    {
        "x": "495",
        "y": "103",
        "Time": "08:20:49.403",
        "InArea": "False"
    }
]