[
    {
        "x": "545",
        "y": "129",
        "Time": "07:42:21.474",
        "InArea": "True"
    },
    {
        "x": "544",
        "y": "129",
        "Time": "07:42:21.523",
        "InArea": "True"
    },
    {
        "x": "544",
        "y": "129",
        "Time": "07:42:21.567",
        "InArea": "True"
    },
    {
        "x": "544",
        "y": "129",
        "Time": "07:42:21.616",
        "InArea": "True"
    },
    {
        "x": "544",
        "y": "129",
        "Time": "07:42:21.663",
        "InArea": "True"
    },
    {
        "x": "543",
        "y": "129",
        "Time": "07:42:21.704",
        "InArea": "True"
    },
    {
        "x": "542",
        "y": "129",
        "Time": "07:42:21.749",
        "InArea": "True"
    },
    {
        "x": "541",
        "y": "129",
        "Time": "07:42:21.792",
        "InArea": "True"
    },
    {
        "x": "540",
        "y": "128",
        "Time": "07:42:21.836",
        "InArea": "True"
    },
    {
        "x": "540",
        "y": "127",
        "Time": "07:42:21.877",
        "InArea": "True"
    },
    {
        "x": "539",
        "y": "126",
        "Time": "07:42:21.925",
        "InArea": "True"
    },
    {
        "x": "538",
        "y": "125",
        "Time": "07:42:21.976",
        "InArea": "True"
    },
    {
        "x": "536",
        "y": "124",
        "Time": "07:42:22.029",
        "InArea": "True"
    },
    {
        "x": "535",
        "y": "123",
        "Time": "07:42:22.081",
        "InArea": "True"
    },
    {
        "x": "533",
        "y": "123",
        "Time": "07:42:22.131",
        "InArea": "True"
    },
    {
        "x": "533",
        "y": "121",
        "Time": "07:42:22.183",
        "InArea": "True"
    },
    {
        "x": "532",
        "y": "120",
        "Time": "07:42:22.234",
        "InArea": "True"
    },
    {
        "x": "530",
        "y": "119",
        "Time": "07:42:22.291",
        "InArea": "True"
    },
    {
        "x": "528",
        "y": "117",
        "Time": "07:42:22.351",
        "InArea": "True"
    },
    {
        "x": "527",
        "y": "115",
        "Time": "07:42:22.400",
        "InArea": "True"
    },
    {
        "x": "525",
        "y": "114",
        "Time": "07:42:22.447",
        "InArea": "True"
    },
    {
        "x": "523",
        "y": "113",
        "Time": "07:42:22.496",
        "InArea": "True"
    },
    {
        "x": "521",
        "y": "111",
        "Time": "07:42:22.544",
        "InArea": "True"
    },
    {
        "x": "520",
        "y": "110",
        "Time": "07:42:22.596",
        "InArea": "True"
    },
    {
        "x": "519",
        "y": "110",
        "Time": "07:42:22.654",
        "InArea": "True"
    },
    {
        "x": "518",
        "y": "108",
        "Time": "07:42:22.697",
        "InArea": "True"
    },
    {
        "x": "514",
        "y": "107",
        "Time": "07:42:22.746",
        "InArea": "True"
    },
    {
        "x": "511",
        "y": "107",
        "Time": "07:42:22.794",
        "InArea": "True"
    },
    {
        "x": "508",
        "y": "106",
        "Time": "07:42:22.842",
        "InArea": "True"
    },
    {
        "x": "506",
        "y": "105",
        "Time": "07:42:22.893",
        "InArea": "True"
    },
    {
        "x": "505",
        "y": "105",
        "Time": "07:42:22.933",
        "InArea": "True"
    },
    {
        "x": "504",
        "y": "104",
        "Time": "07:42:22.975",
        "InArea": "False"
    }
]