[
    {
        "x": "538",
        "y": "124",
        "Time": "08:18:53.148",
        "InArea": "True"
    },
    {
        "x": "538",
        "y": "124",
        "Time": "08:18:53.195",
        "InArea": "True"
    },
    {
        "x": "538",
        "y": "124",
        "Time": "08:18:53.240",
        "InArea": "True"
    },
    {
        "x": "538",
        "y": "123",
        "Time": "08:18:53.282",
        "InArea": "True"
    },
    {
        "x": "538",
        "y": "121",
        "Time": "08:18:53.333",
        "InArea": "True"
    },
    {
        "x": "538",
        "y": "122",
        "Time": "08:18:53.384",
        "InArea": "True"
    },
    {
        "x": "537",
        "y": "122",
        "Time": "08:18:53.435",
        "InArea": "True"
    },
    {
        "x": "536",
        "y": "120",
        "Time": "08:18:53.484",
        "InArea": "True"
    },
    {
        "x": "535",
        "y": "119",
        "Time": "08:18:53.530",
        "InArea": "True"
    },
    {
        "x": "535",
        "y": "118",
        "Time": "08:18:53.578",
        "InArea": "True"
    },
    {
        "x": "534",
        "y": "117",
        "Time": "08:18:53.622",
        "InArea": "True"
    },
    {
        "x": "534",
        "y": "116",
        "Time": "08:18:53.666",
        "InArea": "True"
    },
    {
        "x": "532",
        "y": "115",
        "Time": "08:18:53.718",
        "InArea": "True"
    },
    {
        "x": "531",
        "y": "115",
        "Time": "08:18:53.758",
        "InArea": "True"
    },
    {
        "x": "531",
        "y": "114",
        "Time": "08:18:53.800",
        "InArea": "True"
    },
    {
        "x": "531",
        "y": "113",
        "Time": "08:18:53.848",
        "InArea": "True"
    },
    {
        "x": "529",
        "y": "112",
        "Time": "08:18:53.895",
        "InArea": "True"
    },
    {
        "x": "528",
        "y": "112",
        "Time": "08:18:53.939",
        "InArea": "True"
    },
    {
        "x": "526",
        "y": "111",
        "Time": "08:18:53.993",
        "InArea": "True"
    },
    {
        "x": "525",
        "y": "110",
        "Time": "08:18:54.044",
        "InArea": "True"
    },
    {
        "x": "524",
        "y": "109",
        "Time": "08:18:54.103",
        "InArea": "True"
    },
    {
        "x": "522",
        "y": "109",
        "Time": "08:18:54.157",
        "InArea": "True"
    },
    {
        "x": "522",
        "y": "110",
        "Time": "08:18:54.203",
        "InArea": "True"
    },
    {
        "x": "521",
        "y": "110",
        "Time": "08:18:54.247",
        "InArea": "True"
    },
    {
        "x": "519",
        "y": "109",
        "Time": "08:18:54.290",
        "InArea": "True"
    },
    {
        "x": "518",
        "y": "108",
        "Time": "08:18:54.339",
        "InArea": "True"
    },
    {
        "x": "519",
        "y": "108",
        "Time": "08:18:54.396",
        "InArea": "True"
    },
    {
        "x": "518",
        "y": "107",
        "Time": "08:18:54.449",
        "InArea": "True"
    },
    {
        "x": "516",
        "y": "106",
        "Time": "08:18:54.498",
        "InArea": "True"
    },
    {
        "x": "515",
        "y": "106",
        "Time": "08:18:54.540",
        "InArea": "True"
    },
    {
        "x": "513",
        "y": "106",
        "Time": "08:18:54.586",
        "InArea": "True"
    },
    {
        "x": "512",
        "y": "103",
        "Time": "08:18:54.626",
        "InArea": "False"
    }
]