[
    {
        "x": "550",
        "y": "126",
        "Time": "08:37:06.941",
        "InArea": "True"
    },
    {
        "x": "550",
        "y": "126",
        "Time": "08:37:06.996",
        "InArea": "True"
    },
    {
        "x": "550",
        "y": "126",
        "Time": "08:37:07.040",
        "InArea": "True"
    },
    {
        "x": "550",
        "y": "126",
        "Time": "08:37:07.088",
        "InArea": "True"
    },
    {
        "x": "550",
        "y": "125",
        "Time": "08:37:07.132",
        "InArea": "True"
    },
    {
        "x": "550",
        "y": "124",
        "Time": "08:37:07.188",
        "InArea": "True"
    },
    {
        "x": "549",
        "y": "123",
        "Time": "08:37:07.240",
        "InArea": "True"
    },
    {
        "x": "549",
        "y": "122",
        "Time": "08:37:07.293",
        "InArea": "True"
    },
    {
        "x": "549",
        "y": "121",
        "Time": "08:37:07.333",
        "InArea": "True"
    },
    {
        "x": "548",
        "y": "120",
        "Time": "08:37:07.383",
        "InArea": "True"
    },
    {
        "x": "548",
        "y": "120",
        "Time": "08:37:07.432",
        "InArea": "True"
    },
    {
        "x": "547",
        "y": "120",
        "Time": "08:37:07.475",
        "InArea": "True"
    },
    {
        "x": "547",
        "y": "120",
        "Time": "08:37:07.577",
        "InArea": "True"
    },
    {
        "x": "546",
        "y": "120",
        "Time": "08:37:07.624",
        "InArea": "True"
    },
    {
        "x": "546",
        "y": "119",
        "Time": "08:37:07.670",
        "InArea": "True"
    },
    {
        "x": "545",
        "y": "118",
        "Time": "08:37:07.722",
        "InArea": "True"
    },
    {
        "x": "544",
        "y": "118",
        "Time": "08:37:07.767",
        "InArea": "True"
    },
    {
        "x": "544",
        "y": "118",
        "Time": "08:37:07.810",
        "InArea": "True"
    },
    {
        "x": "543",
        "y": "116",
        "Time": "08:37:07.855",
        "InArea": "True"
    },
    {
        "x": "543",
        "y": "115",
        "Time": "08:37:07.893",
        "InArea": "True"
    },
    {
        "x": "542",
        "y": "114",
        "Time": "08:37:07.935",
        "InArea": "True"
    },
    {
        "x": "541",
        "y": "114",
        "Time": "08:37:07.983",
        "InArea": "True"
    },
    {
        "x": "539",
        "y": "114",
        "Time": "08:37:08.034",
        "InArea": "True"
    },
    {
        "x": "536",
        "y": "112",
        "Time": "08:37:08.082",
        "InArea": "True"
    },
    {
        "x": "532",
        "y": "110",
        "Time": "08:37:08.134",
        "InArea": "True"
    },
    {
        "x": "528",
        "y": "110",
        "Time": "08:37:08.190",
        "InArea": "True"
    },
    {
        "x": "525",
        "y": "109",
        "Time": "08:37:08.235",
        "InArea": "True"
    },
    {
        "x": "523",
        "y": "108",
        "Time": "08:37:08.279",
        "InArea": "True"
    },
    {
        "x": "521",
        "y": "107",
        "Time": "08:37:08.329",
        "InArea": "True"
    },
    {
        "x": "520",
        "y": "107",
        "Time": "08:37:08.381",
        "InArea": "True"
    },
    {
        "x": "518",
        "y": "106",
        "Time": "08:37:08.425",
        "InArea": "True"
    },
    {
        "x": "515",
        "y": "102",
        "Time": "08:37:08.465",
        "InArea": "False"
    }
]