[
    {
        "x": "535",
        "y": "128",
        "Time": "08:18:40.869",
        "InArea": "True"
    },
    {
        "x": "534",
        "y": "127",
        "Time": "08:18:40.915",
        "InArea": "True"
    },
    {
        "x": "535",
        "y": "127",
        "Time": "08:18:40.963",
        "InArea": "True"
    },
    {
        "x": "535",
        "y": "127",
        "Time": "08:18:41.013",
        "InArea": "True"
    },
    {
        "x": "534",
        "y": "127",
        "Time": "08:18:41.061",
        "InArea": "True"
    },
    {
        "x": "533",
        "y": "127",
        "Time": "08:18:41.112",
        "InArea": "True"
    },
    {
        "x": "532",
        "y": "125",
        "Time": "08:18:41.168",
        "InArea": "True"
    },
    {
        "x": "531",
        "y": "124",
        "Time": "08:18:41.222",
        "InArea": "True"
    },
    {
        "x": "530",
        "y": "123",
        "Time": "08:18:41.267",
        "InArea": "True"
    },
    {
        "x": "528",
        "y": "121",
        "Time": "08:18:41.324",
        "InArea": "True"
    },
    {
        "x": "527",
        "y": "120",
        "Time": "08:18:41.375",
        "InArea": "True"
    },
    {
        "x": "525",
        "y": "119",
        "Time": "08:18:41.423",
        "InArea": "True"
    },
    {
        "x": "524",
        "y": "119",
        "Time": "08:18:41.472",
        "InArea": "True"
    },
    {
        "x": "522",
        "y": "118",
        "Time": "08:18:41.523",
        "InArea": "True"
    },
    {
        "x": "521",
        "y": "118",
        "Time": "08:18:41.570",
        "InArea": "True"
    },
    {
        "x": "519",
        "y": "116",
        "Time": "08:18:41.619",
        "InArea": "True"
    },
    {
        "x": "518",
        "y": "115",
        "Time": "08:18:41.668",
        "InArea": "True"
    },
    {
        "x": "516",
        "y": "114",
        "Time": "08:18:41.720",
        "InArea": "True"
    },
    {
        "x": "515",
        "y": "114",
        "Time": "08:18:41.780",
        "InArea": "True"
    },
    {
        "x": "512",
        "y": "113",
        "Time": "08:18:41.833",
        "InArea": "True"
    },
    {
        "x": "510",
        "y": "112",
        "Time": "08:18:41.880",
        "InArea": "True"
    },
    {
        "x": "509",
        "y": "111",
        "Time": "08:18:41.931",
        "InArea": "True"
    },
    {
        "x": "507",
        "y": "109",
        "Time": "08:18:41.982",
        "InArea": "True"
    },
    {
        "x": "506",
        "y": "109",
        "Time": "08:18:42.029",
        "InArea": "True"
    },
    {
        "x": "505",
        "y": "109",
        "Time": "08:18:42.071",
        "InArea": "True"
    },
    {
        "x": "503",
        "y": "108",
        "Time": "08:18:42.114",
        "InArea": "True"
    },
    {
        "x": "502",
        "y": "108",
        "Time": "08:18:42.155",
        "InArea": "True"
    },
    {
        "x": "500",
        "y": "107",
        "Time": "08:18:42.200",
        "InArea": "True"
    },
    {
        "x": "499",
        "y": "106",
        "Time": "08:18:42.240",
        "InArea": "True"
    },
    {
        "x": "498",
        "y": "105",
        "Time": "08:18:42.291",
        "InArea": "True"
    },
    {
        "x": "497",
        "y": "105",
        "Time": "08:18:42.342",
        "InArea": "True"
    },
    {
        "x": "496",
        "y": "102",
        "Time": "08:18:42.387",
        "InArea": "False"
    }
]