[
    {
        "x": "540",
        "y": "123",
        "Time": "07:28:16.634",
        "InArea": "True"
    },
    {
        "x": "539",
        "y": "122",
        "Time": "07:28:16.679",
        "InArea": "True"
    },
    {
        "x": "539",
        "y": "121",
        "Time": "07:28:16.726",
        "InArea": "True"
    },
    {
        "x": "539",
        "y": "120",
        "Time": "07:28:16.773",
        "InArea": "True"
    },
    {
        "x": "539",
        "y": "120",
        "Time": "07:28:16.819",
        "InArea": "True"
    },
    {
        "x": "539",
        "y": "120",
        "Time": "07:28:16.866",
        "InArea": "True"
    },
    {
        "x": "538",
        "y": "120",
        "Time": "07:28:16.906",
        "InArea": "True"
    },
    {
        "x": "538",
        "y": "120",
        "Time": "07:28:16.990",
        "InArea": "True"
    },
    {
        "x": "538",
        "y": "119",
        "Time": "07:28:17.031",
        "InArea": "True"
    },
    {
        "x": "538",
        "y": "119",
        "Time": "07:28:17.086",
        "InArea": "True"
    },
    {
        "x": "536",
        "y": "118",
        "Time": "07:28:17.137",
        "InArea": "True"
    },
    {
        "x": "535",
        "y": "118",
        "Time": "07:28:17.174",
        "InArea": "True"
    },
    {
        "x": "535",
        "y": "118",
        "Time": "07:28:17.215",
        "InArea": "True"
    },
    {
        "x": "533",
        "y": "117",
        "Time": "07:28:17.262",
        "InArea": "True"
    },
    {
        "x": "532",
        "y": "117",
        "Time": "07:28:17.304",
        "InArea": "True"
    },
    {
        "x": "530",
        "y": "115",
        "Time": "07:28:17.350",
        "InArea": "True"
    },
    {
        "x": "529",
        "y": "114",
        "Time": "07:28:17.394",
        "InArea": "True"
    },
    {
        "x": "528",
        "y": "114",
        "Time": "07:28:17.440",
        "InArea": "True"
    },
    {
        "x": "527",
        "y": "113",
        "Time": "07:28:17.487",
        "InArea": "True"
    },
    {
        "x": "525",
        "y": "112",
        "Time": "07:28:17.543",
        "InArea": "True"
    },
    {
        "x": "524",
        "y": "111",
        "Time": "07:28:17.596",
        "InArea": "True"
    },
    {
        "x": "522",
        "y": "110",
        "Time": "07:28:17.642",
        "InArea": "True"
    },
    {
        "x": "521",
        "y": "110",
        "Time": "07:28:17.693",
        "InArea": "True"
    },
    {
        "x": "519",
        "y": "109",
        "Time": "07:28:17.732",
        "InArea": "True"
    },
    {
        "x": "518",
        "y": "109",
        "Time": "07:28:17.787",
        "InArea": "True"
    },
    {
        "x": "517",
        "y": "108",
        "Time": "07:28:17.849",
        "InArea": "True"
    },
    {
        "x": "516",
        "y": "107",
        "Time": "07:28:17.899",
        "InArea": "True"
    },
    {
        "x": "514",
        "y": "106",
        "Time": "07:28:17.954",
        "InArea": "True"
    },
    {
        "x": "513",
        "y": "105",
        "Time": "07:28:18.000",
        "InArea": "True"
    },
    {
        "x": "511",
        "y": "105",
        "Time": "07:28:18.052",
        "InArea": "True"
    },
    {
        "x": "509",
        "y": "105",
        "Time": "07:28:18.108",
        "InArea": "True"
    },
    {
        "x": "507",
        "y": "104",
        "Time": "07:28:18.166",
        "InArea": "False"
    }
]