[
    {
        "x": "533",
        "y": "130",
        "Time": "12:35:04.097",
        "InArea": "True"
    },
    {
        "x": "532",
        "y": "130",
        "Time": "12:35:04.139",
        "InArea": "True"
    },
    {
        "x": "532",
        "y": "130",
        "Time": "12:35:04.187",
        "InArea": "True"
    },
    {
        "x": "531",
        "y": "129",
        "Time": "12:35:04.230",
        "InArea": "True"
    },
    {
        "x": "530",
        "y": "128",
        "Time": "12:35:04.274",
        "InArea": "True"
    },
    {
        "x": "527",
        "y": "128",
        "Time": "12:35:04.317",
        "InArea": "True"
    },
    {
        "x": "527",
        "y": "127",
        "Time": "12:35:04.359",
        "InArea": "True"
    },
    {
        "x": "527",
        "y": "127",
        "Time": "12:35:04.402",
        "InArea": "True"
    },
    {
        "x": "526",
        "y": "125",
        "Time": "12:35:04.444",
        "InArea": "True"
    },
    {
        "x": "526",
        "y": "124",
        "Time": "12:35:04.489",
        "InArea": "True"
    },
    {
        "x": "526",
        "y": "121",
        "Time": "12:35:04.535",
        "InArea": "True"
    },
    {
        "x": "525",
        "y": "120",
        "Time": "12:35:04.574",
        "InArea": "True"
    },
    {
        "x": "525",
        "y": "119",
        "Time": "12:35:04.612",
        "InArea": "True"
    },
    {
        "x": "524",
        "y": "119",
        "Time": "12:35:04.652",
        "InArea": "True"
    },
    {
        "x": "522",
        "y": "119",
        "Time": "12:35:04.697",
        "InArea": "True"
    },
    {
        "x": "520",
        "y": "118",
        "Time": "12:35:04.748",
        "InArea": "True"
    },
    {
        "x": "519",
        "y": "116",
        "Time": "12:35:04.794",
        "InArea": "True"
    },
    {
        "x": "518",
        "y": "115",
        "Time": "12:35:04.846",
        "InArea": "True"
    },
    {
        "x": "515",
        "y": "113",
        "Time": "12:35:04.901",
        "InArea": "True"
    },
    {
        "x": "513",
        "y": "112",
        "Time": "12:35:04.947",
        "InArea": "True"
    },
    {
        "x": "511",
        "y": "111",
        "Time": "12:35:04.993",
        "InArea": "True"
    },
    {
        "x": "509",
        "y": "110",
        "Time": "12:35:05.044",
        "InArea": "True"
    },
    {
        "x": "508",
        "y": "110",
        "Time": "12:35:05.098",
        "InArea": "True"
    },
    {
        "x": "506",
        "y": "110",
        "Time": "12:35:05.139",
        "InArea": "True"
    },
    {
        "x": "505",
        "y": "109",
        "Time": "12:35:05.183",
        "InArea": "True"
    },
    {
        "x": "504",
        "y": "108",
        "Time": "12:35:05.230",
        "InArea": "True"
    },
    {
        "x": "502",
        "y": "107",
        "Time": "12:35:05.273",
        "InArea": "True"
    },
    {
        "x": "502",
        "y": "106",
        "Time": "12:35:05.318",
        "InArea": "True"
    },
    {
        "x": "500",
        "y": "106",
        "Time": "12:35:05.366",
        "InArea": "True"
    },
    {
        "x": "499",
        "y": "106",
        "Time": "12:35:05.410",
        "InArea": "True"
    },
    {
        "x": "498",
        "y": "104",
        "Time": "12:35:05.452",
        "InArea": "False"
    },
    {
        "x": "497",
        "y": "102",
        "Time": "12:35:05.500",
        "InArea": "False"
    }
]