[
    {
        "x": "546",
        "y": "129",
        "Time": "07:52:44.828",
        "InArea": "True"
    },
    {
        "x": "545",
        "y": "128",
        "Time": "07:52:44.874",
        "InArea": "True"
    },
    {
        "x": "545",
        "y": "127",
        "Time": "07:52:44.927",
        "InArea": "True"
    },
    {
        "x": "544",
        "y": "127",
        "Time": "07:52:44.980",
        "InArea": "True"
    },
    {
        "x": "544",
        "y": "127",
        "Time": "07:52:45.025",
        "InArea": "True"
    },
    {
        "x": "543",
        "y": "127",
        "Time": "07:52:45.070",
        "InArea": "True"
    },
    {
        "x": "543",
        "y": "127",
        "Time": "07:52:45.118",
        "InArea": "True"
    },
    {
        "x": "543",
        "y": "127",
        "Time": "07:52:45.157",
        "InArea": "True"
    },
    {
        "x": "542",
        "y": "127",
        "Time": "07:52:45.201",
        "InArea": "True"
    },
    {
        "x": "540",
        "y": "126",
        "Time": "07:52:45.246",
        "InArea": "True"
    },
    {
        "x": "539",
        "y": "125",
        "Time": "07:52:45.288",
        "InArea": "True"
    },
    {
        "x": "538",
        "y": "124",
        "Time": "07:52:45.329",
        "InArea": "True"
    },
    {
        "x": "538",
        "y": "124",
        "Time": "07:52:45.379",
        "InArea": "True"
    },
    {
        "x": "539",
        "y": "124",
        "Time": "07:52:45.431",
        "InArea": "True"
    },
    {
        "x": "538",
        "y": "123",
        "Time": "07:52:45.476",
        "InArea": "True"
    },
    {
        "x": "535",
        "y": "122",
        "Time": "07:52:45.524",
        "InArea": "True"
    },
    {
        "x": "534",
        "y": "122",
        "Time": "07:52:45.578",
        "InArea": "True"
    },
    {
        "x": "532",
        "y": "121",
        "Time": "07:52:45.638",
        "InArea": "True"
    },
    {
        "x": "529",
        "y": "119",
        "Time": "07:52:45.689",
        "InArea": "True"
    },
    {
        "x": "526",
        "y": "117",
        "Time": "07:52:45.736",
        "InArea": "True"
    },
    {
        "x": "524",
        "y": "114",
        "Time": "07:52:45.793",
        "InArea": "True"
    },
    {
        "x": "522",
        "y": "113",
        "Time": "07:52:45.847",
        "InArea": "True"
    },
    {
        "x": "520",
        "y": "112",
        "Time": "07:52:45.903",
        "InArea": "True"
    },
    {
        "x": "518",
        "y": "110",
        "Time": "07:52:45.954",
        "InArea": "True"
    },
    {
        "x": "516",
        "y": "109",
        "Time": "07:52:46.009",
        "InArea": "True"
    },
    {
        "x": "515",
        "y": "108",
        "Time": "07:52:46.068",
        "InArea": "True"
    },
    {
        "x": "514",
        "y": "108",
        "Time": "07:52:46.119",
        "InArea": "True"
    },
    {
        "x": "512",
        "y": "108",
        "Time": "07:52:46.173",
        "InArea": "True"
    },
    {
        "x": "511",
        "y": "107",
        "Time": "07:52:46.220",
        "InArea": "True"
    },
    {
        "x": "509",
        "y": "106",
        "Time": "07:52:46.266",
        "InArea": "True"
    },
    {
        "x": "508",
        "y": "105",
        "Time": "07:52:46.309",
        "InArea": "True"
    },
    {
        "x": "505",
        "y": "102",
        "Time": "07:52:46.359",
        "InArea": "False"
    }
]