[
    {
        "x": "530",
        "y": "124",
        "Time": "07:26:34.394",
        "InArea": "True"
    },
    {
        "x": "530",
        "y": "123",
        "Time": "07:26:34.449",
        "InArea": "True"
    },
    {
        "x": "529",
        "y": "122",
        "Time": "07:26:34.487",
        "InArea": "True"
    },
    {
        "x": "529",
        "y": "122",
        "Time": "07:26:34.537",
        "InArea": "True"
    },
    {
        "x": "528",
        "y": "122",
        "Time": "07:26:34.595",
        "InArea": "True"
    },
    {
        "x": "528",
        "y": "120",
        "Time": "07:26:34.650",
        "InArea": "True"
    },
    {
        "x": "527",
        "y": "119",
        "Time": "07:26:34.696",
        "InArea": "True"
    },
    {
        "x": "526",
        "y": "117",
        "Time": "07:26:34.739",
        "InArea": "True"
    },
    {
        "x": "525",
        "y": "116",
        "Time": "07:26:34.782",
        "InArea": "True"
    },
    {
        "x": "524",
        "y": "116",
        "Time": "07:26:34.824",
        "InArea": "True"
    },
    {
        "x": "523",
        "y": "115",
        "Time": "07:26:34.880",
        "InArea": "True"
    },
    {
        "x": "522",
        "y": "115",
        "Time": "07:26:34.924",
        "InArea": "True"
    },
    {
        "x": "521",
        "y": "115",
        "Time": "07:26:34.975",
        "InArea": "True"
    },
    {
        "x": "520",
        "y": "115",
        "Time": "07:26:35.017",
        "InArea": "True"
    },
    {
        "x": "518",
        "y": "114",
        "Time": "07:26:35.059",
        "InArea": "True"
    },
    {
        "x": "517",
        "y": "113",
        "Time": "07:26:35.106",
        "InArea": "True"
    },
    {
        "x": "515",
        "y": "112",
        "Time": "07:26:35.153",
        "InArea": "True"
    },
    {
        "x": "514",
        "y": "112",
        "Time": "07:26:35.197",
        "InArea": "True"
    },
    {
        "x": "513",
        "y": "111",
        "Time": "07:26:35.236",
        "InArea": "True"
    },
    {
        "x": "512",
        "y": "111",
        "Time": "07:26:35.280",
        "InArea": "True"
    },
    {
        "x": "510",
        "y": "110",
        "Time": "07:26:35.319",
        "InArea": "True"
    },
    {
        "x": "510",
        "y": "109",
        "Time": "07:26:35.362",
        "InArea": "True"
    },
    {
        "x": "510",
        "y": "108",
        "Time": "07:26:35.408",
        "InArea": "True"
    },
    {
        "x": "510",
        "y": "107",
        "Time": "07:26:35.458",
        "InArea": "True"
    },
    {
        "x": "509",
        "y": "107",
        "Time": "07:26:35.501",
        "InArea": "True"
    },
    {
        "x": "506",
        "y": "107",
        "Time": "07:26:35.546",
        "InArea": "True"
    },
    {
        "x": "505",
        "y": "107",
        "Time": "07:26:35.593",
        "InArea": "True"
    },
    {
        "x": "503",
        "y": "107",
        "Time": "07:26:35.638",
        "InArea": "True"
    },
    {
        "x": "502",
        "y": "107",
        "Time": "07:26:35.683",
        "InArea": "True"
    },
    {
        "x": "502",
        "y": "106",
        "Time": "07:26:35.725",
        "InArea": "True"
    },
    {
        "x": "501",
        "y": "105",
        "Time": "07:26:35.777",
        "InArea": "True"
    },
    {
        "x": "500",
        "y": "104",
        "Time": "07:26:35.820",
        "InArea": "False"
    }
]