[
    {
        "x": "544",
        "y": "127",
        "Time": "08:23:06.019",
        "InArea": "True"
    },
    {
        "x": "542",
        "y": "127",
        "Time": "08:23:06.065",
        "InArea": "True"
    },
    {
        "x": "541",
        "y": "127",
        "Time": "08:23:06.114",
        "InArea": "True"
    },
    {
        "x": "540",
        "y": "126",
        "Time": "08:23:06.157",
        "InArea": "True"
    },
    {
        "x": "539",
        "y": "126",
        "Time": "08:23:06.199",
        "InArea": "True"
    },
    {
        "x": "536",
        "y": "125",
        "Time": "08:23:06.247",
        "InArea": "True"
    },
    {
        "x": "535",
        "y": "124",
        "Time": "08:23:06.293",
        "InArea": "True"
    },
    {
        "x": "534",
        "y": "123",
        "Time": "08:23:06.333",
        "InArea": "True"
    },
    {
        "x": "533",
        "y": "122",
        "Time": "08:23:06.385",
        "InArea": "True"
    },
    {
        "x": "531",
        "y": "121",
        "Time": "08:23:06.429",
        "InArea": "True"
    },
    {
        "x": "529",
        "y": "119",
        "Time": "08:23:06.476",
        "InArea": "True"
    },
    {
        "x": "528",
        "y": "118",
        "Time": "08:23:06.524",
        "InArea": "True"
    },
    {
        "x": "526",
        "y": "118",
        "Time": "08:23:06.567",
        "InArea": "True"
    },
    {
        "x": "524",
        "y": "117",
        "Time": "08:23:06.620",
        "InArea": "True"
    },
    {
        "x": "522",
        "y": "117",
        "Time": "08:23:06.676",
        "InArea": "True"
    },
    {
        "x": "521",
        "y": "116",
        "Time": "08:23:06.721",
        "InArea": "True"
    },
    {
        "x": "521",
        "y": "115",
        "Time": "08:23:06.762",
        "InArea": "True"
    },
    {
        "x": "520",
        "y": "114",
        "Time": "08:23:06.812",
        "InArea": "True"
    },
    {
        "x": "518",
        "y": "112",
        "Time": "08:23:06.858",
        "InArea": "True"
    },
    {
        "x": "517",
        "y": "111",
        "Time": "08:23:06.905",
        "InArea": "True"
    },
    {
        "x": "516",
        "y": "111",
        "Time": "08:23:06.949",
        "InArea": "True"
    },
    {
        "x": "514",
        "y": "110",
        "Time": "08:23:06.995",
        "InArea": "True"
    },
    {
        "x": "511",
        "y": "110",
        "Time": "08:23:07.047",
        "InArea": "True"
    },
    {
        "x": "509",
        "y": "109",
        "Time": "08:23:07.098",
        "InArea": "True"
    },
    {
        "x": "508",
        "y": "109",
        "Time": "08:23:07.138",
        "InArea": "True"
    },
    {
        "x": "505",
        "y": "109",
        "Time": "08:23:07.191",
        "InArea": "True"
    },
    {
        "x": "503",
        "y": "108",
        "Time": "08:23:07.241",
        "InArea": "True"
    },
    {
        "x": "500",
        "y": "108",
        "Time": "08:23:07.288",
        "InArea": "True"
    },
    {
        "x": "499",
        "y": "108",
        "Time": "08:23:07.331",
        "InArea": "True"
    },
    {
        "x": "498",
        "y": "106",
        "Time": "08:23:07.374",
        "InArea": "True"
    },
    {
        "x": "498",
        "y": "106",
        "Time": "08:23:07.422",
        "InArea": "True"
    },
    {
        "x": "496",
        "y": "103",
        "Time": "08:23:07.469",
        "InArea": "False"
    }
]