[
    {
        "x": "536",
        "y": "123",
        "Time": "05:59:13.424",
        "InArea": "True"
    },
    {
        "x": "535",
        "y": "122",
        "Time": "05:59:13.463",
        "InArea": "True"
    },
    {
        "x": "535",
        "y": "122",
        "Time": "05:59:13.512",
        "InArea": "True"
    },
    {
        "x": "534",
        "y": "120",
        "Time": "05:59:13.558",
        "InArea": "True"
    },
    {
        "x": "533",
        "y": "119",
        "Time": "05:59:13.607",
        "InArea": "True"
    },
    {
        "x": "532",
        "y": "118",
        "Time": "05:59:13.655",
        "InArea": "True"
    },
    {
        "x": "531",
        "y": "117",
        "Time": "05:59:13.702",
        "InArea": "True"
    },
    {
        "x": "531",
        "y": "116",
        "Time": "05:59:13.745",
        "InArea": "True"
    },
    {
        "x": "530",
        "y": "115",
        "Time": "05:59:13.799",
        "InArea": "True"
    },
    {
        "x": "529",
        "y": "114",
        "Time": "05:59:13.855",
        "InArea": "True"
    },
    {
        "x": "529",
        "y": "114",
        "Time": "05:59:13.917",
        "InArea": "True"
    },
    {
        "x": "528",
        "y": "114",
        "Time": "05:59:13.962",
        "InArea": "True"
    },
    {
        "x": "526",
        "y": "112",
        "Time": "05:59:14.002",
        "InArea": "True"
    },
    {
        "x": "525",
        "y": "112",
        "Time": "05:59:14.046",
        "InArea": "True"
    },
    {
        "x": "525",
        "y": "111",
        "Time": "05:59:14.097",
        "InArea": "True"
    },
    {
        "x": "525",
        "y": "111",
        "Time": "05:59:14.146",
        "InArea": "True"
    },
    {
        "x": "523",
        "y": "111",
        "Time": "05:59:14.198",
        "InArea": "True"
    },
    {
        "x": "522",
        "y": "110",
        "Time": "05:59:14.241",
        "InArea": "True"
    },
    {
        "x": "522",
        "y": "110",
        "Time": "05:59:14.279",
        "InArea": "True"
    },
    {
        "x": "520",
        "y": "109",
        "Time": "05:59:14.339",
        "InArea": "True"
    },
    {
        "x": "518",
        "y": "109",
        "Time": "05:59:14.381",
        "InArea": "True"
    },
    {
        "x": "517",
        "y": "109",
        "Time": "05:59:14.418",
        "InArea": "True"
    },
    {
        "x": "515",
        "y": "109",
        "Time": "05:59:14.459",
        "InArea": "True"
    },
    {
        "x": "515",
        "y": "108",
        "Time": "05:59:14.508",
        "InArea": "True"
    },
    {
        "x": "515",
        "y": "108",
        "Time": "05:59:14.556",
        "InArea": "True"
    },
    {
        "x": "512",
        "y": "108",
        "Time": "05:59:14.602",
        "InArea": "True"
    },
    {
        "x": "509",
        "y": "107",
        "Time": "05:59:14.643",
        "InArea": "True"
    },
    {
        "x": "508",
        "y": "107",
        "Time": "05:59:14.689",
        "InArea": "True"
    },
    {
        "x": "507",
        "y": "106",
        "Time": "05:59:14.731",
        "InArea": "True"
    },
    {
        "x": "505",
        "y": "106",
        "Time": "05:59:14.783",
        "InArea": "True"
    },
    {
        "x": "503",
        "y": "105",
        "Time": "05:59:14.827",
        "InArea": "False"
    },
    {
        "x": "502",
        "y": "104",
        "Time": "05:59:14.872",
        "InArea": "False"
    }
]