[
    {
        "x": "542",
        "y": "133",
        "Time": "11:47:30.578",
        "InArea": "True"
    },
    {
        "x": "541",
        "y": "133",
        "Time": "11:47:30.617",
        "InArea": "True"
    },
    {
        "x": "540",
        "y": "133",
        "Time": "11:47:30.666",
        "InArea": "True"
    },
    {
        "x": "540",
        "y": "132",
        "Time": "11:47:30.713",
        "InArea": "True"
    },
    {
        "x": "539",
        "y": "131",
        "Time": "11:47:30.758",
        "InArea": "True"
    },
    {
        "x": "539",
        "y": "131",
        "Time": "11:47:30.803",
        "InArea": "True"
    },
    {
        "x": "538",
        "y": "130",
        "Time": "11:47:30.856",
        "InArea": "True"
    },
    {
        "x": "537",
        "y": "129",
        "Time": "11:47:30.906",
        "InArea": "True"
    },
    {
        "x": "536",
        "y": "128",
        "Time": "11:47:30.956",
        "InArea": "True"
    },
    {
        "x": "534",
        "y": "128",
        "Time": "11:47:31.005",
        "InArea": "True"
    },
    {
        "x": "533",
        "y": "128",
        "Time": "11:47:31.049",
        "InArea": "True"
    },
    {
        "x": "532",
        "y": "126",
        "Time": "11:47:31.103",
        "InArea": "True"
    },
    {
        "x": "530",
        "y": "123",
        "Time": "11:47:31.155",
        "InArea": "True"
    },
    {
        "x": "530",
        "y": "121",
        "Time": "11:47:31.208",
        "InArea": "True"
    },
    {
        "x": "529",
        "y": "121",
        "Time": "11:47:31.257",
        "InArea": "True"
    },
    {
        "x": "528",
        "y": "120",
        "Time": "11:47:31.300",
        "InArea": "True"
    },
    {
        "x": "526",
        "y": "119",
        "Time": "11:47:31.344",
        "InArea": "True"
    },
    {
        "x": "525",
        "y": "117",
        "Time": "11:47:31.392",
        "InArea": "True"
    },
    {
        "x": "523",
        "y": "115",
        "Time": "11:47:31.437",
        "InArea": "True"
    },
    {
        "x": "521",
        "y": "114",
        "Time": "11:47:31.485",
        "InArea": "True"
    },
    {
        "x": "518",
        "y": "113",
        "Time": "11:47:31.539",
        "InArea": "True"
    },
    {
        "x": "515",
        "y": "112",
        "Time": "11:47:31.584",
        "InArea": "True"
    },
    {
        "x": "514",
        "y": "111",
        "Time": "11:47:31.625",
        "InArea": "True"
    },
    {
        "x": "512",
        "y": "110",
        "Time": "11:47:31.668",
        "InArea": "True"
    },
    {
        "x": "509",
        "y": "110",
        "Time": "11:47:31.713",
        "InArea": "True"
    },
    {
        "x": "507",
        "y": "109",
        "Time": "11:47:31.759",
        "InArea": "True"
    },
    {
        "x": "506",
        "y": "108",
        "Time": "11:47:31.799",
        "InArea": "True"
    },
    {
        "x": "504",
        "y": "108",
        "Time": "11:47:31.842",
        "InArea": "True"
    },
    {
        "x": "502",
        "y": "107",
        "Time": "11:47:31.885",
        "InArea": "True"
    },
    {
        "x": "499",
        "y": "106",
        "Time": "11:47:31.940",
        "InArea": "True"
    },
    {
        "x": "498",
        "y": "105",
        "Time": "11:47:31.996",
        "InArea": "True"
    },
    {
        "x": "496",
        "y": "102",
        "Time": "11:47:32.035",
        "InArea": "False"
    }
]