[
    {
        "x": "532",
        "y": "125",
        "Time": "08:02:26.205",
        "InArea": "True"
    },
    {
        "x": "533",
        "y": "124",
        "Time": "08:02:26.245",
        "InArea": "True"
    },
    {
        "x": "533",
        "y": "124",
        "Time": "08:02:26.291",
        "InArea": "True"
    },
    {
        "x": "533",
        "y": "124",
        "Time": "08:02:26.333",
        "InArea": "True"
    },
    {
        "x": "534",
        "y": "123",
        "Time": "08:02:26.386",
        "InArea": "True"
    },
    {
        "x": "534",
        "y": "123",
        "Time": "08:02:26.429",
        "InArea": "True"
    },
    {
        "x": "532",
        "y": "122",
        "Time": "08:02:26.482",
        "InArea": "True"
    },
    {
        "x": "531",
        "y": "122",
        "Time": "08:02:26.521",
        "InArea": "True"
    },
    {
        "x": "529",
        "y": "123",
        "Time": "08:02:26.565",
        "InArea": "True"
    },
    {
        "x": "529",
        "y": "122",
        "Time": "08:02:26.626",
        "InArea": "True"
    },
    {
        "x": "528",
        "y": "121",
        "Time": "08:02:26.675",
        "InArea": "True"
    },
    {
        "x": "526",
        "y": "120",
        "Time": "08:02:26.723",
        "InArea": "True"
    },
    {
        "x": "525",
        "y": "120",
        "Time": "08:02:26.764",
        "InArea": "True"
    },
    {
        "x": "523",
        "y": "118",
        "Time": "08:02:26.809",
        "InArea": "True"
    },
    {
        "x": "521",
        "y": "116",
        "Time": "08:02:26.855",
        "InArea": "True"
    },
    {
        "x": "520",
        "y": "115",
        "Time": "08:02:26.901",
        "InArea": "True"
    },
    {
        "x": "518",
        "y": "115",
        "Time": "08:02:26.951",
        "InArea": "True"
    },
    {
        "x": "517",
        "y": "114",
        "Time": "08:02:27.003",
        "InArea": "True"
    },
    {
        "x": "517",
        "y": "114",
        "Time": "08:02:27.108",
        "InArea": "True"
    },
    {
        "x": "515",
        "y": "113",
        "Time": "08:02:27.162",
        "InArea": "True"
    },
    {
        "x": "512",
        "y": "113",
        "Time": "08:02:27.206",
        "InArea": "True"
    },
    {
        "x": "510",
        "y": "112",
        "Time": "08:02:27.252",
        "InArea": "True"
    },
    {
        "x": "508",
        "y": "112",
        "Time": "08:02:27.295",
        "InArea": "True"
    },
    {
        "x": "507",
        "y": "111",
        "Time": "08:02:27.342",
        "InArea": "True"
    },
    {
        "x": "505",
        "y": "110",
        "Time": "08:02:27.387",
        "InArea": "True"
    },
    {
        "x": "504",
        "y": "109",
        "Time": "08:02:27.429",
        "InArea": "True"
    },
    {
        "x": "503",
        "y": "109",
        "Time": "08:02:27.479",
        "InArea": "True"
    },
    {
        "x": "501",
        "y": "108",
        "Time": "08:02:27.536",
        "InArea": "True"
    },
    {
        "x": "499",
        "y": "106",
        "Time": "08:02:27.594",
        "InArea": "True"
    },
    {
        "x": "497",
        "y": "106",
        "Time": "08:02:27.655",
        "InArea": "True"
    },
    {
        "x": "496",
        "y": "106",
        "Time": "08:02:27.714",
        "InArea": "True"
    },
    {
        "x": "495",
        "y": "103",
        "Time": "08:02:27.764",
        "InArea": "False"
    }
]