[
    {
        "x": "525",
        "y": "127",
        "Time": "10:29:01.946",
        "InArea": "True"
    },
    {
        "x": "525",
        "y": "126",
        "Time": "10:29:02.000",
        "InArea": "True"
    },
    {
        "x": "524",
        "y": "124",
        "Time": "10:29:02.044",
        "InArea": "True"
    },
    {
        "x": "524",
        "y": "123",
        "Time": "10:29:02.110",
        "InArea": "True"
    },
    {
        "x": "524",
        "y": "123",
        "Time": "10:29:02.161",
        "InArea": "True"
    },
    {
        "x": "523",
        "y": "123",
        "Time": "10:29:02.221",
        "InArea": "True"
    },
    {
        "x": "523",
        "y": "123",
        "Time": "10:29:02.274",
        "InArea": "True"
    },
    {
        "x": "522",
        "y": "123",
        "Time": "10:29:02.330",
        "InArea": "True"
    },
    {
        "x": "521",
        "y": "122",
        "Time": "10:29:02.381",
        "InArea": "True"
    },
    {
        "x": "521",
        "y": "120",
        "Time": "10:29:02.429",
        "InArea": "True"
    },
    {
        "x": "520",
        "y": "119",
        "Time": "10:29:02.477",
        "InArea": "True"
    },
    {
        "x": "519",
        "y": "119",
        "Time": "10:29:02.526",
        "InArea": "True"
    },
    {
        "x": "518",
        "y": "118",
        "Time": "10:29:02.581",
        "InArea": "True"
    },
    {
        "x": "517",
        "y": "118",
        "Time": "10:29:02.642",
        "InArea": "True"
    },
    {
        "x": "516",
        "y": "117",
        "Time": "10:29:02.687",
        "InArea": "True"
    },
    {
        "x": "514",
        "y": "116",
        "Time": "10:29:02.743",
        "InArea": "True"
    },
    {
        "x": "513",
        "y": "115",
        "Time": "10:29:02.800",
        "InArea": "True"
    },
    {
        "x": "512",
        "y": "114",
        "Time": "10:29:02.846",
        "InArea": "True"
    },
    {
        "x": "510",
        "y": "113",
        "Time": "10:29:02.901",
        "InArea": "True"
    },
    {
        "x": "509",
        "y": "113",
        "Time": "10:29:02.955",
        "InArea": "True"
    },
    {
        "x": "508",
        "y": "112",
        "Time": "10:29:03.008",
        "InArea": "True"
    },
    {
        "x": "507",
        "y": "111",
        "Time": "10:29:03.052",
        "InArea": "True"
    },
    {
        "x": "506",
        "y": "111",
        "Time": "10:29:03.102",
        "InArea": "True"
    },
    {
        "x": "504",
        "y": "111",
        "Time": "10:29:03.154",
        "InArea": "True"
    },
    {
        "x": "502",
        "y": "109",
        "Time": "10:29:03.210",
        "InArea": "True"
    },
    {
        "x": "501",
        "y": "108",
        "Time": "10:29:03.259",
        "InArea": "True"
    },
    {
        "x": "499",
        "y": "108",
        "Time": "10:29:03.308",
        "InArea": "True"
    },
    {
        "x": "498",
        "y": "108",
        "Time": "10:29:03.354",
        "InArea": "True"
    },
    {
        "x": "496",
        "y": "107",
        "Time": "10:29:03.409",
        "InArea": "True"
    },
    {
        "x": "495",
        "y": "106",
        "Time": "10:29:03.466",
        "InArea": "True"
    },
    {
        "x": "495",
        "y": "105",
        "Time": "10:29:03.517",
        "InArea": "True"
    },
    {
        "x": "494",
        "y": "102",
        "Time": "10:29:03.571",
        "InArea": "False"
    }
]