[
    {
        "x": "537",
        "y": "130",
        "Time": "07:53:27.768",
        "InArea": "True"
    },
    {
        "x": "536",
        "y": "129",
        "Time": "07:53:27.817",
        "InArea": "True"
    },
    {
        "x": "535",
        "y": "128",
        "Time": "07:53:27.875",
        "InArea": "True"
    },
    {
        "x": "533",
        "y": "128",
        "Time": "07:53:27.924",
        "InArea": "True"
    },
    {
        "x": "532",
        "y": "128",
        "Time": "07:53:27.971",
        "InArea": "True"
    },
    {
        "x": "532",
        "y": "127",
        "Time": "07:53:28.013",
        "InArea": "True"
    },
    {
        "x": "532",
        "y": "127",
        "Time": "07:53:28.058",
        "InArea": "True"
    },
    {
        "x": "531",
        "y": "126",
        "Time": "07:53:28.106",
        "InArea": "True"
    },
    {
        "x": "530",
        "y": "125",
        "Time": "07:53:28.152",
        "InArea": "True"
    },
    {
        "x": "529",
        "y": "124",
        "Time": "07:53:28.202",
        "InArea": "True"
    },
    {
        "x": "529",
        "y": "124",
        "Time": "07:53:28.247",
        "InArea": "True"
    },
    {
        "x": "528",
        "y": "122",
        "Time": "07:53:28.294",
        "InArea": "True"
    },
    {
        "x": "527",
        "y": "121",
        "Time": "07:53:28.348",
        "InArea": "True"
    },
    {
        "x": "526",
        "y": "120",
        "Time": "07:53:28.393",
        "InArea": "True"
    },
    {
        "x": "526",
        "y": "118",
        "Time": "07:53:28.439",
        "InArea": "True"
    },
    {
        "x": "525",
        "y": "117",
        "Time": "07:53:28.486",
        "InArea": "True"
    },
    {
        "x": "523",
        "y": "116",
        "Time": "07:53:28.535",
        "InArea": "True"
    },
    {
        "x": "522",
        "y": "116",
        "Time": "07:53:28.578",
        "InArea": "True"
    },
    {
        "x": "521",
        "y": "115",
        "Time": "07:53:28.635",
        "InArea": "True"
    },
    {
        "x": "519",
        "y": "114",
        "Time": "07:53:28.682",
        "InArea": "True"
    },
    {
        "x": "516",
        "y": "113",
        "Time": "07:53:28.725",
        "InArea": "True"
    },
    {
        "x": "514",
        "y": "112",
        "Time": "07:53:28.768",
        "InArea": "True"
    },
    {
        "x": "513",
        "y": "111",
        "Time": "07:53:28.811",
        "InArea": "True"
    },
    {
        "x": "511",
        "y": "110",
        "Time": "07:53:28.853",
        "InArea": "True"
    },
    {
        "x": "509",
        "y": "108",
        "Time": "07:53:28.905",
        "InArea": "True"
    },
    {
        "x": "507",
        "y": "108",
        "Time": "07:53:28.951",
        "InArea": "True"
    },
    {
        "x": "504",
        "y": "107",
        "Time": "07:53:28.994",
        "InArea": "True"
    },
    {
        "x": "501",
        "y": "107",
        "Time": "07:53:29.039",
        "InArea": "True"
    },
    {
        "x": "499",
        "y": "106",
        "Time": "07:53:29.079",
        "InArea": "True"
    },
    {
        "x": "498",
        "y": "105",
        "Time": "07:53:29.127",
        "InArea": "True"
    },
    {
        "x": "497",
        "y": "105",
        "Time": "07:53:29.169",
        "InArea": "True"
    },
    {
        "x": "496",
        "y": "102",
        "Time": "07:53:29.212",
        "InArea": "False"
    }
]