[
    {
        "x": "543",
        "y": "132",
        "Time": "12:28:54.666",
        "InArea": "True"
    },
    {
        "x": "543",
        "y": "131",
        "Time": "12:28:54.718",
        "InArea": "True"
    },
    {
        "x": "542",
        "y": "130",
        "Time": "12:28:54.772",
        "InArea": "True"
    },
    {
        "x": "542",
        "y": "130",
        "Time": "12:28:54.828",
        "InArea": "True"
    },
    {
        "x": "540",
        "y": "129",
        "Time": "12:28:54.882",
        "InArea": "True"
    },
    {
        "x": "540",
        "y": "129",
        "Time": "12:28:54.933",
        "InArea": "True"
    },
    {
        "x": "539",
        "y": "128",
        "Time": "12:28:54.986",
        "InArea": "True"
    },
    {
        "x": "539",
        "y": "127",
        "Time": "12:28:55.038",
        "InArea": "True"
    },
    {
        "x": "538",
        "y": "126",
        "Time": "12:28:55.098",
        "InArea": "True"
    },
    {
        "x": "536",
        "y": "124",
        "Time": "12:28:55.150",
        "InArea": "True"
    },
    {
        "x": "536",
        "y": "123",
        "Time": "12:28:55.201",
        "InArea": "True"
    },
    {
        "x": "535",
        "y": "121",
        "Time": "12:28:55.253",
        "InArea": "True"
    },
    {
        "x": "534",
        "y": "120",
        "Time": "12:28:55.294",
        "InArea": "True"
    },
    {
        "x": "534",
        "y": "119",
        "Time": "12:28:55.341",
        "InArea": "True"
    },
    {
        "x": "533",
        "y": "119",
        "Time": "12:28:55.382",
        "InArea": "True"
    },
    {
        "x": "533",
        "y": "118",
        "Time": "12:28:55.426",
        "InArea": "True"
    },
    {
        "x": "533",
        "y": "118",
        "Time": "12:28:55.471",
        "InArea": "True"
    },
    {
        "x": "531",
        "y": "116",
        "Time": "12:28:55.525",
        "InArea": "True"
    },
    {
        "x": "528",
        "y": "113",
        "Time": "12:28:55.571",
        "InArea": "True"
    },
    {
        "x": "526",
        "y": "111",
        "Time": "12:28:55.615",
        "InArea": "True"
    },
    {
        "x": "525",
        "y": "110",
        "Time": "12:28:55.661",
        "InArea": "True"
    },
    {
        "x": "521",
        "y": "109",
        "Time": "12:28:55.708",
        "InArea": "True"
    },
    {
        "x": "517",
        "y": "108",
        "Time": "12:28:55.758",
        "InArea": "True"
    },
    {
        "x": "515",
        "y": "108",
        "Time": "12:28:55.813",
        "InArea": "True"
    },
    {
        "x": "514",
        "y": "108",
        "Time": "12:28:55.858",
        "InArea": "True"
    },
    {
        "x": "511",
        "y": "107",
        "Time": "12:28:55.904",
        "InArea": "True"
    },
    {
        "x": "509",
        "y": "106",
        "Time": "12:28:55.949",
        "InArea": "True"
    },
    {
        "x": "507",
        "y": "106",
        "Time": "12:28:55.999",
        "InArea": "True"
    },
    {
        "x": "505",
        "y": "106",
        "Time": "12:28:56.053",
        "InArea": "True"
    },
    {
        "x": "503",
        "y": "106",
        "Time": "12:28:56.099",
        "InArea": "True"
    },
    {
        "x": "503",
        "y": "105",
        "Time": "12:28:56.140",
        "InArea": "False"
    },
    {
        "x": "501",
        "y": "103",
        "Time": "12:28:56.191",
        "InArea": "False"
    }
]