[
    {
        "x": "538",
        "y": "127",
        "Time": "07:17:24.020",
        "InArea": "True"
    },
    {
        "x": "538",
        "y": "127",
        "Time": "07:17:24.068",
        "InArea": "True"
    },
    {
        "x": "538",
        "y": "126",
        "Time": "07:17:24.115",
        "InArea": "True"
    },
    {
        "x": "538",
        "y": "125",
        "Time": "07:17:24.164",
        "InArea": "True"
    },
    {
        "x": "537",
        "y": "124",
        "Time": "07:17:24.220",
        "InArea": "True"
    },
    {
        "x": "536",
        "y": "123",
        "Time": "07:17:24.258",
        "InArea": "True"
    },
    {
        "x": "536",
        "y": "123",
        "Time": "07:17:24.301",
        "InArea": "True"
    },
    {
        "x": "535",
        "y": "123",
        "Time": "07:17:24.346",
        "InArea": "True"
    },
    {
        "x": "534",
        "y": "122",
        "Time": "07:17:24.386",
        "InArea": "True"
    },
    {
        "x": "534",
        "y": "121",
        "Time": "07:17:24.429",
        "InArea": "True"
    },
    {
        "x": "534",
        "y": "121",
        "Time": "07:17:24.468",
        "InArea": "True"
    },
    {
        "x": "533",
        "y": "120",
        "Time": "07:17:24.513",
        "InArea": "True"
    },
    {
        "x": "531",
        "y": "119",
        "Time": "07:17:24.562",
        "InArea": "True"
    },
    {
        "x": "530",
        "y": "117",
        "Time": "07:17:24.608",
        "InArea": "True"
    },
    {
        "x": "529",
        "y": "116",
        "Time": "07:17:24.651",
        "InArea": "True"
    },
    {
        "x": "528",
        "y": "115",
        "Time": "07:17:24.696",
        "InArea": "True"
    },
    {
        "x": "527",
        "y": "114",
        "Time": "07:17:24.738",
        "InArea": "True"
    },
    {
        "x": "525",
        "y": "113",
        "Time": "07:17:24.787",
        "InArea": "True"
    },
    {
        "x": "523",
        "y": "112",
        "Time": "07:17:24.836",
        "InArea": "True"
    },
    {
        "x": "521",
        "y": "111",
        "Time": "07:17:24.884",
        "InArea": "True"
    },
    {
        "x": "520",
        "y": "110",
        "Time": "07:17:24.922",
        "InArea": "True"
    },
    {
        "x": "519",
        "y": "110",
        "Time": "07:17:24.975",
        "InArea": "True"
    },
    {
        "x": "517",
        "y": "109",
        "Time": "07:17:25.025",
        "InArea": "True"
    },
    {
        "x": "516",
        "y": "108",
        "Time": "07:17:25.065",
        "InArea": "True"
    },
    {
        "x": "515",
        "y": "108",
        "Time": "07:17:25.110",
        "InArea": "True"
    },
    {
        "x": "513",
        "y": "107",
        "Time": "07:17:25.152",
        "InArea": "True"
    },
    {
        "x": "512",
        "y": "107",
        "Time": "07:17:25.197",
        "InArea": "True"
    },
    {
        "x": "511",
        "y": "106",
        "Time": "07:17:25.241",
        "InArea": "True"
    },
    {
        "x": "509",
        "y": "106",
        "Time": "07:17:25.285",
        "InArea": "True"
    },
    {
        "x": "508",
        "y": "106",
        "Time": "07:17:25.326",
        "InArea": "True"
    },
    {
        "x": "507",
        "y": "105",
        "Time": "07:17:25.371",
        "InArea": "False"
    },
    {
        "x": "505",
        "y": "104",
        "Time": "07:17:25.430",
        "InArea": "False"
    }
]