[
    {
        "x": "544",
        "y": "131",
        "Time": "08:12:50.707",
        "InArea": "True"
    },
    {
        "x": "543",
        "y": "130",
        "Time": "08:12:50.750",
        "InArea": "True"
    },
    {
        "x": "543",
        "y": "130",
        "Time": "08:12:50.797",
        "InArea": "True"
    },
    {
        "x": "542",
        "y": "129",
        "Time": "08:12:50.846",
        "InArea": "True"
    },
    {
        "x": "542",
        "y": "129",
        "Time": "08:12:50.898",
        "InArea": "True"
    },
    {
        "x": "541",
        "y": "128",
        "Time": "08:12:50.941",
        "InArea": "True"
    },
    {
        "x": "540",
        "y": "127",
        "Time": "08:12:50.987",
        "InArea": "True"
    },
    {
        "x": "539",
        "y": "127",
        "Time": "08:12:51.032",
        "InArea": "True"
    },
    {
        "x": "540",
        "y": "127",
        "Time": "08:12:51.082",
        "InArea": "True"
    },
    {
        "x": "539",
        "y": "126",
        "Time": "08:12:51.126",
        "InArea": "True"
    },
    {
        "x": "536",
        "y": "124",
        "Time": "08:12:51.169",
        "InArea": "True"
    },
    {
        "x": "534",
        "y": "123",
        "Time": "08:12:51.210",
        "InArea": "True"
    },
    {
        "x": "532",
        "y": "123",
        "Time": "08:12:51.254",
        "InArea": "True"
    },
    {
        "x": "530",
        "y": "122",
        "Time": "08:12:51.293",
        "InArea": "True"
    },
    {
        "x": "529",
        "y": "119",
        "Time": "08:12:51.339",
        "InArea": "True"
    },
    {
        "x": "528",
        "y": "118",
        "Time": "08:12:51.384",
        "InArea": "True"
    },
    {
        "x": "528",
        "y": "117",
        "Time": "08:12:51.425",
        "InArea": "True"
    },
    {
        "x": "526",
        "y": "115",
        "Time": "08:12:51.463",
        "InArea": "True"
    },
    {
        "x": "524",
        "y": "114",
        "Time": "08:12:51.505",
        "InArea": "True"
    },
    {
        "x": "523",
        "y": "112",
        "Time": "08:12:51.547",
        "InArea": "True"
    },
    {
        "x": "522",
        "y": "110",
        "Time": "08:12:51.591",
        "InArea": "True"
    },
    {
        "x": "521",
        "y": "109",
        "Time": "08:12:51.633",
        "InArea": "True"
    },
    {
        "x": "519",
        "y": "109",
        "Time": "08:12:51.677",
        "InArea": "True"
    },
    {
        "x": "517",
        "y": "109",
        "Time": "08:12:51.722",
        "InArea": "True"
    },
    {
        "x": "513",
        "y": "108",
        "Time": "08:12:51.767",
        "InArea": "True"
    },
    {
        "x": "511",
        "y": "108",
        "Time": "08:12:51.813",
        "InArea": "True"
    },
    {
        "x": "509",
        "y": "107",
        "Time": "08:12:51.862",
        "InArea": "True"
    },
    {
        "x": "507",
        "y": "107",
        "Time": "08:12:51.912",
        "InArea": "True"
    },
    {
        "x": "505",
        "y": "107",
        "Time": "08:12:51.954",
        "InArea": "True"
    },
    {
        "x": "503",
        "y": "106",
        "Time": "08:12:52.001",
        "InArea": "True"
    },
    {
        "x": "501",
        "y": "105",
        "Time": "08:12:52.042",
        "InArea": "True"
    },
    {
        "x": "500",
        "y": "102",
        "Time": "08:12:52.085",
        "InArea": "False"
    }
]