[
    {
        "x": "544",
        "y": "118",
        "Time": "07:33:08.943",
        "InArea": "True"
    },
    {
        "x": "544",
        "y": "118",
        "Time": "07:33:08.990",
        "InArea": "True"
    },
    {
        "x": "543",
        "y": "118",
        "Time": "07:33:09.033",
        "InArea": "True"
    },
    {
        "x": "542",
        "y": "118",
        "Time": "07:33:09.076",
        "InArea": "True"
    },
    {
        "x": "542",
        "y": "118",
        "Time": "07:33:09.129",
        "InArea": "True"
    },
    {
        "x": "543",
        "y": "118",
        "Time": "07:33:09.170",
        "InArea": "True"
    },
    {
        "x": "542",
        "y": "117",
        "Time": "07:33:09.212",
        "InArea": "True"
    },
    {
        "x": "541",
        "y": "117",
        "Time": "07:33:09.261",
        "InArea": "True"
    },
    {
        "x": "540",
        "y": "116",
        "Time": "07:33:09.303",
        "InArea": "True"
    },
    {
        "x": "539",
        "y": "115",
        "Time": "07:33:09.352",
        "InArea": "True"
    },
    {
        "x": "538",
        "y": "114",
        "Time": "07:33:09.394",
        "InArea": "True"
    },
    {
        "x": "539",
        "y": "115",
        "Time": "07:33:09.434",
        "InArea": "True"
    },
    {
        "x": "538",
        "y": "115",
        "Time": "07:33:09.477",
        "InArea": "True"
    },
    {
        "x": "536",
        "y": "114",
        "Time": "07:33:09.526",
        "InArea": "True"
    },
    {
        "x": "535",
        "y": "114",
        "Time": "07:33:09.569",
        "InArea": "True"
    },
    {
        "x": "534",
        "y": "114",
        "Time": "07:33:09.610",
        "InArea": "True"
    },
    {
        "x": "533",
        "y": "112",
        "Time": "07:33:09.662",
        "InArea": "True"
    },
    {
        "x": "531",
        "y": "111",
        "Time": "07:33:09.703",
        "InArea": "True"
    },
    {
        "x": "530",
        "y": "111",
        "Time": "07:33:09.744",
        "InArea": "True"
    },
    {
        "x": "528",
        "y": "111",
        "Time": "07:33:09.792",
        "InArea": "True"
    },
    {
        "x": "526",
        "y": "111",
        "Time": "07:33:09.836",
        "InArea": "True"
    },
    {
        "x": "524",
        "y": "110",
        "Time": "07:33:09.879",
        "InArea": "True"
    },
    {
        "x": "523",
        "y": "109",
        "Time": "07:33:09.919",
        "InArea": "True"
    },
    {
        "x": "522",
        "y": "108",
        "Time": "07:33:09.961",
        "InArea": "True"
    },
    {
        "x": "521",
        "y": "108",
        "Time": "07:33:10.006",
        "InArea": "True"
    },
    {
        "x": "519",
        "y": "107",
        "Time": "07:33:10.056",
        "InArea": "True"
    },
    {
        "x": "518",
        "y": "106",
        "Time": "07:33:10.096",
        "InArea": "True"
    },
    {
        "x": "517",
        "y": "106",
        "Time": "07:33:10.145",
        "InArea": "True"
    },
    {
        "x": "514",
        "y": "106",
        "Time": "07:33:10.193",
        "InArea": "True"
    },
    {
        "x": "512",
        "y": "105",
        "Time": "07:33:10.245",
        "InArea": "True"
    },
    {
        "x": "511",
        "y": "105",
        "Time": "07:33:10.294",
        "InArea": "True"
    },
    {
        "x": "509",
        "y": "102",
        "Time": "07:33:10.337",
        "InArea": "False"
    }
]