[
    {
        "x": "541",
        "y": "128",
        "Time": "10:44:24.467",
        "InArea": "True"
    },
    {
        "x": "540",
        "y": "127",
        "Time": "10:44:24.517",
        "InArea": "True"
    },
    {
        "x": "539",
        "y": "127",
        "Time": "10:44:24.560",
        "InArea": "True"
    },
    {
        "x": "538",
        "y": "127",
        "Time": "10:44:24.614",
        "InArea": "True"
    },
    {
        "x": "537",
        "y": "127",
        "Time": "10:44:24.656",
        "InArea": "True"
    },
    {
        "x": "537",
        "y": "127",
        "Time": "10:44:24.703",
        "InArea": "True"
    },
    {
        "x": "537",
        "y": "127",
        "Time": "10:44:24.756",
        "InArea": "True"
    },
    {
        "x": "536",
        "y": "126",
        "Time": "10:44:24.804",
        "InArea": "True"
    },
    {
        "x": "536",
        "y": "126",
        "Time": "10:44:24.855",
        "InArea": "True"
    },
    {
        "x": "535",
        "y": "125",
        "Time": "10:44:24.918",
        "InArea": "True"
    },
    {
        "x": "534",
        "y": "124",
        "Time": "10:44:24.963",
        "InArea": "True"
    },
    {
        "x": "533",
        "y": "124",
        "Time": "10:44:25.005",
        "InArea": "True"
    },
    {
        "x": "531",
        "y": "124",
        "Time": "10:44:25.052",
        "InArea": "True"
    },
    {
        "x": "530",
        "y": "124",
        "Time": "10:44:25.099",
        "InArea": "True"
    },
    {
        "x": "529",
        "y": "124",
        "Time": "10:44:25.141",
        "InArea": "True"
    },
    {
        "x": "528",
        "y": "124",
        "Time": "10:44:25.191",
        "InArea": "True"
    },
    {
        "x": "529",
        "y": "123",
        "Time": "10:44:25.240",
        "InArea": "True"
    },
    {
        "x": "529",
        "y": "122",
        "Time": "10:44:25.282",
        "InArea": "True"
    },
    {
        "x": "526",
        "y": "121",
        "Time": "10:44:25.331",
        "InArea": "True"
    },
    {
        "x": "522",
        "y": "119",
        "Time": "10:44:25.378",
        "InArea": "True"
    },
    {
        "x": "521",
        "y": "117",
        "Time": "10:44:25.425",
        "InArea": "True"
    },
    {
        "x": "518",
        "y": "115",
        "Time": "10:44:25.471",
        "InArea": "True"
    },
    {
        "x": "515",
        "y": "114",
        "Time": "10:44:25.523",
        "InArea": "True"
    },
    {
        "x": "515",
        "y": "112",
        "Time": "10:44:25.568",
        "InArea": "True"
    },
    {
        "x": "510",
        "y": "111",
        "Time": "10:44:25.619",
        "InArea": "True"
    },
    {
        "x": "508",
        "y": "110",
        "Time": "10:44:25.668",
        "InArea": "True"
    },
    {
        "x": "505",
        "y": "110",
        "Time": "10:44:25.716",
        "InArea": "True"
    },
    {
        "x": "504",
        "y": "109",
        "Time": "10:44:25.772",
        "InArea": "True"
    },
    {
        "x": "502",
        "y": "108",
        "Time": "10:44:25.826",
        "InArea": "True"
    },
    {
        "x": "501",
        "y": "107",
        "Time": "10:44:25.874",
        "InArea": "True"
    },
    {
        "x": "499",
        "y": "106",
        "Time": "10:44:25.923",
        "InArea": "True"
    },
    {
        "x": "497",
        "y": "102",
        "Time": "10:44:25.972",
        "InArea": "False"
    }
]