[
    {
        "x": "545",
        "y": "128",
        "Time": "08:20:34.936",
        "InArea": "True"
    },
    {
        "x": "545",
        "y": "129",
        "Time": "08:20:34.994",
        "InArea": "True"
    },
    {
        "x": "544",
        "y": "129",
        "Time": "08:20:35.043",
        "InArea": "True"
    },
    {
        "x": "541",
        "y": "128",
        "Time": "08:20:35.098",
        "InArea": "True"
    },
    {
        "x": "539",
        "y": "128",
        "Time": "08:20:35.147",
        "InArea": "True"
    },
    {
        "x": "538",
        "y": "128",
        "Time": "08:20:35.198",
        "InArea": "True"
    },
    {
        "x": "537",
        "y": "127",
        "Time": "08:20:35.250",
        "InArea": "True"
    },
    {
        "x": "536",
        "y": "126",
        "Time": "08:20:35.308",
        "InArea": "True"
    },
    {
        "x": "536",
        "y": "125",
        "Time": "08:20:35.364",
        "InArea": "True"
    },
    {
        "x": "534",
        "y": "124",
        "Time": "08:20:35.417",
        "InArea": "True"
    },
    {
        "x": "531",
        "y": "123",
        "Time": "08:20:35.478",
        "InArea": "True"
    },
    {
        "x": "529",
        "y": "122",
        "Time": "08:20:35.526",
        "InArea": "True"
    },
    {
        "x": "527",
        "y": "120",
        "Time": "08:20:35.578",
        "InArea": "True"
    },
    {
        "x": "526",
        "y": "119",
        "Time": "08:20:35.634",
        "InArea": "True"
    },
    {
        "x": "526",
        "y": "118",
        "Time": "08:20:35.696",
        "InArea": "True"
    },
    {
        "x": "523",
        "y": "117",
        "Time": "08:20:35.750",
        "InArea": "True"
    },
    {
        "x": "521",
        "y": "115",
        "Time": "08:20:35.803",
        "InArea": "True"
    },
    {
        "x": "520",
        "y": "113",
        "Time": "08:20:35.857",
        "InArea": "True"
    },
    {
        "x": "519",
        "y": "111",
        "Time": "08:20:35.906",
        "InArea": "True"
    },
    {
        "x": "519",
        "y": "110",
        "Time": "08:20:35.954",
        "InArea": "True"
    },
    {
        "x": "518",
        "y": "109",
        "Time": "08:20:36.005",
        "InArea": "True"
    },
    {
        "x": "516",
        "y": "109",
        "Time": "08:20:36.046",
        "InArea": "True"
    },
    {
        "x": "514",
        "y": "109",
        "Time": "08:20:36.087",
        "InArea": "True"
    },
    {
        "x": "512",
        "y": "108",
        "Time": "08:20:36.130",
        "InArea": "True"
    },
    {
        "x": "510",
        "y": "107",
        "Time": "08:20:36.177",
        "InArea": "True"
    },
    {
        "x": "507",
        "y": "107",
        "Time": "08:20:36.231",
        "InArea": "True"
    },
    {
        "x": "504",
        "y": "106",
        "Time": "08:20:36.271",
        "InArea": "True"
    },
    {
        "x": "501",
        "y": "105",
        "Time": "08:20:36.313",
        "InArea": "True"
    },
    {
        "x": "499",
        "y": "106",
        "Time": "08:20:36.363",
        "InArea": "True"
    },
    {
        "x": "497",
        "y": "106",
        "Time": "08:20:36.404",
        "InArea": "True"
    },
    {
        "x": "496",
        "y": "105",
        "Time": "08:20:36.458",
        "InArea": "False"
    },
    {
        "x": "495",
        "y": "102",
        "Time": "08:20:36.503",
        "InArea": "False"
    }
]