[
    {
        "x": "546",
        "y": "131",
        "Time": "05:58:45.012",
        "InArea": "True"
    },
    {
        "x": "545",
        "y": "131",
        "Time": "05:58:45.052",
        "InArea": "True"
    },
    {
        "x": "544",
        "y": "130",
        "Time": "05:58:45.093",
        "InArea": "True"
    },
    {
        "x": "544",
        "y": "129",
        "Time": "05:58:45.135",
        "InArea": "True"
    },
    {
        "x": "543",
        "y": "129",
        "Time": "05:58:45.190",
        "InArea": "True"
    },
    {
        "x": "542",
        "y": "127",
        "Time": "05:58:45.242",
        "InArea": "True"
    },
    {
        "x": "541",
        "y": "126",
        "Time": "05:58:45.292",
        "InArea": "True"
    },
    {
        "x": "540",
        "y": "125",
        "Time": "05:58:45.338",
        "InArea": "True"
    },
    {
        "x": "539",
        "y": "124",
        "Time": "05:58:45.383",
        "InArea": "True"
    },
    {
        "x": "538",
        "y": "123",
        "Time": "05:58:45.427",
        "InArea": "True"
    },
    {
        "x": "537",
        "y": "122",
        "Time": "05:58:45.471",
        "InArea": "True"
    },
    {
        "x": "536",
        "y": "121",
        "Time": "05:58:45.521",
        "InArea": "True"
    },
    {
        "x": "535",
        "y": "120",
        "Time": "05:58:45.566",
        "InArea": "True"
    },
    {
        "x": "533",
        "y": "119",
        "Time": "05:58:45.614",
        "InArea": "True"
    },
    {
        "x": "531",
        "y": "117",
        "Time": "05:58:45.662",
        "InArea": "True"
    },
    {
        "x": "529",
        "y": "116",
        "Time": "05:58:45.706",
        "InArea": "True"
    },
    {
        "x": "528",
        "y": "115",
        "Time": "05:58:45.753",
        "InArea": "True"
    },
    {
        "x": "525",
        "y": "114",
        "Time": "05:58:45.812",
        "InArea": "True"
    },
    {
        "x": "524",
        "y": "112",
        "Time": "05:58:45.857",
        "InArea": "True"
    },
    {
        "x": "523",
        "y": "112",
        "Time": "05:58:45.897",
        "InArea": "True"
    },
    {
        "x": "522",
        "y": "111",
        "Time": "05:58:45.943",
        "InArea": "True"
    },
    {
        "x": "520",
        "y": "110",
        "Time": "05:58:45.992",
        "InArea": "True"
    },
    {
        "x": "518",
        "y": "109",
        "Time": "05:58:46.040",
        "InArea": "True"
    },
    {
        "x": "516",
        "y": "108",
        "Time": "05:58:46.082",
        "InArea": "True"
    },
    {
        "x": "515",
        "y": "108",
        "Time": "05:58:46.129",
        "InArea": "True"
    },
    {
        "x": "512",
        "y": "108",
        "Time": "05:58:46.180",
        "InArea": "True"
    },
    {
        "x": "508",
        "y": "107",
        "Time": "05:58:46.222",
        "InArea": "True"
    },
    {
        "x": "505",
        "y": "107",
        "Time": "05:58:46.263",
        "InArea": "True"
    },
    {
        "x": "502",
        "y": "106",
        "Time": "05:58:46.308",
        "InArea": "True"
    },
    {
        "x": "500",
        "y": "106",
        "Time": "05:58:46.357",
        "InArea": "True"
    },
    {
        "x": "500",
        "y": "105",
        "Time": "05:58:46.408",
        "InArea": "True"
    },
    {
        "x": "494",
        "y": "101",
        "Time": "05:58:46.458",
        "InArea": "False"
    }
]