[
    {
        "x": "545",
        "y": "126",
        "Time": "14:12:10.521",
        "InArea": "True"
    },
    {
        "x": "544",
        "y": "126",
        "Time": "14:12:10.568",
        "InArea": "True"
    },
    {
        "x": "545",
        "y": "126",
        "Time": "14:12:10.614",
        "InArea": "True"
    },
    {
        "x": "544",
        "y": "125",
        "Time": "14:12:10.657",
        "InArea": "True"
    },
    {
        "x": "543",
        "y": "125",
        "Time": "14:12:10.697",
        "InArea": "True"
    },
    {
        "x": "541",
        "y": "123",
        "Time": "14:12:10.741",
        "InArea": "True"
    },
    {
        "x": "540",
        "y": "122",
        "Time": "14:12:10.787",
        "InArea": "True"
    },
    {
        "x": "538",
        "y": "123",
        "Time": "14:12:10.842",
        "InArea": "True"
    },
    {
        "x": "536",
        "y": "123",
        "Time": "14:12:10.891",
        "InArea": "True"
    },
    {
        "x": "534",
        "y": "122",
        "Time": "14:12:10.948",
        "InArea": "True"
    },
    {
        "x": "533",
        "y": "121",
        "Time": "14:12:11.000",
        "InArea": "True"
    },
    {
        "x": "532",
        "y": "120",
        "Time": "14:12:11.054",
        "InArea": "True"
    },
    {
        "x": "530",
        "y": "120",
        "Time": "14:12:11.105",
        "InArea": "True"
    },
    {
        "x": "527",
        "y": "120",
        "Time": "14:12:11.149",
        "InArea": "True"
    },
    {
        "x": "526",
        "y": "119",
        "Time": "14:12:11.193",
        "InArea": "True"
    },
    {
        "x": "525",
        "y": "117",
        "Time": "14:12:11.235",
        "InArea": "True"
    },
    {
        "x": "522",
        "y": "117",
        "Time": "14:12:11.277",
        "InArea": "True"
    },
    {
        "x": "522",
        "y": "116",
        "Time": "14:12:11.328",
        "InArea": "True"
    },
    {
        "x": "521",
        "y": "115",
        "Time": "14:12:11.370",
        "InArea": "True"
    },
    {
        "x": "516",
        "y": "114",
        "Time": "14:12:11.409",
        "InArea": "True"
    },
    {
        "x": "514",
        "y": "114",
        "Time": "14:12:11.453",
        "InArea": "True"
    },
    {
        "x": "512",
        "y": "113",
        "Time": "14:12:11.495",
        "InArea": "True"
    },
    {
        "x": "510",
        "y": "112",
        "Time": "14:12:11.546",
        "InArea": "True"
    },
    {
        "x": "509",
        "y": "112",
        "Time": "14:12:11.593",
        "InArea": "True"
    },
    {
        "x": "507",
        "y": "110",
        "Time": "14:12:11.652",
        "InArea": "True"
    },
    {
        "x": "504",
        "y": "108",
        "Time": "14:12:11.702",
        "InArea": "True"
    },
    {
        "x": "503",
        "y": "108",
        "Time": "14:12:11.759",
        "InArea": "True"
    },
    {
        "x": "502",
        "y": "108",
        "Time": "14:12:11.808",
        "InArea": "True"
    },
    {
        "x": "501",
        "y": "108",
        "Time": "14:12:11.861",
        "InArea": "True"
    },
    {
        "x": "501",
        "y": "108",
        "Time": "14:12:11.903",
        "InArea": "True"
    },
    {
        "x": "499",
        "y": "103",
        "Time": "14:12:11.946",
        "InArea": "False"
    },
    {
        "x": "497",
        "y": "101",
        "Time": "14:12:11.992",
        "InArea": "False"
    }
]