[
    {
        "x": "529",
        "y": "126",
        "Time": "10:20:35.787",
        "InArea": "True"
    },
    {
        "x": "529",
        "y": "126",
        "Time": "10:20:35.834",
        "InArea": "True"
    },
    {
        "x": "527",
        "y": "125",
        "Time": "10:20:35.880",
        "InArea": "True"
    },
    {
        "x": "527",
        "y": "125",
        "Time": "10:20:35.922",
        "InArea": "True"
    },
    {
        "x": "528",
        "y": "125",
        "Time": "10:20:35.965",
        "InArea": "True"
    },
    {
        "x": "528",
        "y": "124",
        "Time": "10:20:36.016",
        "InArea": "True"
    },
    {
        "x": "528",
        "y": "123",
        "Time": "10:20:36.069",
        "InArea": "True"
    },
    {
        "x": "527",
        "y": "122",
        "Time": "10:20:36.117",
        "InArea": "True"
    },
    {
        "x": "526",
        "y": "122",
        "Time": "10:20:36.164",
        "InArea": "True"
    },
    {
        "x": "526",
        "y": "122",
        "Time": "10:20:36.211",
        "InArea": "True"
    },
    {
        "x": "525",
        "y": "122",
        "Time": "10:20:36.271",
        "InArea": "True"
    },
    {
        "x": "524",
        "y": "121",
        "Time": "10:20:36.326",
        "InArea": "True"
    },
    {
        "x": "523",
        "y": "120",
        "Time": "10:20:36.379",
        "InArea": "True"
    },
    {
        "x": "521",
        "y": "119",
        "Time": "10:20:36.427",
        "InArea": "True"
    },
    {
        "x": "520",
        "y": "117",
        "Time": "10:20:36.475",
        "InArea": "True"
    },
    {
        "x": "520",
        "y": "116",
        "Time": "10:20:36.514",
        "InArea": "True"
    },
    {
        "x": "520",
        "y": "116",
        "Time": "10:20:36.567",
        "InArea": "True"
    },
    {
        "x": "518",
        "y": "116",
        "Time": "10:20:36.612",
        "InArea": "True"
    },
    {
        "x": "516",
        "y": "115",
        "Time": "10:20:36.660",
        "InArea": "True"
    },
    {
        "x": "515",
        "y": "114",
        "Time": "10:20:36.706",
        "InArea": "True"
    },
    {
        "x": "514",
        "y": "114",
        "Time": "10:20:36.762",
        "InArea": "True"
    },
    {
        "x": "513",
        "y": "113",
        "Time": "10:20:36.812",
        "InArea": "True"
    },
    {
        "x": "511",
        "y": "112",
        "Time": "10:20:36.861",
        "InArea": "True"
    },
    {
        "x": "509",
        "y": "111",
        "Time": "10:20:36.903",
        "InArea": "True"
    },
    {
        "x": "507",
        "y": "110",
        "Time": "10:20:36.952",
        "InArea": "True"
    },
    {
        "x": "505",
        "y": "108",
        "Time": "10:20:37.001",
        "InArea": "True"
    },
    {
        "x": "504",
        "y": "107",
        "Time": "10:20:37.043",
        "InArea": "True"
    },
    {
        "x": "503",
        "y": "106",
        "Time": "10:20:37.092",
        "InArea": "True"
    },
    {
        "x": "502",
        "y": "106",
        "Time": "10:20:37.133",
        "InArea": "True"
    },
    {
        "x": "501",
        "y": "106",
        "Time": "10:20:37.193",
        "InArea": "True"
    },
    {
        "x": "499",
        "y": "106",
        "Time": "10:20:37.240",
        "InArea": "True"
    },
    {
        "x": "497",
        "y": "102",
        "Time": "10:20:37.284",
        "InArea": "False"
    }
]