[
    {
        "x": "538",
        "y": "128",
        "Time": "08:08:36.371",
        "InArea": "True"
    },
    {
        "x": "538",
        "y": "128",
        "Time": "08:08:36.424",
        "InArea": "True"
    },
    {
        "x": "538",
        "y": "127",
        "Time": "08:08:36.468",
        "InArea": "True"
    },
    {
        "x": "537",
        "y": "127",
        "Time": "08:08:36.519",
        "InArea": "True"
    },
    {
        "x": "536",
        "y": "127",
        "Time": "08:08:36.568",
        "InArea": "True"
    },
    {
        "x": "536",
        "y": "125",
        "Time": "08:08:36.617",
        "InArea": "True"
    },
    {
        "x": "535",
        "y": "124",
        "Time": "08:08:36.670",
        "InArea": "True"
    },
    {
        "x": "534",
        "y": "123",
        "Time": "08:08:36.715",
        "InArea": "True"
    },
    {
        "x": "534",
        "y": "124",
        "Time": "08:08:36.756",
        "InArea": "True"
    },
    {
        "x": "532",
        "y": "123",
        "Time": "08:08:36.821",
        "InArea": "True"
    },
    {
        "x": "531",
        "y": "121",
        "Time": "08:08:36.869",
        "InArea": "True"
    },
    {
        "x": "531",
        "y": "121",
        "Time": "08:08:36.911",
        "InArea": "True"
    },
    {
        "x": "531",
        "y": "120",
        "Time": "08:08:36.955",
        "InArea": "True"
    },
    {
        "x": "528",
        "y": "119",
        "Time": "08:08:37.002",
        "InArea": "True"
    },
    {
        "x": "527",
        "y": "118",
        "Time": "08:08:37.042",
        "InArea": "True"
    },
    {
        "x": "526",
        "y": "116",
        "Time": "08:08:37.086",
        "InArea": "True"
    },
    {
        "x": "525",
        "y": "115",
        "Time": "08:08:37.124",
        "InArea": "True"
    },
    {
        "x": "522",
        "y": "114",
        "Time": "08:08:37.176",
        "InArea": "True"
    },
    {
        "x": "519",
        "y": "113",
        "Time": "08:08:37.232",
        "InArea": "True"
    },
    {
        "x": "517",
        "y": "112",
        "Time": "08:08:37.279",
        "InArea": "True"
    },
    {
        "x": "516",
        "y": "111",
        "Time": "08:08:37.334",
        "InArea": "True"
    },
    {
        "x": "512",
        "y": "110",
        "Time": "08:08:37.380",
        "InArea": "True"
    },
    {
        "x": "510",
        "y": "110",
        "Time": "08:08:37.429",
        "InArea": "True"
    },
    {
        "x": "509",
        "y": "110",
        "Time": "08:08:37.469",
        "InArea": "True"
    },
    {
        "x": "508",
        "y": "109",
        "Time": "08:08:37.517",
        "InArea": "True"
    },
    {
        "x": "507",
        "y": "108",
        "Time": "08:08:37.571",
        "InArea": "True"
    },
    {
        "x": "505",
        "y": "108",
        "Time": "08:08:37.626",
        "InArea": "True"
    },
    {
        "x": "504",
        "y": "107",
        "Time": "08:08:37.677",
        "InArea": "True"
    },
    {
        "x": "503",
        "y": "107",
        "Time": "08:08:37.728",
        "InArea": "True"
    },
    {
        "x": "501",
        "y": "106",
        "Time": "08:08:37.775",
        "InArea": "True"
    },
    {
        "x": "499",
        "y": "105",
        "Time": "08:08:37.826",
        "InArea": "True"
    },
    {
        "x": "498",
        "y": "102",
        "Time": "08:08:37.881",
        "InArea": "False"
    }
]