[
    {
        "x": "540",
        "y": "126",
        "Time": "17:06:12.578",
        "InArea": "True"
    },
    {
        "x": "539",
        "y": "125",
        "Time": "17:06:12.625",
        "InArea": "True"
    },
    {
        "x": "538",
        "y": "125",
        "Time": "17:06:12.672",
        "InArea": "True"
    },
    {
        "x": "537",
        "y": "124",
        "Time": "17:06:12.717",
        "InArea": "True"
    },
    {
        "x": "537",
        "y": "124",
        "Time": "17:06:12.753",
        "InArea": "True"
    },
    {
        "x": "535",
        "y": "123",
        "Time": "17:06:12.794",
        "InArea": "True"
    },
    {
        "x": "533",
        "y": "121",
        "Time": "17:06:12.857",
        "InArea": "True"
    },
    {
        "x": "532",
        "y": "120",
        "Time": "17:06:12.903",
        "InArea": "True"
    },
    {
        "x": "532",
        "y": "119",
        "Time": "17:06:12.947",
        "InArea": "True"
    },
    {
        "x": "531",
        "y": "119",
        "Time": "17:06:12.994",
        "InArea": "True"
    },
    {
        "x": "530",
        "y": "118",
        "Time": "17:06:13.042",
        "InArea": "True"
    },
    {
        "x": "529",
        "y": "117",
        "Time": "17:06:13.086",
        "InArea": "True"
    },
    {
        "x": "529",
        "y": "116",
        "Time": "17:06:13.126",
        "InArea": "True"
    },
    {
        "x": "528",
        "y": "114",
        "Time": "17:06:13.177",
        "InArea": "True"
    },
    {
        "x": "527",
        "y": "113",
        "Time": "17:06:13.227",
        "InArea": "True"
    },
    {
        "x": "525",
        "y": "112",
        "Time": "17:06:13.268",
        "InArea": "True"
    },
    {
        "x": "524",
        "y": "111",
        "Time": "17:06:13.309",
        "InArea": "True"
    },
    {
        "x": "523",
        "y": "111",
        "Time": "17:06:13.351",
        "InArea": "True"
    },
    {
        "x": "521",
        "y": "111",
        "Time": "17:06:13.405",
        "InArea": "True"
    },
    {
        "x": "518",
        "y": "109",
        "Time": "17:06:13.460",
        "InArea": "True"
    },
    {
        "x": "515",
        "y": "108",
        "Time": "17:06:13.508",
        "InArea": "True"
    },
    {
        "x": "514",
        "y": "108",
        "Time": "17:06:13.549",
        "InArea": "True"
    },
    {
        "x": "512",
        "y": "107",
        "Time": "17:06:13.597",
        "InArea": "True"
    },
    {
        "x": "510",
        "y": "107",
        "Time": "17:06:13.645",
        "InArea": "True"
    },
    {
        "x": "508",
        "y": "107",
        "Time": "17:06:13.691",
        "InArea": "True"
    },
    {
        "x": "507",
        "y": "107",
        "Time": "17:06:13.735",
        "InArea": "True"
    },
    {
        "x": "505",
        "y": "106",
        "Time": "17:06:13.786",
        "InArea": "True"
    },
    {
        "x": "503",
        "y": "106",
        "Time": "17:06:13.832",
        "InArea": "True"
    },
    {
        "x": "501",
        "y": "105",
        "Time": "17:06:13.871",
        "InArea": "True"
    },
    {
        "x": "500",
        "y": "105",
        "Time": "17:06:13.912",
        "InArea": "True"
    },
    {
        "x": "499",
        "y": "105",
        "Time": "17:06:13.955",
        "InArea": "True"
    },
    {
        "x": "499",
        "y": "102",
        "Time": "17:06:14.001",
        "InArea": "False"
    }
]