[
    {
        "x": "540",
        "y": "129",
        "Time": "06:01:15.361",
        "InArea": "True"
    },
    {
        "x": "540",
        "y": "129",
        "Time": "06:01:15.409",
        "InArea": "True"
    },
    {
        "x": "538",
        "y": "128",
        "Time": "06:01:15.449",
        "InArea": "True"
    },
    {
        "x": "537",
        "y": "127",
        "Time": "06:01:15.494",
        "InArea": "True"
    },
    {
        "x": "535",
        "y": "127",
        "Time": "06:01:15.540",
        "InArea": "True"
    },
    {
        "x": "533",
        "y": "126",
        "Time": "06:01:15.587",
        "InArea": "True"
    },
    {
        "x": "531",
        "y": "125",
        "Time": "06:01:15.641",
        "InArea": "True"
    },
    {
        "x": "530",
        "y": "124",
        "Time": "06:01:15.686",
        "InArea": "True"
    },
    {
        "x": "529",
        "y": "124",
        "Time": "06:01:15.728",
        "InArea": "True"
    },
    {
        "x": "528",
        "y": "123",
        "Time": "06:01:15.774",
        "InArea": "True"
    },
    {
        "x": "528",
        "y": "121",
        "Time": "06:01:15.814",
        "InArea": "True"
    },
    {
        "x": "529",
        "y": "120",
        "Time": "06:01:15.863",
        "InArea": "True"
    },
    {
        "x": "528",
        "y": "118",
        "Time": "06:01:15.905",
        "InArea": "True"
    },
    {
        "x": "528",
        "y": "118",
        "Time": "06:01:15.947",
        "InArea": "True"
    },
    {
        "x": "528",
        "y": "117",
        "Time": "06:01:15.992",
        "InArea": "True"
    },
    {
        "x": "527",
        "y": "116",
        "Time": "06:01:16.033",
        "InArea": "True"
    },
    {
        "x": "526",
        "y": "114",
        "Time": "06:01:16.078",
        "InArea": "True"
    },
    {
        "x": "526",
        "y": "113",
        "Time": "06:01:16.123",
        "InArea": "True"
    },
    {
        "x": "525",
        "y": "113",
        "Time": "06:01:16.170",
        "InArea": "True"
    },
    {
        "x": "523",
        "y": "112",
        "Time": "06:01:16.211",
        "InArea": "True"
    },
    {
        "x": "521",
        "y": "112",
        "Time": "06:01:16.253",
        "InArea": "True"
    },
    {
        "x": "520",
        "y": "112",
        "Time": "06:01:16.297",
        "InArea": "True"
    },
    {
        "x": "518",
        "y": "111",
        "Time": "06:01:16.337",
        "InArea": "True"
    },
    {
        "x": "516",
        "y": "110",
        "Time": "06:01:16.378",
        "InArea": "True"
    },
    {
        "x": "513",
        "y": "109",
        "Time": "06:01:16.423",
        "InArea": "True"
    },
    {
        "x": "511",
        "y": "108",
        "Time": "06:01:16.472",
        "InArea": "True"
    },
    {
        "x": "511",
        "y": "107",
        "Time": "06:01:16.519",
        "InArea": "True"
    },
    {
        "x": "511",
        "y": "107",
        "Time": "06:01:16.567",
        "InArea": "True"
    },
    {
        "x": "509",
        "y": "106",
        "Time": "06:01:16.616",
        "InArea": "True"
    },
    {
        "x": "507",
        "y": "106",
        "Time": "06:01:16.655",
        "InArea": "True"
    },
    {
        "x": "505",
        "y": "105",
        "Time": "06:01:16.707",
        "InArea": "True"
    },
    {
        "x": "504",
        "y": "103",
        "Time": "06:01:16.749",
        "InArea": "False"
    }
]