[
    {
        "x": "540",
        "y": "122",
        "Time": "07:18:52.760",
        "InArea": "True"
    },
    {
        "x": "539",
        "y": "121",
        "Time": "07:18:52.806",
        "InArea": "True"
    },
    {
        "x": "538",
        "y": "120",
        "Time": "07:18:52.848",
        "InArea": "True"
    },
    {
        "x": "536",
        "y": "119",
        "Time": "07:18:52.888",
        "InArea": "True"
    },
    {
        "x": "536",
        "y": "118",
        "Time": "07:18:52.936",
        "InArea": "True"
    },
    {
        "x": "535",
        "y": "117",
        "Time": "07:18:52.978",
        "InArea": "True"
    },
    {
        "x": "534",
        "y": "117",
        "Time": "07:18:53.019",
        "InArea": "True"
    },
    {
        "x": "534",
        "y": "117",
        "Time": "07:18:53.059",
        "InArea": "True"
    },
    {
        "x": "534",
        "y": "116",
        "Time": "07:18:53.099",
        "InArea": "True"
    },
    {
        "x": "532",
        "y": "115",
        "Time": "07:18:53.148",
        "InArea": "True"
    },
    {
        "x": "531",
        "y": "114",
        "Time": "07:18:53.195",
        "InArea": "True"
    },
    {
        "x": "530",
        "y": "113",
        "Time": "07:18:53.242",
        "InArea": "True"
    },
    {
        "x": "529",
        "y": "113",
        "Time": "07:18:53.280",
        "InArea": "True"
    },
    {
        "x": "526",
        "y": "112",
        "Time": "07:18:53.330",
        "InArea": "True"
    },
    {
        "x": "525",
        "y": "111",
        "Time": "07:18:53.373",
        "InArea": "True"
    },
    {
        "x": "524",
        "y": "110",
        "Time": "07:18:53.419",
        "InArea": "True"
    },
    {
        "x": "524",
        "y": "109",
        "Time": "07:18:53.458",
        "InArea": "True"
    },
    {
        "x": "523",
        "y": "109",
        "Time": "07:18:53.503",
        "InArea": "True"
    },
    {
        "x": "522",
        "y": "109",
        "Time": "07:18:53.550",
        "InArea": "True"
    },
    {
        "x": "521",
        "y": "108",
        "Time": "07:18:53.597",
        "InArea": "True"
    },
    {
        "x": "519",
        "y": "108",
        "Time": "07:18:53.641",
        "InArea": "True"
    },
    {
        "x": "518",
        "y": "108",
        "Time": "07:18:53.694",
        "InArea": "True"
    },
    {
        "x": "516",
        "y": "108",
        "Time": "07:18:53.744",
        "InArea": "True"
    },
    {
        "x": "515",
        "y": "108",
        "Time": "07:18:53.804",
        "InArea": "True"
    },
    {
        "x": "513",
        "y": "107",
        "Time": "07:18:53.853",
        "InArea": "True"
    },
    {
        "x": "511",
        "y": "106",
        "Time": "07:18:53.893",
        "InArea": "True"
    },
    {
        "x": "508",
        "y": "106",
        "Time": "07:18:53.940",
        "InArea": "True"
    },
    {
        "x": "507",
        "y": "106",
        "Time": "07:18:53.989",
        "InArea": "True"
    },
    {
        "x": "505",
        "y": "106",
        "Time": "07:18:54.032",
        "InArea": "True"
    },
    {
        "x": "504",
        "y": "106",
        "Time": "07:18:54.079",
        "InArea": "True"
    },
    {
        "x": "503",
        "y": "106",
        "Time": "07:18:54.122",
        "InArea": "True"
    },
    {
        "x": "501",
        "y": "102",
        "Time": "07:18:54.164",
        "InArea": "False"
    }
]