[
    {
        "x": "541",
        "y": "127",
        "Time": "07:43:22.337",
        "InArea": "True"
    },
    {
        "x": "541",
        "y": "127",
        "Time": "07:43:22.513",
        "InArea": "True"
    },
    {
        "x": "541",
        "y": "126",
        "Time": "07:43:22.556",
        "InArea": "True"
    },
    {
        "x": "540",
        "y": "126",
        "Time": "07:43:22.602",
        "InArea": "True"
    },
    {
        "x": "540",
        "y": "125",
        "Time": "07:43:22.640",
        "InArea": "True"
    },
    {
        "x": "539",
        "y": "125",
        "Time": "07:43:22.689",
        "InArea": "True"
    },
    {
        "x": "538",
        "y": "125",
        "Time": "07:43:22.733",
        "InArea": "True"
    },
    {
        "x": "538",
        "y": "124",
        "Time": "07:43:22.783",
        "InArea": "True"
    },
    {
        "x": "537",
        "y": "124",
        "Time": "07:43:22.824",
        "InArea": "True"
    },
    {
        "x": "537",
        "y": "124",
        "Time": "07:43:22.911",
        "InArea": "True"
    },
    {
        "x": "536",
        "y": "123",
        "Time": "07:43:22.958",
        "InArea": "True"
    },
    {
        "x": "535",
        "y": "122",
        "Time": "07:43:23.008",
        "InArea": "True"
    },
    {
        "x": "534",
        "y": "121",
        "Time": "07:43:23.051",
        "InArea": "True"
    },
    {
        "x": "533",
        "y": "119",
        "Time": "07:43:23.096",
        "InArea": "True"
    },
    {
        "x": "532",
        "y": "119",
        "Time": "07:43:23.153",
        "InArea": "True"
    },
    {
        "x": "530",
        "y": "118",
        "Time": "07:43:23.193",
        "InArea": "True"
    },
    {
        "x": "529",
        "y": "117",
        "Time": "07:43:23.235",
        "InArea": "True"
    },
    {
        "x": "526",
        "y": "116",
        "Time": "07:43:23.287",
        "InArea": "True"
    },
    {
        "x": "524",
        "y": "115",
        "Time": "07:43:23.335",
        "InArea": "True"
    },
    {
        "x": "523",
        "y": "114",
        "Time": "07:43:23.378",
        "InArea": "True"
    },
    {
        "x": "522",
        "y": "112",
        "Time": "07:43:23.419",
        "InArea": "True"
    },
    {
        "x": "521",
        "y": "111",
        "Time": "07:43:23.461",
        "InArea": "True"
    },
    {
        "x": "518",
        "y": "110",
        "Time": "07:43:23.509",
        "InArea": "True"
    },
    {
        "x": "516",
        "y": "109",
        "Time": "07:43:23.563",
        "InArea": "True"
    },
    {
        "x": "514",
        "y": "108",
        "Time": "07:43:23.610",
        "InArea": "True"
    },
    {
        "x": "513",
        "y": "108",
        "Time": "07:43:23.654",
        "InArea": "True"
    },
    {
        "x": "511",
        "y": "108",
        "Time": "07:43:23.699",
        "InArea": "True"
    },
    {
        "x": "509",
        "y": "107",
        "Time": "07:43:23.744",
        "InArea": "True"
    },
    {
        "x": "507",
        "y": "106",
        "Time": "07:43:23.792",
        "InArea": "True"
    },
    {
        "x": "507",
        "y": "105",
        "Time": "07:43:23.832",
        "InArea": "True"
    },
    {
        "x": "506",
        "y": "105",
        "Time": "07:43:23.879",
        "InArea": "True"
    },
    {
        "x": "506",
        "y": "104",
        "Time": "07:43:23.924",
        "InArea": "False"
    }
]