[
    {
        "x": "382",
        "y": "129",
        "Time": "08:31:47.468",
        "InArea": "True"
    },
    {
        "x": "381",
        "y": "129",
        "Time": "08:31:47.508",
        "InArea": "True"
    },
    {
        "x": "381",
        "y": "129",
        "Time": "08:31:47.558",
        "InArea": "True"
    },
    {
        "x": "380",
        "y": "129",
        "Time": "08:31:47.608",
        "InArea": "True"
    },
    {
        "x": "379",
        "y": "128",
        "Time": "08:31:47.659",
        "InArea": "True"
    },
    {
        "x": "378",
        "y": "128",
        "Time": "08:31:47.702",
        "InArea": "True"
    },
    {
        "x": "378",
        "y": "128",
        "Time": "08:31:47.748",
        "InArea": "True"
    },
    {
        "x": "376",
        "y": "126",
        "Time": "08:31:47.793",
        "InArea": "True"
    },
    {
        "x": "375",
        "y": "125",
        "Time": "08:31:47.841",
        "InArea": "True"
    },
    {
        "x": "374",
        "y": "124",
        "Time": "08:31:47.891",
        "InArea": "True"
    },
    {
        "x": "374",
        "y": "124",
        "Time": "08:31:47.941",
        "InArea": "True"
    },
    {
        "x": "373",
        "y": "123",
        "Time": "08:31:47.991",
        "InArea": "True"
    },
    {
        "x": "373",
        "y": "122",
        "Time": "08:31:48.036",
        "InArea": "True"
    },
    {
        "x": "372",
        "y": "121",
        "Time": "08:31:48.085",
        "InArea": "True"
    },
    {
        "x": "372",
        "y": "121",
        "Time": "08:31:48.132",
        "InArea": "True"
    },
    {
        "x": "372",
        "y": "119",
        "Time": "08:31:48.187",
        "InArea": "True"
    },
    {
        "x": "372",
        "y": "118",
        "Time": "08:31:48.236",
        "InArea": "True"
    },
    {
        "x": "369",
        "y": "118",
        "Time": "08:31:48.277",
        "InArea": "True"
    },
    {
        "x": "367",
        "y": "118",
        "Time": "08:31:48.321",
        "InArea": "True"
    },
    {
        "x": "366",
        "y": "118",
        "Time": "08:31:48.369",
        "InArea": "True"
    },
    {
        "x": "366",
        "y": "118",
        "Time": "08:31:48.462",
        "InArea": "True"
    },
    {
        "x": "366",
        "y": "117",
        "Time": "08:31:48.509",
        "InArea": "True"
    },
    {
        "x": "366",
        "y": "116",
        "Time": "08:31:48.548",
        "InArea": "True"
    },
    {
        "x": "364",
        "y": "115",
        "Time": "08:31:48.591",
        "InArea": "True"
    },
    {
        "x": "363",
        "y": "114",
        "Time": "08:31:48.645",
        "InArea": "True"
    },
    {
        "x": "362",
        "y": "113",
        "Time": "08:31:48.696",
        "InArea": "True"
    },
    {
        "x": "362",
        "y": "113",
        "Time": "08:31:48.744",
        "InArea": "True"
    },
    {
        "x": "361",
        "y": "112",
        "Time": "08:31:48.800",
        "InArea": "True"
    },
    {
        "x": "361",
        "y": "112",
        "Time": "08:31:48.851",
        "InArea": "True"
    },
    {
        "x": "359",
        "y": "111",
        "Time": "08:31:48.899",
        "InArea": "True"
    },
    {
        "x": "358",
        "y": "110",
        "Time": "08:31:48.943",
        "InArea": "True"
    },
    {
        "x": "356",
        "y": "108",
        "Time": "08:31:48.984",
        "InArea": "False"
    }
]