[
    {
        "x": "408",
        "y": "127",
        "Time": "08:00:36.928",
        "InArea": "True"
    },
    {
        "x": "407",
        "y": "127",
        "Time": "08:00:36.979",
        "InArea": "True"
    },
    {
        "x": "406",
        "y": "127",
        "Time": "08:00:37.035",
        "InArea": "True"
    },
    {
        "x": "405",
        "y": "127",
        "Time": "08:00:37.091",
        "InArea": "True"
    },
    {
        "x": "402",
        "y": "124",
        "Time": "08:00:37.134",
        "InArea": "True"
    },
    {
        "x": "401",
        "y": "123",
        "Time": "08:00:37.174",
        "InArea": "True"
    },
    {
        "x": "400",
        "y": "122",
        "Time": "08:00:37.212",
        "InArea": "True"
    },
    {
        "x": "399",
        "y": "122",
        "Time": "08:00:37.257",
        "InArea": "True"
    },
    {
        "x": "398",
        "y": "122",
        "Time": "08:00:37.294",
        "InArea": "True"
    },
    {
        "x": "396",
        "y": "121",
        "Time": "08:00:37.347",
        "InArea": "True"
    },
    {
        "x": "395",
        "y": "120",
        "Time": "08:00:37.389",
        "InArea": "True"
    },
    {
        "x": "393",
        "y": "120",
        "Time": "08:00:37.430",
        "InArea": "True"
    },
    {
        "x": "392",
        "y": "120",
        "Time": "08:00:37.468",
        "InArea": "True"
    },
    {
        "x": "390",
        "y": "119",
        "Time": "08:00:37.517",
        "InArea": "True"
    },
    {
        "x": "389",
        "y": "118",
        "Time": "08:00:37.554",
        "InArea": "True"
    },
    {
        "x": "389",
        "y": "118",
        "Time": "08:00:37.595",
        "InArea": "True"
    },
    {
        "x": "388",
        "y": "117",
        "Time": "08:00:37.638",
        "InArea": "True"
    },
    {
        "x": "387",
        "y": "117",
        "Time": "08:00:37.694",
        "InArea": "True"
    },
    {
        "x": "385",
        "y": "116",
        "Time": "08:00:37.736",
        "InArea": "True"
    },
    {
        "x": "384",
        "y": "115",
        "Time": "08:00:37.786",
        "InArea": "True"
    },
    {
        "x": "383",
        "y": "115",
        "Time": "08:00:37.832",
        "InArea": "True"
    },
    {
        "x": "382",
        "y": "115",
        "Time": "08:00:37.870",
        "InArea": "True"
    },
    {
        "x": "381",
        "y": "114",
        "Time": "08:00:37.915",
        "InArea": "True"
    },
    {
        "x": "381",
        "y": "113",
        "Time": "08:00:37.967",
        "InArea": "True"
    },
    {
        "x": "379",
        "y": "113",
        "Time": "08:00:38.010",
        "InArea": "True"
    },
    {
        "x": "378",
        "y": "113",
        "Time": "08:00:38.057",
        "InArea": "True"
    },
    {
        "x": "378",
        "y": "113",
        "Time": "08:00:38.094",
        "InArea": "True"
    },
    {
        "x": "377",
        "y": "113",
        "Time": "08:00:38.140",
        "InArea": "True"
    },
    {
        "x": "377",
        "y": "113",
        "Time": "08:00:38.178",
        "InArea": "True"
    },
    {
        "x": "377",
        "y": "111",
        "Time": "08:00:38.221",
        "InArea": "True"
    },
    {
        "x": "377",
        "y": "110",
        "Time": "08:00:38.271",
        "InArea": "True"
    },
    {
        "x": "376",
        "y": "109",
        "Time": "08:00:38.324",
        "InArea": "False"
    }
]