[
    {
        "x": "394",
        "y": "132",
        "Time": "09:36:53.320",
        "InArea": "True"
    },
    {
        "x": "393",
        "y": "130",
        "Time": "09:36:53.369",
        "InArea": "True"
    },
    {
        "x": "392",
        "y": "129",
        "Time": "09:36:53.414",
        "InArea": "True"
    },
    {
        "x": "392",
        "y": "129",
        "Time": "09:36:53.457",
        "InArea": "True"
    },
    {
        "x": "388",
        "y": "128",
        "Time": "09:36:53.502",
        "InArea": "True"
    },
    {
        "x": "386",
        "y": "127",
        "Time": "09:36:53.543",
        "InArea": "True"
    },
    {
        "x": "383",
        "y": "126",
        "Time": "09:36:53.594",
        "InArea": "True"
    },
    {
        "x": "382",
        "y": "125",
        "Time": "09:36:53.645",
        "InArea": "True"
    },
    {
        "x": "379",
        "y": "125",
        "Time": "09:36:53.696",
        "InArea": "True"
    },
    {
        "x": "377",
        "y": "125",
        "Time": "09:36:53.742",
        "InArea": "True"
    },
    {
        "x": "375",
        "y": "123",
        "Time": "09:36:53.782",
        "InArea": "True"
    },
    {
        "x": "374",
        "y": "122",
        "Time": "09:36:53.828",
        "InArea": "True"
    },
    {
        "x": "374",
        "y": "121",
        "Time": "09:36:53.874",
        "InArea": "True"
    },
    {
        "x": "373",
        "y": "120",
        "Time": "09:36:53.916",
        "InArea": "True"
    },
    {
        "x": "372",
        "y": "120",
        "Time": "09:36:53.957",
        "InArea": "True"
    },
    {
        "x": "372",
        "y": "120",
        "Time": "09:36:54.044",
        "InArea": "True"
    },
    {
        "x": "369",
        "y": "120",
        "Time": "09:36:54.092",
        "InArea": "True"
    },
    {
        "x": "368",
        "y": "120",
        "Time": "09:36:54.138",
        "InArea": "True"
    },
    {
        "x": "367",
        "y": "120",
        "Time": "09:36:54.191",
        "InArea": "True"
    },
    {
        "x": "366",
        "y": "120",
        "Time": "09:36:54.247",
        "InArea": "True"
    },
    {
        "x": "363",
        "y": "119",
        "Time": "09:36:54.292",
        "InArea": "True"
    },
    {
        "x": "362",
        "y": "119",
        "Time": "09:36:54.336",
        "InArea": "True"
    },
    {
        "x": "360",
        "y": "118",
        "Time": "09:36:54.378",
        "InArea": "True"
    },
    {
        "x": "359",
        "y": "117",
        "Time": "09:36:54.425",
        "InArea": "True"
    },
    {
        "x": "359",
        "y": "117",
        "Time": "09:36:54.474",
        "InArea": "True"
    },
    {
        "x": "357",
        "y": "115",
        "Time": "09:36:54.515",
        "InArea": "True"
    },
    {
        "x": "356",
        "y": "114",
        "Time": "09:36:54.559",
        "InArea": "True"
    },
    {
        "x": "354",
        "y": "113",
        "Time": "09:36:54.607",
        "InArea": "True"
    },
    {
        "x": "353",
        "y": "112",
        "Time": "09:36:54.658",
        "InArea": "True"
    },
    {
        "x": "350",
        "y": "111",
        "Time": "09:36:54.705",
        "InArea": "True"
    },
    {
        "x": "349",
        "y": "110",
        "Time": "09:36:54.759",
        "InArea": "True"
    },
    {
        "x": "346",
        "y": "109",
        "Time": "09:36:54.822",
        "InArea": "False"
    }
]