[
    {
        "x": "390",
        "y": "128",
        "Time": "12:04:18.698",
        "InArea": "True"
    },
    {
        "x": "389",
        "y": "128",
        "Time": "12:04:18.746",
        "InArea": "True"
    },
    {
        "x": "389",
        "y": "128",
        "Time": "12:04:18.803",
        "InArea": "True"
    },
    {
        "x": "387",
        "y": "127",
        "Time": "12:04:18.857",
        "InArea": "True"
    },
    {
        "x": "386",
        "y": "127",
        "Time": "12:04:18.907",
        "InArea": "True"
    },
    {
        "x": "384",
        "y": "126",
        "Time": "12:04:18.965",
        "InArea": "True"
    },
    {
        "x": "383",
        "y": "126",
        "Time": "12:04:19.028",
        "InArea": "True"
    },
    {
        "x": "382",
        "y": "125",
        "Time": "12:04:19.078",
        "InArea": "True"
    },
    {
        "x": "382",
        "y": "125",
        "Time": "12:04:19.137",
        "InArea": "True"
    },
    {
        "x": "381",
        "y": "125",
        "Time": "12:04:19.192",
        "InArea": "True"
    },
    {
        "x": "378",
        "y": "125",
        "Time": "12:04:19.246",
        "InArea": "True"
    },
    {
        "x": "377",
        "y": "125",
        "Time": "12:04:19.304",
        "InArea": "True"
    },
    {
        "x": "376",
        "y": "125",
        "Time": "12:04:19.364",
        "InArea": "True"
    },
    {
        "x": "375",
        "y": "125",
        "Time": "12:04:19.422",
        "InArea": "True"
    },
    {
        "x": "375",
        "y": "123",
        "Time": "12:04:19.474",
        "InArea": "True"
    },
    {
        "x": "375",
        "y": "122",
        "Time": "12:04:19.522",
        "InArea": "True"
    },
    {
        "x": "374",
        "y": "120",
        "Time": "12:04:19.576",
        "InArea": "True"
    },
    {
        "x": "373",
        "y": "119",
        "Time": "12:04:19.626",
        "InArea": "True"
    },
    {
        "x": "373",
        "y": "118",
        "Time": "12:04:19.669",
        "InArea": "True"
    },
    {
        "x": "373",
        "y": "118",
        "Time": "12:04:19.717",
        "InArea": "True"
    },
    {
        "x": "373",
        "y": "119",
        "Time": "12:04:19.776",
        "InArea": "True"
    },
    {
        "x": "373",
        "y": "119",
        "Time": "12:04:19.829",
        "InArea": "True"
    },
    {
        "x": "372",
        "y": "118",
        "Time": "12:04:19.883",
        "InArea": "True"
    },
    {
        "x": "371",
        "y": "117",
        "Time": "12:04:19.933",
        "InArea": "True"
    },
    {
        "x": "371",
        "y": "117",
        "Time": "12:04:19.983",
        "InArea": "True"
    },
    {
        "x": "371",
        "y": "117",
        "Time": "12:04:20.032",
        "InArea": "True"
    },
    {
        "x": "368",
        "y": "115",
        "Time": "12:04:20.081",
        "InArea": "True"
    },
    {
        "x": "367",
        "y": "114",
        "Time": "12:04:20.128",
        "InArea": "True"
    },
    {
        "x": "366",
        "y": "113",
        "Time": "12:04:20.184",
        "InArea": "True"
    },
    {
        "x": "366",
        "y": "112",
        "Time": "12:04:20.230",
        "InArea": "True"
    },
    {
        "x": "365",
        "y": "110",
        "Time": "12:04:20.285",
        "InArea": "False"
    },
    {
        "x": "364",
        "y": "109",
        "Time": "12:04:20.340",
        "InArea": "False"
    }
]