[
    {
        "x": "398",
        "y": "132",
        "Time": "08:10:25.642",
        "InArea": "True"
    },
    {
        "x": "398",
        "y": "132",
        "Time": "08:10:25.682",
        "InArea": "True"
    },
    {
        "x": "397",
        "y": "132",
        "Time": "08:10:25.731",
        "InArea": "True"
    },
    {
        "x": "397",
        "y": "132",
        "Time": "08:10:25.775",
        "InArea": "True"
    },
    {
        "x": "395",
        "y": "130",
        "Time": "08:10:25.818",
        "InArea": "True"
    },
    {
        "x": "394",
        "y": "129",
        "Time": "08:10:25.871",
        "InArea": "True"
    },
    {
        "x": "391",
        "y": "128",
        "Time": "08:10:25.916",
        "InArea": "True"
    },
    {
        "x": "390",
        "y": "128",
        "Time": "08:10:25.962",
        "InArea": "True"
    },
    {
        "x": "388",
        "y": "127",
        "Time": "08:10:26.011",
        "InArea": "True"
    },
    {
        "x": "387",
        "y": "127",
        "Time": "08:10:26.055",
        "InArea": "True"
    },
    {
        "x": "386",
        "y": "126",
        "Time": "08:10:26.107",
        "InArea": "True"
    },
    {
        "x": "385",
        "y": "125",
        "Time": "08:10:26.149",
        "InArea": "True"
    },
    {
        "x": "383",
        "y": "124",
        "Time": "08:10:26.200",
        "InArea": "True"
    },
    {
        "x": "382",
        "y": "123",
        "Time": "08:10:26.243",
        "InArea": "True"
    },
    {
        "x": "382",
        "y": "123",
        "Time": "08:10:26.279",
        "InArea": "True"
    },
    {
        "x": "381",
        "y": "123",
        "Time": "08:10:26.321",
        "InArea": "True"
    },
    {
        "x": "381",
        "y": "123",
        "Time": "08:10:26.364",
        "InArea": "True"
    },
    {
        "x": "379",
        "y": "121",
        "Time": "08:10:26.413",
        "InArea": "True"
    },
    {
        "x": "378",
        "y": "120",
        "Time": "08:10:26.456",
        "InArea": "True"
    },
    {
        "x": "377",
        "y": "120",
        "Time": "08:10:26.505",
        "InArea": "True"
    },
    {
        "x": "376",
        "y": "120",
        "Time": "08:10:26.553",
        "InArea": "True"
    },
    {
        "x": "375",
        "y": "119",
        "Time": "08:10:26.599",
        "InArea": "True"
    },
    {
        "x": "374",
        "y": "118",
        "Time": "08:10:26.637",
        "InArea": "True"
    },
    {
        "x": "373",
        "y": "118",
        "Time": "08:10:26.680",
        "InArea": "True"
    },
    {
        "x": "373",
        "y": "118",
        "Time": "08:10:26.720",
        "InArea": "True"
    },
    {
        "x": "373",
        "y": "118",
        "Time": "08:10:26.773",
        "InArea": "True"
    },
    {
        "x": "372",
        "y": "117",
        "Time": "08:10:26.821",
        "InArea": "True"
    },
    {
        "x": "371",
        "y": "117",
        "Time": "08:10:26.875",
        "InArea": "True"
    },
    {
        "x": "369",
        "y": "115",
        "Time": "08:10:26.916",
        "InArea": "True"
    },
    {
        "x": "368",
        "y": "114",
        "Time": "08:10:26.963",
        "InArea": "True"
    },
    {
        "x": "367",
        "y": "110",
        "Time": "08:10:27.002",
        "InArea": "False"
    },
    {
        "x": "366",
        "y": "108",
        "Time": "08:10:27.040",
        "InArea": "False"
    }
]