[
    {
        "x": "407",
        "y": "122",
        "Time": "09:33:47.107",
        "InArea": "True"
    },
    {
        "x": "406",
        "y": "122",
        "Time": "09:33:47.154",
        "InArea": "True"
    },
    {
        "x": "406",
        "y": "122",
        "Time": "09:33:47.200",
        "InArea": "True"
    },
    {
        "x": "406",
        "y": "122",
        "Time": "09:33:47.255",
        "InArea": "True"
    },
    {
        "x": "404",
        "y": "121",
        "Time": "09:33:47.308",
        "InArea": "True"
    },
    {
        "x": "403",
        "y": "121",
        "Time": "09:33:47.349",
        "InArea": "True"
    },
    {
        "x": "401",
        "y": "120",
        "Time": "09:33:47.396",
        "InArea": "True"
    },
    {
        "x": "400",
        "y": "119",
        "Time": "09:33:47.438",
        "InArea": "True"
    },
    {
        "x": "397",
        "y": "118",
        "Time": "09:33:47.489",
        "InArea": "True"
    },
    {
        "x": "396",
        "y": "117",
        "Time": "09:33:47.532",
        "InArea": "True"
    },
    {
        "x": "394",
        "y": "116",
        "Time": "09:33:47.579",
        "InArea": "True"
    },
    {
        "x": "393",
        "y": "115",
        "Time": "09:33:47.619",
        "InArea": "True"
    },
    {
        "x": "392",
        "y": "115",
        "Time": "09:33:47.663",
        "InArea": "True"
    },
    {
        "x": "391",
        "y": "115",
        "Time": "09:33:47.709",
        "InArea": "True"
    },
    {
        "x": "391",
        "y": "115",
        "Time": "09:33:47.752",
        "InArea": "True"
    },
    {
        "x": "391",
        "y": "115",
        "Time": "09:33:47.793",
        "InArea": "True"
    },
    {
        "x": "391",
        "y": "115",
        "Time": "09:33:47.832",
        "InArea": "True"
    },
    {
        "x": "391",
        "y": "115",
        "Time": "09:33:47.874",
        "InArea": "True"
    },
    {
        "x": "389",
        "y": "114",
        "Time": "09:33:47.922",
        "InArea": "True"
    },
    {
        "x": "388",
        "y": "113",
        "Time": "09:33:47.970",
        "InArea": "True"
    },
    {
        "x": "388",
        "y": "113",
        "Time": "09:33:48.069",
        "InArea": "True"
    },
    {
        "x": "386",
        "y": "112",
        "Time": "09:33:48.124",
        "InArea": "True"
    },
    {
        "x": "385",
        "y": "112",
        "Time": "09:33:48.178",
        "InArea": "True"
    },
    {
        "x": "384",
        "y": "112",
        "Time": "09:33:48.223",
        "InArea": "True"
    },
    {
        "x": "384",
        "y": "112",
        "Time": "09:33:48.273",
        "InArea": "True"
    },
    {
        "x": "382",
        "y": "111",
        "Time": "09:33:48.328",
        "InArea": "True"
    },
    {
        "x": "380",
        "y": "111",
        "Time": "09:33:48.374",
        "InArea": "True"
    },
    {
        "x": "379",
        "y": "111",
        "Time": "09:33:48.417",
        "InArea": "True"
    },
    {
        "x": "379",
        "y": "111",
        "Time": "09:33:48.456",
        "InArea": "True"
    },
    {
        "x": "377",
        "y": "110",
        "Time": "09:33:48.497",
        "InArea": "True"
    },
    {
        "x": "376",
        "y": "110",
        "Time": "09:33:48.541",
        "InArea": "True"
    },
    {
        "x": "374",
        "y": "108",
        "Time": "09:33:48.582",
        "InArea": "False"
    }
]