[
    {
        "x": "386",
        "y": "132",
        "Time": "07:49:09.320",
        "InArea": "True"
    },
    {
        "x": "385",
        "y": "132",
        "Time": "07:49:09.367",
        "InArea": "True"
    },
    {
        "x": "383",
        "y": "131",
        "Time": "07:49:09.413",
        "InArea": "True"
    },
    {
        "x": "382",
        "y": "131",
        "Time": "07:49:09.459",
        "InArea": "True"
    },
    {
        "x": "382",
        "y": "131",
        "Time": "07:49:09.510",
        "InArea": "True"
    },
    {
        "x": "381",
        "y": "130",
        "Time": "07:49:09.559",
        "InArea": "True"
    },
    {
        "x": "380",
        "y": "129",
        "Time": "07:49:09.611",
        "InArea": "True"
    },
    {
        "x": "379",
        "y": "128",
        "Time": "07:49:09.655",
        "InArea": "True"
    },
    {
        "x": "379",
        "y": "128",
        "Time": "07:49:09.695",
        "InArea": "True"
    },
    {
        "x": "378",
        "y": "127",
        "Time": "07:49:09.736",
        "InArea": "True"
    },
    {
        "x": "377",
        "y": "127",
        "Time": "07:49:09.776",
        "InArea": "True"
    },
    {
        "x": "377",
        "y": "125",
        "Time": "07:49:09.819",
        "InArea": "True"
    },
    {
        "x": "377",
        "y": "124",
        "Time": "07:49:09.860",
        "InArea": "True"
    },
    {
        "x": "377",
        "y": "124",
        "Time": "07:49:09.906",
        "InArea": "True"
    },
    {
        "x": "376",
        "y": "123",
        "Time": "07:49:09.951",
        "InArea": "True"
    },
    {
        "x": "375",
        "y": "121",
        "Time": "07:49:10.001",
        "InArea": "True"
    },
    {
        "x": "374",
        "y": "120",
        "Time": "07:49:10.041",
        "InArea": "True"
    },
    {
        "x": "374",
        "y": "120",
        "Time": "07:49:10.082",
        "InArea": "True"
    },
    {
        "x": "373",
        "y": "119",
        "Time": "07:49:10.123",
        "InArea": "True"
    },
    {
        "x": "373",
        "y": "118",
        "Time": "07:49:10.173",
        "InArea": "True"
    },
    {
        "x": "372",
        "y": "117",
        "Time": "07:49:10.231",
        "InArea": "True"
    },
    {
        "x": "371",
        "y": "117",
        "Time": "07:49:10.276",
        "InArea": "True"
    },
    {
        "x": "371",
        "y": "117",
        "Time": "07:49:10.362",
        "InArea": "True"
    },
    {
        "x": "371",
        "y": "116",
        "Time": "07:49:10.403",
        "InArea": "True"
    },
    {
        "x": "371",
        "y": "115",
        "Time": "07:49:10.445",
        "InArea": "True"
    },
    {
        "x": "371",
        "y": "115",
        "Time": "07:49:10.494",
        "InArea": "True"
    },
    {
        "x": "370",
        "y": "115",
        "Time": "07:49:10.550",
        "InArea": "True"
    },
    {
        "x": "369",
        "y": "115",
        "Time": "07:49:10.592",
        "InArea": "True"
    },
    {
        "x": "368",
        "y": "113",
        "Time": "07:49:10.633",
        "InArea": "True"
    },
    {
        "x": "367",
        "y": "112",
        "Time": "07:49:10.679",
        "InArea": "True"
    },
    {
        "x": "366",
        "y": "110",
        "Time": "07:49:10.735",
        "InArea": "False"
    },
    {
        "x": "365",
        "y": "109",
        "Time": "07:49:10.782",
        "InArea": "False"
    }
]