[
    {
        "x": "389",
        "y": "126",
        "Time": "08:40:29.811",
        "InArea": "True"
    },
    {
        "x": "388",
        "y": "126",
        "Time": "08:40:29.856",
        "InArea": "True"
    },
    {
        "x": "387",
        "y": "126",
        "Time": "08:40:29.906",
        "InArea": "True"
    },
    {
        "x": "385",
        "y": "125",
        "Time": "08:40:29.952",
        "InArea": "True"
    },
    {
        "x": "384",
        "y": "125",
        "Time": "08:40:29.998",
        "InArea": "True"
    },
    {
        "x": "384",
        "y": "125",
        "Time": "08:40:30.045",
        "InArea": "True"
    },
    {
        "x": "384",
        "y": "124",
        "Time": "08:40:30.105",
        "InArea": "True"
    },
    {
        "x": "383",
        "y": "124",
        "Time": "08:40:30.152",
        "InArea": "True"
    },
    {
        "x": "382",
        "y": "124",
        "Time": "08:40:30.193",
        "InArea": "True"
    },
    {
        "x": "382",
        "y": "124",
        "Time": "08:40:30.235",
        "InArea": "True"
    },
    {
        "x": "381",
        "y": "123",
        "Time": "08:40:30.281",
        "InArea": "True"
    },
    {
        "x": "381",
        "y": "123",
        "Time": "08:40:30.323",
        "InArea": "True"
    },
    {
        "x": "380",
        "y": "122",
        "Time": "08:40:30.372",
        "InArea": "True"
    },
    {
        "x": "380",
        "y": "122",
        "Time": "08:40:30.420",
        "InArea": "True"
    },
    {
        "x": "381",
        "y": "122",
        "Time": "08:40:30.476",
        "InArea": "True"
    },
    {
        "x": "382",
        "y": "122",
        "Time": "08:40:30.533",
        "InArea": "True"
    },
    {
        "x": "381",
        "y": "121",
        "Time": "08:40:30.594",
        "InArea": "True"
    },
    {
        "x": "380",
        "y": "121",
        "Time": "08:40:30.644",
        "InArea": "True"
    },
    {
        "x": "379",
        "y": "119",
        "Time": "08:40:30.694",
        "InArea": "True"
    },
    {
        "x": "377",
        "y": "118",
        "Time": "08:40:30.743",
        "InArea": "True"
    },
    {
        "x": "376",
        "y": "118",
        "Time": "08:40:30.794",
        "InArea": "True"
    },
    {
        "x": "375",
        "y": "118",
        "Time": "08:40:30.844",
        "InArea": "True"
    },
    {
        "x": "374",
        "y": "118",
        "Time": "08:40:30.892",
        "InArea": "True"
    },
    {
        "x": "373",
        "y": "116",
        "Time": "08:40:30.938",
        "InArea": "True"
    },
    {
        "x": "373",
        "y": "115",
        "Time": "08:40:30.978",
        "InArea": "True"
    },
    {
        "x": "373",
        "y": "114",
        "Time": "08:40:31.021",
        "InArea": "True"
    },
    {
        "x": "372",
        "y": "112",
        "Time": "08:40:31.073",
        "InArea": "True"
    },
    {
        "x": "371",
        "y": "111",
        "Time": "08:40:31.120",
        "InArea": "True"
    },
    {
        "x": "371",
        "y": "110",
        "Time": "08:40:31.160",
        "InArea": "True"
    },
    {
        "x": "371",
        "y": "110",
        "Time": "08:40:31.201",
        "InArea": "True"
    },
    {
        "x": "371",
        "y": "110",
        "Time": "08:40:31.252",
        "InArea": "True"
    },
    {
        "x": "369",
        "y": "108",
        "Time": "08:40:31.298",
        "InArea": "False"
    }
]