[
    {
        "x": "412",
        "y": "127",
        "Time": "08:37:49.002",
        "InArea": "True"
    },
    {
        "x": "412",
        "y": "127",
        "Time": "08:37:49.047",
        "InArea": "True"
    },
    {
        "x": "410",
        "y": "126",
        "Time": "08:37:49.096",
        "InArea": "True"
    },
    {
        "x": "409",
        "y": "125",
        "Time": "08:37:49.145",
        "InArea": "True"
    },
    {
        "x": "408",
        "y": "124",
        "Time": "08:37:49.192",
        "InArea": "True"
    },
    {
        "x": "408",
        "y": "123",
        "Time": "08:37:49.248",
        "InArea": "True"
    },
    {
        "x": "409",
        "y": "123",
        "Time": "08:37:49.300",
        "InArea": "True"
    },
    {
        "x": "409",
        "y": "123",
        "Time": "08:37:49.449",
        "InArea": "True"
    },
    {
        "x": "407",
        "y": "122",
        "Time": "08:37:49.491",
        "InArea": "True"
    },
    {
        "x": "406",
        "y": "121",
        "Time": "08:37:49.535",
        "InArea": "True"
    },
    {
        "x": "404",
        "y": "121",
        "Time": "08:37:49.597",
        "InArea": "True"
    },
    {
        "x": "403",
        "y": "121",
        "Time": "08:37:49.656",
        "InArea": "True"
    },
    {
        "x": "403",
        "y": "120",
        "Time": "08:37:49.708",
        "InArea": "True"
    },
    {
        "x": "399",
        "y": "119",
        "Time": "08:37:49.765",
        "InArea": "True"
    },
    {
        "x": "397",
        "y": "118",
        "Time": "08:37:49.817",
        "InArea": "True"
    },
    {
        "x": "396",
        "y": "118",
        "Time": "08:37:49.862",
        "InArea": "True"
    },
    {
        "x": "396",
        "y": "118",
        "Time": "08:37:49.905",
        "InArea": "True"
    },
    {
        "x": "393",
        "y": "117",
        "Time": "08:37:49.946",
        "InArea": "True"
    },
    {
        "x": "390",
        "y": "115",
        "Time": "08:37:49.993",
        "InArea": "True"
    },
    {
        "x": "389",
        "y": "114",
        "Time": "08:37:50.048",
        "InArea": "True"
    },
    {
        "x": "386",
        "y": "113",
        "Time": "08:37:50.096",
        "InArea": "True"
    },
    {
        "x": "384",
        "y": "112",
        "Time": "08:37:50.142",
        "InArea": "True"
    },
    {
        "x": "382",
        "y": "112",
        "Time": "08:37:50.191",
        "InArea": "True"
    },
    {
        "x": "381",
        "y": "112",
        "Time": "08:37:50.234",
        "InArea": "True"
    },
    {
        "x": "381",
        "y": "112",
        "Time": "08:37:50.278",
        "InArea": "True"
    },
    {
        "x": "380",
        "y": "112",
        "Time": "08:37:50.319",
        "InArea": "True"
    },
    {
        "x": "378",
        "y": "111",
        "Time": "08:37:50.363",
        "InArea": "True"
    },
    {
        "x": "377",
        "y": "111",
        "Time": "08:37:50.409",
        "InArea": "True"
    },
    {
        "x": "376",
        "y": "111",
        "Time": "08:37:50.455",
        "InArea": "True"
    },
    {
        "x": "374",
        "y": "111",
        "Time": "08:37:50.500",
        "InArea": "True"
    },
    {
        "x": "374",
        "y": "109",
        "Time": "08:37:50.554",
        "InArea": "False"
    },
    {
        "x": "374",
        "y": "108",
        "Time": "08:37:50.602",
        "InArea": "False"
    }
]