[
    {
        "x": "398",
        "y": "132",
        "Time": "08:38:23.979",
        "InArea": "True"
    },
    {
        "x": "397",
        "y": "132",
        "Time": "08:38:24.021",
        "InArea": "True"
    },
    {
        "x": "397",
        "y": "132",
        "Time": "08:38:24.067",
        "InArea": "True"
    },
    {
        "x": "396",
        "y": "131",
        "Time": "08:38:24.116",
        "InArea": "True"
    },
    {
        "x": "392",
        "y": "130",
        "Time": "08:38:24.158",
        "InArea": "True"
    },
    {
        "x": "390",
        "y": "130",
        "Time": "08:38:24.198",
        "InArea": "True"
    },
    {
        "x": "389",
        "y": "130",
        "Time": "08:38:24.240",
        "InArea": "True"
    },
    {
        "x": "389",
        "y": "130",
        "Time": "08:38:24.287",
        "InArea": "True"
    },
    {
        "x": "388",
        "y": "129",
        "Time": "08:38:24.332",
        "InArea": "True"
    },
    {
        "x": "386",
        "y": "128",
        "Time": "08:38:24.382",
        "InArea": "True"
    },
    {
        "x": "385",
        "y": "128",
        "Time": "08:38:24.427",
        "InArea": "True"
    },
    {
        "x": "385",
        "y": "128",
        "Time": "08:38:24.470",
        "InArea": "True"
    },
    {
        "x": "383",
        "y": "126",
        "Time": "08:38:24.511",
        "InArea": "True"
    },
    {
        "x": "381",
        "y": "125",
        "Time": "08:38:24.559",
        "InArea": "True"
    },
    {
        "x": "380",
        "y": "124",
        "Time": "08:38:24.602",
        "InArea": "True"
    },
    {
        "x": "379",
        "y": "124",
        "Time": "08:38:24.644",
        "InArea": "True"
    },
    {
        "x": "377",
        "y": "123",
        "Time": "08:38:24.689",
        "InArea": "True"
    },
    {
        "x": "376",
        "y": "123",
        "Time": "08:38:24.732",
        "InArea": "True"
    },
    {
        "x": "376",
        "y": "122",
        "Time": "08:38:24.777",
        "InArea": "True"
    },
    {
        "x": "376",
        "y": "122",
        "Time": "08:38:24.870",
        "InArea": "True"
    },
    {
        "x": "374",
        "y": "120",
        "Time": "08:38:24.916",
        "InArea": "True"
    },
    {
        "x": "373",
        "y": "119",
        "Time": "08:38:24.960",
        "InArea": "True"
    },
    {
        "x": "373",
        "y": "119",
        "Time": "08:38:25.048",
        "InArea": "True"
    },
    {
        "x": "372",
        "y": "118",
        "Time": "08:38:25.106",
        "InArea": "True"
    },
    {
        "x": "372",
        "y": "116",
        "Time": "08:38:25.151",
        "InArea": "True"
    },
    {
        "x": "372",
        "y": "115",
        "Time": "08:38:25.208",
        "InArea": "True"
    },
    {
        "x": "372",
        "y": "115",
        "Time": "08:38:25.261",
        "InArea": "True"
    },
    {
        "x": "369",
        "y": "113",
        "Time": "08:38:25.306",
        "InArea": "True"
    },
    {
        "x": "368",
        "y": "112",
        "Time": "08:38:25.347",
        "InArea": "True"
    },
    {
        "x": "367",
        "y": "111",
        "Time": "08:38:25.394",
        "InArea": "True"
    },
    {
        "x": "366",
        "y": "110",
        "Time": "08:38:25.433",
        "InArea": "True"
    },
    {
        "x": "365",
        "y": "109",
        "Time": "08:38:25.475",
        "InArea": "False"
    }
]