[
    {
        "x": "392",
        "y": "127",
        "Time": "08:55:00.806",
        "InArea": "True"
    },
    {
        "x": "391",
        "y": "126",
        "Time": "08:55:00.851",
        "InArea": "True"
    },
    {
        "x": "391",
        "y": "126",
        "Time": "08:55:00.900",
        "InArea": "True"
    },
    {
        "x": "390",
        "y": "124",
        "Time": "08:55:00.946",
        "InArea": "True"
    },
    {
        "x": "390",
        "y": "123",
        "Time": "08:55:00.992",
        "InArea": "True"
    },
    {
        "x": "390",
        "y": "125",
        "Time": "08:55:01.038",
        "InArea": "True"
    },
    {
        "x": "390",
        "y": "126",
        "Time": "08:55:01.079",
        "InArea": "True"
    },
    {
        "x": "390",
        "y": "126",
        "Time": "08:55:01.217",
        "InArea": "True"
    },
    {
        "x": "387",
        "y": "126",
        "Time": "08:55:01.260",
        "InArea": "True"
    },
    {
        "x": "386",
        "y": "126",
        "Time": "08:55:01.303",
        "InArea": "True"
    },
    {
        "x": "384",
        "y": "123",
        "Time": "08:55:01.345",
        "InArea": "True"
    },
    {
        "x": "383",
        "y": "121",
        "Time": "08:55:01.387",
        "InArea": "True"
    },
    {
        "x": "381",
        "y": "121",
        "Time": "08:55:01.432",
        "InArea": "True"
    },
    {
        "x": "380",
        "y": "121",
        "Time": "08:55:01.478",
        "InArea": "True"
    },
    {
        "x": "380",
        "y": "121",
        "Time": "08:55:01.531",
        "InArea": "True"
    },
    {
        "x": "379",
        "y": "120",
        "Time": "08:55:01.577",
        "InArea": "True"
    },
    {
        "x": "376",
        "y": "119",
        "Time": "08:55:01.629",
        "InArea": "True"
    },
    {
        "x": "375",
        "y": "119",
        "Time": "08:55:01.667",
        "InArea": "True"
    },
    {
        "x": "374",
        "y": "119",
        "Time": "08:55:01.707",
        "InArea": "True"
    },
    {
        "x": "374",
        "y": "118",
        "Time": "08:55:01.755",
        "InArea": "True"
    },
    {
        "x": "374",
        "y": "117",
        "Time": "08:55:01.801",
        "InArea": "True"
    },
    {
        "x": "372",
        "y": "115",
        "Time": "08:55:01.849",
        "InArea": "True"
    },
    {
        "x": "371",
        "y": "114",
        "Time": "08:55:01.896",
        "InArea": "True"
    },
    {
        "x": "371",
        "y": "114",
        "Time": "08:55:01.937",
        "InArea": "True"
    },
    {
        "x": "370",
        "y": "114",
        "Time": "08:55:01.981",
        "InArea": "True"
    },
    {
        "x": "368",
        "y": "113",
        "Time": "08:55:02.031",
        "InArea": "True"
    },
    {
        "x": "367",
        "y": "113",
        "Time": "08:55:02.082",
        "InArea": "True"
    },
    {
        "x": "366",
        "y": "113",
        "Time": "08:55:02.126",
        "InArea": "True"
    },
    {
        "x": "365",
        "y": "112",
        "Time": "08:55:02.171",
        "InArea": "True"
    },
    {
        "x": "364",
        "y": "112",
        "Time": "08:55:02.213",
        "InArea": "True"
    },
    {
        "x": "361",
        "y": "110",
        "Time": "08:55:02.265",
        "InArea": "False"
    },
    {
        "x": "360",
        "y": "109",
        "Time": "08:55:02.329",
        "InArea": "False"
    }
]