[
    {
        "x": "409",
        "y": "131",
        "Time": "09:19:48.791",
        "InArea": "True"
    },
    {
        "x": "409",
        "y": "131",
        "Time": "09:19:48.836",
        "InArea": "True"
    },
    {
        "x": "408",
        "y": "130",
        "Time": "09:19:48.878",
        "InArea": "True"
    },
    {
        "x": "408",
        "y": "130",
        "Time": "09:19:48.978",
        "InArea": "True"
    },
    {
        "x": "406",
        "y": "129",
        "Time": "09:19:49.024",
        "InArea": "True"
    },
    {
        "x": "405",
        "y": "129",
        "Time": "09:19:49.069",
        "InArea": "True"
    },
    {
        "x": "404",
        "y": "128",
        "Time": "09:19:49.130",
        "InArea": "True"
    },
    {
        "x": "404",
        "y": "128",
        "Time": "09:19:49.170",
        "InArea": "True"
    },
    {
        "x": "403",
        "y": "127",
        "Time": "09:19:49.212",
        "InArea": "True"
    },
    {
        "x": "402",
        "y": "127",
        "Time": "09:19:49.257",
        "InArea": "True"
    },
    {
        "x": "402",
        "y": "126",
        "Time": "09:19:49.310",
        "InArea": "True"
    },
    {
        "x": "402",
        "y": "125",
        "Time": "09:19:49.364",
        "InArea": "True"
    },
    {
        "x": "401",
        "y": "124",
        "Time": "09:19:49.416",
        "InArea": "True"
    },
    {
        "x": "400",
        "y": "124",
        "Time": "09:19:49.467",
        "InArea": "True"
    },
    {
        "x": "398",
        "y": "122",
        "Time": "09:19:49.511",
        "InArea": "True"
    },
    {
        "x": "397",
        "y": "121",
        "Time": "09:19:49.554",
        "InArea": "True"
    },
    {
        "x": "397",
        "y": "121",
        "Time": "09:19:49.592",
        "InArea": "True"
    },
    {
        "x": "396",
        "y": "119",
        "Time": "09:19:49.636",
        "InArea": "True"
    },
    {
        "x": "393",
        "y": "118",
        "Time": "09:19:49.680",
        "InArea": "True"
    },
    {
        "x": "392",
        "y": "117",
        "Time": "09:19:49.730",
        "InArea": "True"
    },
    {
        "x": "391",
        "y": "117",
        "Time": "09:19:49.775",
        "InArea": "True"
    },
    {
        "x": "389",
        "y": "117",
        "Time": "09:19:49.814",
        "InArea": "True"
    },
    {
        "x": "388",
        "y": "117",
        "Time": "09:19:49.854",
        "InArea": "True"
    },
    {
        "x": "385",
        "y": "115",
        "Time": "09:19:49.899",
        "InArea": "True"
    },
    {
        "x": "384",
        "y": "114",
        "Time": "09:19:49.939",
        "InArea": "True"
    },
    {
        "x": "383",
        "y": "114",
        "Time": "09:19:49.979",
        "InArea": "True"
    },
    {
        "x": "380",
        "y": "114",
        "Time": "09:19:50.029",
        "InArea": "True"
    },
    {
        "x": "378",
        "y": "112",
        "Time": "09:19:50.083",
        "InArea": "True"
    },
    {
        "x": "377",
        "y": "111",
        "Time": "09:19:50.126",
        "InArea": "True"
    },
    {
        "x": "376",
        "y": "111",
        "Time": "09:19:50.178",
        "InArea": "True"
    },
    {
        "x": "374",
        "y": "110",
        "Time": "09:19:50.227",
        "InArea": "False"
    },
    {
        "x": "373",
        "y": "109",
        "Time": "09:19:50.271",
        "InArea": "False"
    }
]