[
    {
        "x": "397",
        "y": "133",
        "Time": "07:18:10.824",
        "InArea": "True"
    },
    {
        "x": "397",
        "y": "133",
        "Time": "07:18:10.865",
        "InArea": "True"
    },
    {
        "x": "396",
        "y": "133",
        "Time": "07:18:10.911",
        "InArea": "True"
    },
    {
        "x": "396",
        "y": "133",
        "Time": "07:18:10.956",
        "InArea": "True"
    },
    {
        "x": "393",
        "y": "132",
        "Time": "07:18:11.007",
        "InArea": "True"
    },
    {
        "x": "392",
        "y": "131",
        "Time": "07:18:11.053",
        "InArea": "True"
    },
    {
        "x": "390",
        "y": "131",
        "Time": "07:18:11.101",
        "InArea": "True"
    },
    {
        "x": "389",
        "y": "131",
        "Time": "07:18:11.143",
        "InArea": "True"
    },
    {
        "x": "388",
        "y": "129",
        "Time": "07:18:11.199",
        "InArea": "True"
    },
    {
        "x": "388",
        "y": "128",
        "Time": "07:18:11.252",
        "InArea": "True"
    },
    {
        "x": "387",
        "y": "128",
        "Time": "07:18:11.305",
        "InArea": "True"
    },
    {
        "x": "387",
        "y": "128",
        "Time": "07:18:11.350",
        "InArea": "True"
    },
    {
        "x": "385",
        "y": "126",
        "Time": "07:18:11.409",
        "InArea": "True"
    },
    {
        "x": "384",
        "y": "125",
        "Time": "07:18:11.452",
        "InArea": "True"
    },
    {
        "x": "384",
        "y": "124",
        "Time": "07:18:11.501",
        "InArea": "True"
    },
    {
        "x": "384",
        "y": "124",
        "Time": "07:18:11.545",
        "InArea": "True"
    },
    {
        "x": "383",
        "y": "123",
        "Time": "07:18:11.589",
        "InArea": "True"
    },
    {
        "x": "383",
        "y": "122",
        "Time": "07:18:11.634",
        "InArea": "True"
    },
    {
        "x": "381",
        "y": "121",
        "Time": "07:18:11.679",
        "InArea": "True"
    },
    {
        "x": "380",
        "y": "121",
        "Time": "07:18:11.729",
        "InArea": "True"
    },
    {
        "x": "379",
        "y": "121",
        "Time": "07:18:11.777",
        "InArea": "True"
    },
    {
        "x": "377",
        "y": "120",
        "Time": "07:18:11.819",
        "InArea": "True"
    },
    {
        "x": "376",
        "y": "119",
        "Time": "07:18:11.870",
        "InArea": "True"
    },
    {
        "x": "375",
        "y": "118",
        "Time": "07:18:11.920",
        "InArea": "True"
    },
    {
        "x": "375",
        "y": "117",
        "Time": "07:18:11.971",
        "InArea": "True"
    },
    {
        "x": "374",
        "y": "116",
        "Time": "07:18:12.023",
        "InArea": "True"
    },
    {
        "x": "373",
        "y": "114",
        "Time": "07:18:12.069",
        "InArea": "True"
    },
    {
        "x": "372",
        "y": "113",
        "Time": "07:18:12.122",
        "InArea": "True"
    },
    {
        "x": "372",
        "y": "113",
        "Time": "07:18:12.246",
        "InArea": "True"
    },
    {
        "x": "369",
        "y": "111",
        "Time": "07:18:12.290",
        "InArea": "False"
    },
    {
        "x": "368",
        "y": "110",
        "Time": "07:18:12.331",
        "InArea": "False"
    },
    {
        "x": "367",
        "y": "109",
        "Time": "07:18:12.377",
        "InArea": "False"
    }
]