[
    {
        "x": "406",
        "y": "129",
        "Time": "08:24:24.720",
        "InArea": "True"
    },
    {
        "x": "406",
        "y": "129",
        "Time": "08:24:24.764",
        "InArea": "True"
    },
    {
        "x": "405",
        "y": "129",
        "Time": "08:24:24.807",
        "InArea": "True"
    },
    {
        "x": "405",
        "y": "129",
        "Time": "08:24:24.845",
        "InArea": "True"
    },
    {
        "x": "404",
        "y": "129",
        "Time": "08:24:24.902",
        "InArea": "True"
    },
    {
        "x": "404",
        "y": "129",
        "Time": "08:24:24.955",
        "InArea": "True"
    },
    {
        "x": "404",
        "y": "129",
        "Time": "08:24:24.998",
        "InArea": "True"
    },
    {
        "x": "403",
        "y": "129",
        "Time": "08:24:25.041",
        "InArea": "True"
    },
    {
        "x": "401",
        "y": "128",
        "Time": "08:24:25.085",
        "InArea": "True"
    },
    {
        "x": "400",
        "y": "127",
        "Time": "08:24:25.127",
        "InArea": "True"
    },
    {
        "x": "400",
        "y": "127",
        "Time": "08:24:25.173",
        "InArea": "True"
    },
    {
        "x": "400",
        "y": "126",
        "Time": "08:24:25.220",
        "InArea": "True"
    },
    {
        "x": "400",
        "y": "125",
        "Time": "08:24:25.259",
        "InArea": "True"
    },
    {
        "x": "399",
        "y": "125",
        "Time": "08:24:25.302",
        "InArea": "True"
    },
    {
        "x": "399",
        "y": "125",
        "Time": "08:24:25.354",
        "InArea": "True"
    },
    {
        "x": "397",
        "y": "124",
        "Time": "08:24:25.400",
        "InArea": "True"
    },
    {
        "x": "396",
        "y": "123",
        "Time": "08:24:25.443",
        "InArea": "True"
    },
    {
        "x": "394",
        "y": "123",
        "Time": "08:24:25.484",
        "InArea": "True"
    },
    {
        "x": "393",
        "y": "123",
        "Time": "08:24:25.527",
        "InArea": "True"
    },
    {
        "x": "392",
        "y": "123",
        "Time": "08:24:25.576",
        "InArea": "True"
    },
    {
        "x": "391",
        "y": "122",
        "Time": "08:24:25.619",
        "InArea": "True"
    },
    {
        "x": "391",
        "y": "121",
        "Time": "08:24:25.661",
        "InArea": "True"
    },
    {
        "x": "390",
        "y": "119",
        "Time": "08:24:25.706",
        "InArea": "True"
    },
    {
        "x": "389",
        "y": "118",
        "Time": "08:24:25.751",
        "InArea": "True"
    },
    {
        "x": "385",
        "y": "118",
        "Time": "08:24:25.806",
        "InArea": "True"
    },
    {
        "x": "383",
        "y": "118",
        "Time": "08:24:25.858",
        "InArea": "True"
    },
    {
        "x": "381",
        "y": "115",
        "Time": "08:24:25.911",
        "InArea": "True"
    },
    {
        "x": "380",
        "y": "114",
        "Time": "08:24:25.962",
        "InArea": "True"
    },
    {
        "x": "380",
        "y": "113",
        "Time": "08:24:26.006",
        "InArea": "True"
    },
    {
        "x": "380",
        "y": "111",
        "Time": "08:24:26.051",
        "InArea": "True"
    },
    {
        "x": "379",
        "y": "110",
        "Time": "08:24:26.093",
        "InArea": "False"
    },
    {
        "x": "379",
        "y": "109",
        "Time": "08:24:26.137",
        "InArea": "False"
    }
]