[
    {
        "x": "403",
        "y": "133",
        "Time": "07:34:04.728",
        "InArea": "True"
    },
    {
        "x": "402",
        "y": "132",
        "Time": "07:34:04.771",
        "InArea": "True"
    },
    {
        "x": "402",
        "y": "132",
        "Time": "07:34:04.821",
        "InArea": "True"
    },
    {
        "x": "401",
        "y": "132",
        "Time": "07:34:04.868",
        "InArea": "True"
    },
    {
        "x": "400",
        "y": "132",
        "Time": "07:34:04.918",
        "InArea": "True"
    },
    {
        "x": "397",
        "y": "131",
        "Time": "07:34:04.963",
        "InArea": "True"
    },
    {
        "x": "396",
        "y": "131",
        "Time": "07:34:05.007",
        "InArea": "True"
    },
    {
        "x": "395",
        "y": "131",
        "Time": "07:34:05.050",
        "InArea": "True"
    },
    {
        "x": "393",
        "y": "129",
        "Time": "07:34:05.099",
        "InArea": "True"
    },
    {
        "x": "390",
        "y": "127",
        "Time": "07:34:05.146",
        "InArea": "True"
    },
    {
        "x": "388",
        "y": "126",
        "Time": "07:34:05.193",
        "InArea": "True"
    },
    {
        "x": "387",
        "y": "126",
        "Time": "07:34:05.243",
        "InArea": "True"
    },
    {
        "x": "385",
        "y": "124",
        "Time": "07:34:05.293",
        "InArea": "True"
    },
    {
        "x": "384",
        "y": "123",
        "Time": "07:34:05.335",
        "InArea": "True"
    },
    {
        "x": "383",
        "y": "123",
        "Time": "07:34:05.381",
        "InArea": "True"
    },
    {
        "x": "382",
        "y": "123",
        "Time": "07:34:05.422",
        "InArea": "True"
    },
    {
        "x": "382",
        "y": "123",
        "Time": "07:34:05.459",
        "InArea": "True"
    },
    {
        "x": "380",
        "y": "121",
        "Time": "07:34:05.507",
        "InArea": "True"
    },
    {
        "x": "379",
        "y": "119",
        "Time": "07:34:05.552",
        "InArea": "True"
    },
    {
        "x": "378",
        "y": "118",
        "Time": "07:34:05.595",
        "InArea": "True"
    },
    {
        "x": "378",
        "y": "118",
        "Time": "07:34:05.634",
        "InArea": "True"
    },
    {
        "x": "376",
        "y": "117",
        "Time": "07:34:05.680",
        "InArea": "True"
    },
    {
        "x": "375",
        "y": "117",
        "Time": "07:34:05.719",
        "InArea": "True"
    },
    {
        "x": "374",
        "y": "116",
        "Time": "07:34:05.769",
        "InArea": "True"
    },
    {
        "x": "373",
        "y": "115",
        "Time": "07:34:05.813",
        "InArea": "True"
    },
    {
        "x": "373",
        "y": "115",
        "Time": "07:34:05.857",
        "InArea": "True"
    },
    {
        "x": "372",
        "y": "113",
        "Time": "07:34:05.906",
        "InArea": "True"
    },
    {
        "x": "372",
        "y": "112",
        "Time": "07:34:05.948",
        "InArea": "True"
    },
    {
        "x": "371",
        "y": "111",
        "Time": "07:34:05.994",
        "InArea": "True"
    },
    {
        "x": "370",
        "y": "111",
        "Time": "07:34:06.040",
        "InArea": "True"
    },
    {
        "x": "369",
        "y": "110",
        "Time": "07:34:06.084",
        "InArea": "False"
    },
    {
        "x": "369",
        "y": "109",
        "Time": "07:34:06.129",
        "InArea": "False"
    }
]