[
    {
        "x": "395",
        "y": "133",
        "Time": "09:10:23.713",
        "InArea": "True"
    },
    {
        "x": "394",
        "y": "133",
        "Time": "09:10:23.752",
        "InArea": "True"
    },
    {
        "x": "393",
        "y": "133",
        "Time": "09:10:23.797",
        "InArea": "True"
    },
    {
        "x": "392",
        "y": "132",
        "Time": "09:10:23.840",
        "InArea": "True"
    },
    {
        "x": "391",
        "y": "131",
        "Time": "09:10:23.879",
        "InArea": "True"
    },
    {
        "x": "389",
        "y": "130",
        "Time": "09:10:23.929",
        "InArea": "True"
    },
    {
        "x": "388",
        "y": "129",
        "Time": "09:10:23.983",
        "InArea": "True"
    },
    {
        "x": "384",
        "y": "128",
        "Time": "09:10:24.038",
        "InArea": "True"
    },
    {
        "x": "382",
        "y": "127",
        "Time": "09:10:24.087",
        "InArea": "True"
    },
    {
        "x": "381",
        "y": "125",
        "Time": "09:10:24.134",
        "InArea": "True"
    },
    {
        "x": "381",
        "y": "124",
        "Time": "09:10:24.181",
        "InArea": "True"
    },
    {
        "x": "379",
        "y": "123",
        "Time": "09:10:24.232",
        "InArea": "True"
    },
    {
        "x": "378",
        "y": "123",
        "Time": "09:10:24.281",
        "InArea": "True"
    },
    {
        "x": "377",
        "y": "121",
        "Time": "09:10:24.321",
        "InArea": "True"
    },
    {
        "x": "377",
        "y": "120",
        "Time": "09:10:24.362",
        "InArea": "True"
    },
    {
        "x": "377",
        "y": "120",
        "Time": "09:10:24.407",
        "InArea": "True"
    },
    {
        "x": "376",
        "y": "120",
        "Time": "09:10:24.459",
        "InArea": "True"
    },
    {
        "x": "374",
        "y": "119",
        "Time": "09:10:24.512",
        "InArea": "True"
    },
    {
        "x": "373",
        "y": "118",
        "Time": "09:10:24.564",
        "InArea": "True"
    },
    {
        "x": "373",
        "y": "118",
        "Time": "09:10:24.615",
        "InArea": "True"
    },
    {
        "x": "372",
        "y": "119",
        "Time": "09:10:24.667",
        "InArea": "True"
    },
    {
        "x": "370",
        "y": "119",
        "Time": "09:10:24.717",
        "InArea": "True"
    },
    {
        "x": "369",
        "y": "119",
        "Time": "09:10:24.758",
        "InArea": "True"
    },
    {
        "x": "368",
        "y": "119",
        "Time": "09:10:24.808",
        "InArea": "True"
    },
    {
        "x": "367",
        "y": "117",
        "Time": "09:10:24.854",
        "InArea": "True"
    },
    {
        "x": "366",
        "y": "116",
        "Time": "09:10:24.893",
        "InArea": "True"
    },
    {
        "x": "366",
        "y": "115",
        "Time": "09:10:24.936",
        "InArea": "True"
    },
    {
        "x": "366",
        "y": "114",
        "Time": "09:10:24.983",
        "InArea": "True"
    },
    {
        "x": "366",
        "y": "114",
        "Time": "09:10:25.028",
        "InArea": "True"
    },
    {
        "x": "365",
        "y": "113",
        "Time": "09:10:25.076",
        "InArea": "True"
    },
    {
        "x": "363",
        "y": "110",
        "Time": "09:10:25.123",
        "InArea": "False"
    },
    {
        "x": "362",
        "y": "109",
        "Time": "09:10:25.167",
        "InArea": "False"
    }
]