[
    {
        "x": "395",
        "y": "132",
        "Time": "08:46:43.384",
        "InArea": "True"
    },
    {
        "x": "394",
        "y": "131",
        "Time": "08:46:43.435",
        "InArea": "True"
    },
    {
        "x": "393",
        "y": "130",
        "Time": "08:46:43.486",
        "InArea": "True"
    },
    {
        "x": "391",
        "y": "129",
        "Time": "08:46:43.537",
        "InArea": "True"
    },
    {
        "x": "390",
        "y": "128",
        "Time": "08:46:43.578",
        "InArea": "True"
    },
    {
        "x": "389",
        "y": "128",
        "Time": "08:46:43.625",
        "InArea": "True"
    },
    {
        "x": "387",
        "y": "127",
        "Time": "08:46:43.668",
        "InArea": "True"
    },
    {
        "x": "386",
        "y": "127",
        "Time": "08:46:43.714",
        "InArea": "True"
    },
    {
        "x": "385",
        "y": "126",
        "Time": "08:46:43.759",
        "InArea": "True"
    },
    {
        "x": "384",
        "y": "125",
        "Time": "08:46:43.800",
        "InArea": "True"
    },
    {
        "x": "384",
        "y": "125",
        "Time": "08:46:43.840",
        "InArea": "True"
    },
    {
        "x": "383",
        "y": "124",
        "Time": "08:46:43.897",
        "InArea": "True"
    },
    {
        "x": "380",
        "y": "123",
        "Time": "08:46:43.953",
        "InArea": "True"
    },
    {
        "x": "379",
        "y": "123",
        "Time": "08:46:44.008",
        "InArea": "True"
    },
    {
        "x": "378",
        "y": "122",
        "Time": "08:46:44.063",
        "InArea": "True"
    },
    {
        "x": "377",
        "y": "122",
        "Time": "08:46:44.109",
        "InArea": "True"
    },
    {
        "x": "376",
        "y": "120",
        "Time": "08:46:44.147",
        "InArea": "True"
    },
    {
        "x": "375",
        "y": "119",
        "Time": "08:46:44.194",
        "InArea": "True"
    },
    {
        "x": "375",
        "y": "119",
        "Time": "08:46:44.239",
        "InArea": "True"
    },
    {
        "x": "374",
        "y": "118",
        "Time": "08:46:44.285",
        "InArea": "True"
    },
    {
        "x": "373",
        "y": "117",
        "Time": "08:46:44.324",
        "InArea": "True"
    },
    {
        "x": "372",
        "y": "117",
        "Time": "08:46:44.367",
        "InArea": "True"
    },
    {
        "x": "372",
        "y": "117",
        "Time": "08:46:44.408",
        "InArea": "True"
    },
    {
        "x": "369",
        "y": "117",
        "Time": "08:46:44.451",
        "InArea": "True"
    },
    {
        "x": "367",
        "y": "117",
        "Time": "08:46:44.493",
        "InArea": "True"
    },
    {
        "x": "366",
        "y": "116",
        "Time": "08:46:44.537",
        "InArea": "True"
    },
    {
        "x": "365",
        "y": "116",
        "Time": "08:46:44.584",
        "InArea": "True"
    },
    {
        "x": "364",
        "y": "115",
        "Time": "08:46:44.632",
        "InArea": "True"
    },
    {
        "x": "364",
        "y": "114",
        "Time": "08:46:44.694",
        "InArea": "True"
    },
    {
        "x": "363",
        "y": "111",
        "Time": "08:46:44.743",
        "InArea": "False"
    },
    {
        "x": "362",
        "y": "110",
        "Time": "08:46:44.789",
        "InArea": "False"
    },
    {
        "x": "362",
        "y": "109",
        "Time": "08:46:44.836",
        "InArea": "False"
    }
]