[
    {
        "x": "407",
        "y": "131",
        "Time": "08:52:33.697",
        "InArea": "True"
    },
    {
        "x": "406",
        "y": "131",
        "Time": "08:52:33.745",
        "InArea": "True"
    },
    {
        "x": "405",
        "y": "131",
        "Time": "08:52:33.785",
        "InArea": "True"
    },
    {
        "x": "403",
        "y": "131",
        "Time": "08:52:33.833",
        "InArea": "True"
    },
    {
        "x": "402",
        "y": "131",
        "Time": "08:52:33.877",
        "InArea": "True"
    },
    {
        "x": "401",
        "y": "131",
        "Time": "08:52:33.925",
        "InArea": "True"
    },
    {
        "x": "402",
        "y": "130",
        "Time": "08:52:33.979",
        "InArea": "True"
    },
    {
        "x": "402",
        "y": "128",
        "Time": "08:52:34.024",
        "InArea": "True"
    },
    {
        "x": "402",
        "y": "127",
        "Time": "08:52:34.068",
        "InArea": "True"
    },
    {
        "x": "402",
        "y": "127",
        "Time": "08:52:34.116",
        "InArea": "True"
    },
    {
        "x": "401",
        "y": "127",
        "Time": "08:52:34.164",
        "InArea": "True"
    },
    {
        "x": "400",
        "y": "127",
        "Time": "08:52:34.206",
        "InArea": "True"
    },
    {
        "x": "398",
        "y": "126",
        "Time": "08:52:34.249",
        "InArea": "True"
    },
    {
        "x": "397",
        "y": "125",
        "Time": "08:52:34.292",
        "InArea": "True"
    },
    {
        "x": "396",
        "y": "125",
        "Time": "08:52:34.338",
        "InArea": "True"
    },
    {
        "x": "394",
        "y": "123",
        "Time": "08:52:34.389",
        "InArea": "True"
    },
    {
        "x": "392",
        "y": "122",
        "Time": "08:52:34.441",
        "InArea": "True"
    },
    {
        "x": "391",
        "y": "121",
        "Time": "08:52:34.491",
        "InArea": "True"
    },
    {
        "x": "390",
        "y": "121",
        "Time": "08:52:34.529",
        "InArea": "True"
    },
    {
        "x": "387",
        "y": "120",
        "Time": "08:52:34.573",
        "InArea": "True"
    },
    {
        "x": "385",
        "y": "119",
        "Time": "08:52:34.616",
        "InArea": "True"
    },
    {
        "x": "381",
        "y": "119",
        "Time": "08:52:34.671",
        "InArea": "True"
    },
    {
        "x": "379",
        "y": "119",
        "Time": "08:52:34.721",
        "InArea": "True"
    },
    {
        "x": "376",
        "y": "119",
        "Time": "08:52:34.770",
        "InArea": "True"
    },
    {
        "x": "374",
        "y": "119",
        "Time": "08:52:34.818",
        "InArea": "True"
    },
    {
        "x": "372",
        "y": "118",
        "Time": "08:52:34.867",
        "InArea": "True"
    },
    {
        "x": "371",
        "y": "118",
        "Time": "08:52:34.917",
        "InArea": "True"
    },
    {
        "x": "371",
        "y": "115",
        "Time": "08:52:34.971",
        "InArea": "True"
    },
    {
        "x": "371",
        "y": "114",
        "Time": "08:52:35.022",
        "InArea": "True"
    },
    {
        "x": "371",
        "y": "111",
        "Time": "08:52:35.077",
        "InArea": "False"
    },
    {
        "x": "371",
        "y": "110",
        "Time": "08:52:35.125",
        "InArea": "False"
    },
    {
        "x": "369",
        "y": "108",
        "Time": "08:52:35.174",
        "InArea": "False"
    }
]