[
    {
        "x": "401",
        "y": "134",
        "Time": "08:14:47.055",
        "InArea": "True"
    },
    {
        "x": "401",
        "y": "133",
        "Time": "08:14:47.104",
        "InArea": "True"
    },
    {
        "x": "401",
        "y": "133",
        "Time": "08:14:47.151",
        "InArea": "True"
    },
    {
        "x": "399",
        "y": "132",
        "Time": "08:14:47.196",
        "InArea": "True"
    },
    {
        "x": "398",
        "y": "132",
        "Time": "08:14:47.242",
        "InArea": "True"
    },
    {
        "x": "398",
        "y": "132",
        "Time": "08:14:47.284",
        "InArea": "True"
    },
    {
        "x": "397",
        "y": "132",
        "Time": "08:14:47.327",
        "InArea": "True"
    },
    {
        "x": "397",
        "y": "132",
        "Time": "08:14:47.373",
        "InArea": "True"
    },
    {
        "x": "395",
        "y": "131",
        "Time": "08:14:47.419",
        "InArea": "True"
    },
    {
        "x": "394",
        "y": "130",
        "Time": "08:14:47.462",
        "InArea": "True"
    },
    {
        "x": "391",
        "y": "128",
        "Time": "08:14:47.503",
        "InArea": "True"
    },
    {
        "x": "389",
        "y": "127",
        "Time": "08:14:47.546",
        "InArea": "True"
    },
    {
        "x": "388",
        "y": "127",
        "Time": "08:14:47.584",
        "InArea": "True"
    },
    {
        "x": "387",
        "y": "125",
        "Time": "08:14:47.633",
        "InArea": "True"
    },
    {
        "x": "386",
        "y": "124",
        "Time": "08:14:47.680",
        "InArea": "True"
    },
    {
        "x": "384",
        "y": "124",
        "Time": "08:14:47.732",
        "InArea": "True"
    },
    {
        "x": "383",
        "y": "124",
        "Time": "08:14:47.777",
        "InArea": "True"
    },
    {
        "x": "380",
        "y": "123",
        "Time": "08:14:47.826",
        "InArea": "True"
    },
    {
        "x": "379",
        "y": "122",
        "Time": "08:14:47.869",
        "InArea": "True"
    },
    {
        "x": "378",
        "y": "121",
        "Time": "08:14:47.918",
        "InArea": "True"
    },
    {
        "x": "377",
        "y": "120",
        "Time": "08:14:47.960",
        "InArea": "True"
    },
    {
        "x": "375",
        "y": "119",
        "Time": "08:14:48.008",
        "InArea": "True"
    },
    {
        "x": "374",
        "y": "119",
        "Time": "08:14:48.046",
        "InArea": "True"
    },
    {
        "x": "373",
        "y": "119",
        "Time": "08:14:48.089",
        "InArea": "True"
    },
    {
        "x": "373",
        "y": "117",
        "Time": "08:14:48.136",
        "InArea": "True"
    },
    {
        "x": "373",
        "y": "116",
        "Time": "08:14:48.178",
        "InArea": "True"
    },
    {
        "x": "372",
        "y": "115",
        "Time": "08:14:48.223",
        "InArea": "True"
    },
    {
        "x": "372",
        "y": "114",
        "Time": "08:14:48.268",
        "InArea": "True"
    },
    {
        "x": "371",
        "y": "113",
        "Time": "08:14:48.316",
        "InArea": "True"
    },
    {
        "x": "371",
        "y": "113",
        "Time": "08:14:48.363",
        "InArea": "True"
    },
    {
        "x": "370",
        "y": "110",
        "Time": "08:14:48.403",
        "InArea": "False"
    },
    {
        "x": "370",
        "y": "109",
        "Time": "08:14:48.451",
        "InArea": "False"
    }
]