[
    {
        "x": "387",
        "y": "126",
        "Time": "07:37:06.160",
        "InArea": "True"
    },
    {
        "x": "386",
        "y": "125",
        "Time": "07:37:06.202",
        "InArea": "True"
    },
    {
        "x": "385",
        "y": "125",
        "Time": "07:37:06.243",
        "InArea": "True"
    },
    {
        "x": "383",
        "y": "125",
        "Time": "07:37:06.289",
        "InArea": "True"
    },
    {
        "x": "382",
        "y": "125",
        "Time": "07:37:06.328",
        "InArea": "True"
    },
    {
        "x": "381",
        "y": "124",
        "Time": "07:37:06.375",
        "InArea": "True"
    },
    {
        "x": "381",
        "y": "124",
        "Time": "07:37:06.417",
        "InArea": "True"
    },
    {
        "x": "380",
        "y": "123",
        "Time": "07:37:06.464",
        "InArea": "True"
    },
    {
        "x": "379",
        "y": "122",
        "Time": "07:37:06.503",
        "InArea": "True"
    },
    {
        "x": "379",
        "y": "122",
        "Time": "07:37:06.542",
        "InArea": "True"
    },
    {
        "x": "378",
        "y": "121",
        "Time": "07:37:06.591",
        "InArea": "True"
    },
    {
        "x": "377",
        "y": "121",
        "Time": "07:37:06.633",
        "InArea": "True"
    },
    {
        "x": "375",
        "y": "120",
        "Time": "07:37:06.689",
        "InArea": "True"
    },
    {
        "x": "374",
        "y": "120",
        "Time": "07:37:06.739",
        "InArea": "True"
    },
    {
        "x": "373",
        "y": "119",
        "Time": "07:37:06.782",
        "InArea": "True"
    },
    {
        "x": "373",
        "y": "118",
        "Time": "07:37:06.829",
        "InArea": "True"
    },
    {
        "x": "373",
        "y": "118",
        "Time": "07:37:06.878",
        "InArea": "True"
    },
    {
        "x": "373",
        "y": "118",
        "Time": "07:37:06.926",
        "InArea": "True"
    },
    {
        "x": "373",
        "y": "117",
        "Time": "07:37:06.970",
        "InArea": "True"
    },
    {
        "x": "373",
        "y": "117",
        "Time": "07:37:07.012",
        "InArea": "True"
    },
    {
        "x": "372",
        "y": "116",
        "Time": "07:37:07.067",
        "InArea": "True"
    },
    {
        "x": "371",
        "y": "115",
        "Time": "07:37:07.108",
        "InArea": "True"
    },
    {
        "x": "371",
        "y": "114",
        "Time": "07:37:07.153",
        "InArea": "True"
    },
    {
        "x": "371",
        "y": "114",
        "Time": "07:37:07.196",
        "InArea": "True"
    },
    {
        "x": "371",
        "y": "114",
        "Time": "07:37:07.241",
        "InArea": "True"
    },
    {
        "x": "369",
        "y": "113",
        "Time": "07:37:07.290",
        "InArea": "True"
    },
    {
        "x": "368",
        "y": "112",
        "Time": "07:37:07.328",
        "InArea": "True"
    },
    {
        "x": "367",
        "y": "112",
        "Time": "07:37:07.376",
        "InArea": "True"
    },
    {
        "x": "367",
        "y": "112",
        "Time": "07:37:07.465",
        "InArea": "True"
    },
    {
        "x": "367",
        "y": "111",
        "Time": "07:37:07.507",
        "InArea": "True"
    },
    {
        "x": "367",
        "y": "110",
        "Time": "07:37:07.547",
        "InArea": "False"
    },
    {
        "x": "367",
        "y": "109",
        "Time": "07:37:07.594",
        "InArea": "False"
    }
]