[
    {
        "x": "402",
        "y": "129",
        "Time": "08:39:14.246",
        "InArea": "True"
    },
    {
        "x": "401",
        "y": "129",
        "Time": "08:39:14.296",
        "InArea": "True"
    },
    {
        "x": "400",
        "y": "129",
        "Time": "08:39:14.346",
        "InArea": "True"
    },
    {
        "x": "399",
        "y": "128",
        "Time": "08:39:14.397",
        "InArea": "True"
    },
    {
        "x": "399",
        "y": "127",
        "Time": "08:39:14.443",
        "InArea": "True"
    },
    {
        "x": "399",
        "y": "126",
        "Time": "08:39:14.483",
        "InArea": "True"
    },
    {
        "x": "399",
        "y": "125",
        "Time": "08:39:14.530",
        "InArea": "True"
    },
    {
        "x": "398",
        "y": "124",
        "Time": "08:39:14.573",
        "InArea": "True"
    },
    {
        "x": "397",
        "y": "124",
        "Time": "08:39:14.624",
        "InArea": "True"
    },
    {
        "x": "397",
        "y": "124",
        "Time": "08:39:14.666",
        "InArea": "True"
    },
    {
        "x": "397",
        "y": "124",
        "Time": "08:39:14.710",
        "InArea": "True"
    },
    {
        "x": "397",
        "y": "122",
        "Time": "08:39:14.761",
        "InArea": "True"
    },
    {
        "x": "397",
        "y": "121",
        "Time": "08:39:14.810",
        "InArea": "True"
    },
    {
        "x": "397",
        "y": "121",
        "Time": "08:39:14.864",
        "InArea": "True"
    },
    {
        "x": "393",
        "y": "121",
        "Time": "08:39:14.913",
        "InArea": "True"
    },
    {
        "x": "389",
        "y": "120",
        "Time": "08:39:14.958",
        "InArea": "True"
    },
    {
        "x": "387",
        "y": "120",
        "Time": "08:39:15.001",
        "InArea": "True"
    },
    {
        "x": "386",
        "y": "120",
        "Time": "08:39:15.048",
        "InArea": "True"
    },
    {
        "x": "382",
        "y": "119",
        "Time": "08:39:15.094",
        "InArea": "True"
    },
    {
        "x": "380",
        "y": "119",
        "Time": "08:39:15.135",
        "InArea": "True"
    },
    {
        "x": "378",
        "y": "118",
        "Time": "08:39:15.187",
        "InArea": "True"
    },
    {
        "x": "377",
        "y": "117",
        "Time": "08:39:15.232",
        "InArea": "True"
    },
    {
        "x": "376",
        "y": "117",
        "Time": "08:39:15.285",
        "InArea": "True"
    },
    {
        "x": "375",
        "y": "117",
        "Time": "08:39:15.328",
        "InArea": "True"
    },
    {
        "x": "375",
        "y": "117",
        "Time": "08:39:15.466",
        "InArea": "True"
    },
    {
        "x": "374",
        "y": "116",
        "Time": "08:39:15.509",
        "InArea": "True"
    },
    {
        "x": "372",
        "y": "115",
        "Time": "08:39:15.561",
        "InArea": "True"
    },
    {
        "x": "371",
        "y": "115",
        "Time": "08:39:15.604",
        "InArea": "True"
    },
    {
        "x": "371",
        "y": "115",
        "Time": "08:39:15.647",
        "InArea": "True"
    },
    {
        "x": "369",
        "y": "113",
        "Time": "08:39:15.703",
        "InArea": "True"
    },
    {
        "x": "367",
        "y": "109",
        "Time": "08:39:15.754",
        "InArea": "False"
    },
    {
        "x": "366",
        "y": "107",
        "Time": "08:39:15.799",
        "InArea": "False"
    }
]