[
    {
        "x": "383",
        "y": "125",
        "Time": "09:34:28.262",
        "InArea": "True"
    },
    {
        "x": "382",
        "y": "125",
        "Time": "09:34:28.308",
        "InArea": "True"
    },
    {
        "x": "382",
        "y": "124",
        "Time": "09:34:28.351",
        "InArea": "True"
    },
    {
        "x": "382",
        "y": "124",
        "Time": "09:34:28.401",
        "InArea": "True"
    },
    {
        "x": "382",
        "y": "124",
        "Time": "09:34:28.451",
        "InArea": "True"
    },
    {
        "x": "382",
        "y": "124",
        "Time": "09:34:28.538",
        "InArea": "True"
    },
    {
        "x": "381",
        "y": "123",
        "Time": "09:34:28.580",
        "InArea": "True"
    },
    {
        "x": "381",
        "y": "122",
        "Time": "09:34:28.629",
        "InArea": "True"
    },
    {
        "x": "381",
        "y": "122",
        "Time": "09:34:28.675",
        "InArea": "True"
    },
    {
        "x": "380",
        "y": "121",
        "Time": "09:34:28.718",
        "InArea": "True"
    },
    {
        "x": "378",
        "y": "120",
        "Time": "09:34:28.767",
        "InArea": "True"
    },
    {
        "x": "377",
        "y": "120",
        "Time": "09:34:28.807",
        "InArea": "True"
    },
    {
        "x": "376",
        "y": "120",
        "Time": "09:34:28.854",
        "InArea": "True"
    },
    {
        "x": "376",
        "y": "119",
        "Time": "09:34:28.894",
        "InArea": "True"
    },
    {
        "x": "375",
        "y": "118",
        "Time": "09:34:28.958",
        "InArea": "True"
    },
    {
        "x": "375",
        "y": "117",
        "Time": "09:34:29.002",
        "InArea": "True"
    },
    {
        "x": "375",
        "y": "117",
        "Time": "09:34:29.051",
        "InArea": "True"
    },
    {
        "x": "374",
        "y": "117",
        "Time": "09:34:29.096",
        "InArea": "True"
    },
    {
        "x": "374",
        "y": "117",
        "Time": "09:34:29.142",
        "InArea": "True"
    },
    {
        "x": "373",
        "y": "116",
        "Time": "09:34:29.191",
        "InArea": "True"
    },
    {
        "x": "372",
        "y": "116",
        "Time": "09:34:29.241",
        "InArea": "True"
    },
    {
        "x": "370",
        "y": "116",
        "Time": "09:34:29.301",
        "InArea": "True"
    },
    {
        "x": "369",
        "y": "116",
        "Time": "09:34:29.356",
        "InArea": "True"
    },
    {
        "x": "368",
        "y": "116",
        "Time": "09:34:29.403",
        "InArea": "True"
    },
    {
        "x": "368",
        "y": "116",
        "Time": "09:34:29.459",
        "InArea": "True"
    },
    {
        "x": "367",
        "y": "114",
        "Time": "09:34:29.507",
        "InArea": "True"
    },
    {
        "x": "367",
        "y": "113",
        "Time": "09:34:29.553",
        "InArea": "True"
    },
    {
        "x": "365",
        "y": "111",
        "Time": "09:34:29.606",
        "InArea": "False"
    },
    {
        "x": "364",
        "y": "110",
        "Time": "09:34:29.651",
        "InArea": "False"
    },
    {
        "x": "362",
        "y": "110",
        "Time": "09:34:29.697",
        "InArea": "True"
    },
    {
        "x": "361",
        "y": "110",
        "Time": "09:34:29.743",
        "InArea": "True"
    },
    {
        "x": "361",
        "y": "108",
        "Time": "09:34:29.786",
        "InArea": "False"
    }
]