[
    {
        "x": "402",
        "y": "132",
        "Time": "08:09:41.017",
        "InArea": "True"
    },
    {
        "x": "402",
        "y": "131",
        "Time": "08:09:41.066",
        "InArea": "True"
    },
    {
        "x": "401",
        "y": "131",
        "Time": "08:09:41.109",
        "InArea": "True"
    },
    {
        "x": "400",
        "y": "131",
        "Time": "08:09:41.157",
        "InArea": "True"
    },
    {
        "x": "398",
        "y": "130",
        "Time": "08:09:41.217",
        "InArea": "True"
    },
    {
        "x": "397",
        "y": "129",
        "Time": "08:09:41.265",
        "InArea": "True"
    },
    {
        "x": "395",
        "y": "128",
        "Time": "08:09:41.315",
        "InArea": "True"
    },
    {
        "x": "394",
        "y": "127",
        "Time": "08:09:41.370",
        "InArea": "True"
    },
    {
        "x": "392",
        "y": "126",
        "Time": "08:09:41.414",
        "InArea": "True"
    },
    {
        "x": "391",
        "y": "125",
        "Time": "08:09:41.452",
        "InArea": "True"
    },
    {
        "x": "390",
        "y": "124",
        "Time": "08:09:41.498",
        "InArea": "True"
    },
    {
        "x": "389",
        "y": "123",
        "Time": "08:09:41.542",
        "InArea": "True"
    },
    {
        "x": "389",
        "y": "123",
        "Time": "08:09:41.583",
        "InArea": "True"
    },
    {
        "x": "387",
        "y": "123",
        "Time": "08:09:41.626",
        "InArea": "True"
    },
    {
        "x": "386",
        "y": "123",
        "Time": "08:09:41.675",
        "InArea": "True"
    },
    {
        "x": "384",
        "y": "123",
        "Time": "08:09:41.717",
        "InArea": "True"
    },
    {
        "x": "383",
        "y": "123",
        "Time": "08:09:41.763",
        "InArea": "True"
    },
    {
        "x": "381",
        "y": "121",
        "Time": "08:09:41.806",
        "InArea": "True"
    },
    {
        "x": "380",
        "y": "120",
        "Time": "08:09:41.851",
        "InArea": "True"
    },
    {
        "x": "379",
        "y": "119",
        "Time": "08:09:41.898",
        "InArea": "True"
    },
    {
        "x": "379",
        "y": "119",
        "Time": "08:09:41.987",
        "InArea": "True"
    },
    {
        "x": "377",
        "y": "118",
        "Time": "08:09:42.033",
        "InArea": "True"
    },
    {
        "x": "376",
        "y": "118",
        "Time": "08:09:42.071",
        "InArea": "True"
    },
    {
        "x": "375",
        "y": "117",
        "Time": "08:09:42.112",
        "InArea": "True"
    },
    {
        "x": "374",
        "y": "117",
        "Time": "08:09:42.151",
        "InArea": "True"
    },
    {
        "x": "373",
        "y": "115",
        "Time": "08:09:42.196",
        "InArea": "True"
    },
    {
        "x": "372",
        "y": "114",
        "Time": "08:09:42.237",
        "InArea": "True"
    },
    {
        "x": "372",
        "y": "114",
        "Time": "08:09:42.282",
        "InArea": "True"
    },
    {
        "x": "372",
        "y": "113",
        "Time": "08:09:42.336",
        "InArea": "True"
    },
    {
        "x": "372",
        "y": "112",
        "Time": "08:09:42.388",
        "InArea": "True"
    },
    {
        "x": "369",
        "y": "110",
        "Time": "08:09:42.442",
        "InArea": "False"
    },
    {
        "x": "368",
        "y": "109",
        "Time": "08:09:42.489",
        "InArea": "False"
    }
]