[
    {
        "x": "400",
        "y": "131",
        "Time": "09:10:35.884",
        "InArea": "True"
    },
    {
        "x": "399",
        "y": "130",
        "Time": "09:10:35.925",
        "InArea": "True"
    },
    {
        "x": "398",
        "y": "130",
        "Time": "09:10:35.969",
        "InArea": "True"
    },
    {
        "x": "398",
        "y": "130",
        "Time": "09:10:36.014",
        "InArea": "True"
    },
    {
        "x": "397",
        "y": "129",
        "Time": "09:10:36.057",
        "InArea": "True"
    },
    {
        "x": "394",
        "y": "127",
        "Time": "09:10:36.108",
        "InArea": "True"
    },
    {
        "x": "393",
        "y": "126",
        "Time": "09:10:36.151",
        "InArea": "True"
    },
    {
        "x": "392",
        "y": "126",
        "Time": "09:10:36.197",
        "InArea": "True"
    },
    {
        "x": "391",
        "y": "125",
        "Time": "09:10:36.249",
        "InArea": "True"
    },
    {
        "x": "389",
        "y": "124",
        "Time": "09:10:36.300",
        "InArea": "True"
    },
    {
        "x": "388",
        "y": "123",
        "Time": "09:10:36.351",
        "InArea": "True"
    },
    {
        "x": "388",
        "y": "123",
        "Time": "09:10:36.402",
        "InArea": "True"
    },
    {
        "x": "386",
        "y": "122",
        "Time": "09:10:36.451",
        "InArea": "True"
    },
    {
        "x": "384",
        "y": "121",
        "Time": "09:10:36.511",
        "InArea": "True"
    },
    {
        "x": "383",
        "y": "121",
        "Time": "09:10:36.549",
        "InArea": "True"
    },
    {
        "x": "383",
        "y": "121",
        "Time": "09:10:36.596",
        "InArea": "True"
    },
    {
        "x": "382",
        "y": "121",
        "Time": "09:10:36.637",
        "InArea": "True"
    },
    {
        "x": "381",
        "y": "121",
        "Time": "09:10:36.684",
        "InArea": "True"
    },
    {
        "x": "380",
        "y": "120",
        "Time": "09:10:36.726",
        "InArea": "True"
    },
    {
        "x": "380",
        "y": "120",
        "Time": "09:10:36.817",
        "InArea": "True"
    },
    {
        "x": "379",
        "y": "119",
        "Time": "09:10:36.859",
        "InArea": "True"
    },
    {
        "x": "378",
        "y": "118",
        "Time": "09:10:36.912",
        "InArea": "True"
    },
    {
        "x": "377",
        "y": "117",
        "Time": "09:10:36.956",
        "InArea": "True"
    },
    {
        "x": "377",
        "y": "117",
        "Time": "09:10:37.003",
        "InArea": "True"
    },
    {
        "x": "376",
        "y": "116",
        "Time": "09:10:37.055",
        "InArea": "True"
    },
    {
        "x": "374",
        "y": "115",
        "Time": "09:10:37.111",
        "InArea": "True"
    },
    {
        "x": "373",
        "y": "114",
        "Time": "09:10:37.165",
        "InArea": "True"
    },
    {
        "x": "370",
        "y": "112",
        "Time": "09:10:37.219",
        "InArea": "True"
    },
    {
        "x": "368",
        "y": "111",
        "Time": "09:10:37.266",
        "InArea": "True"
    },
    {
        "x": "367",
        "y": "110",
        "Time": "09:10:37.306",
        "InArea": "True"
    },
    {
        "x": "367",
        "y": "110",
        "Time": "09:10:37.409",
        "InArea": "True"
    },
    {
        "x": "365",
        "y": "108",
        "Time": "09:10:37.464",
        "InArea": "False"
    }
]