[
    {
        "x": "392",
        "y": "126",
        "Time": "08:40:04.622",
        "InArea": "True"
    },
    {
        "x": "392",
        "y": "126",
        "Time": "08:40:04.666",
        "InArea": "True"
    },
    {
        "x": "389",
        "y": "126",
        "Time": "08:40:04.708",
        "InArea": "True"
    },
    {
        "x": "388",
        "y": "126",
        "Time": "08:40:04.759",
        "InArea": "True"
    },
    {
        "x": "388",
        "y": "126",
        "Time": "08:40:04.802",
        "InArea": "True"
    },
    {
        "x": "388",
        "y": "126",
        "Time": "08:40:04.851",
        "InArea": "True"
    },
    {
        "x": "386",
        "y": "125",
        "Time": "08:40:04.905",
        "InArea": "True"
    },
    {
        "x": "383",
        "y": "124",
        "Time": "08:40:04.960",
        "InArea": "True"
    },
    {
        "x": "382",
        "y": "124",
        "Time": "08:40:05.012",
        "InArea": "True"
    },
    {
        "x": "381",
        "y": "124",
        "Time": "08:40:05.063",
        "InArea": "True"
    },
    {
        "x": "380",
        "y": "123",
        "Time": "08:40:05.129",
        "InArea": "True"
    },
    {
        "x": "379",
        "y": "122",
        "Time": "08:40:05.178",
        "InArea": "True"
    },
    {
        "x": "378",
        "y": "121",
        "Time": "08:40:05.225",
        "InArea": "True"
    },
    {
        "x": "378",
        "y": "121",
        "Time": "08:40:05.271",
        "InArea": "True"
    },
    {
        "x": "378",
        "y": "121",
        "Time": "08:40:05.458",
        "InArea": "True"
    },
    {
        "x": "376",
        "y": "120",
        "Time": "08:40:05.510",
        "InArea": "True"
    },
    {
        "x": "375",
        "y": "120",
        "Time": "08:40:05.547",
        "InArea": "True"
    },
    {
        "x": "374",
        "y": "119",
        "Time": "08:40:05.595",
        "InArea": "True"
    },
    {
        "x": "374",
        "y": "118",
        "Time": "08:40:05.645",
        "InArea": "True"
    },
    {
        "x": "374",
        "y": "117",
        "Time": "08:40:05.691",
        "InArea": "True"
    },
    {
        "x": "374",
        "y": "117",
        "Time": "08:40:05.736",
        "InArea": "True"
    },
    {
        "x": "375",
        "y": "116",
        "Time": "08:40:05.781",
        "InArea": "True"
    },
    {
        "x": "375",
        "y": "115",
        "Time": "08:40:05.832",
        "InArea": "True"
    },
    {
        "x": "375",
        "y": "115",
        "Time": "08:40:05.880",
        "InArea": "True"
    },
    {
        "x": "374",
        "y": "114",
        "Time": "08:40:05.930",
        "InArea": "True"
    },
    {
        "x": "373",
        "y": "113",
        "Time": "08:40:05.978",
        "InArea": "True"
    },
    {
        "x": "373",
        "y": "112",
        "Time": "08:40:06.026",
        "InArea": "True"
    },
    {
        "x": "372",
        "y": "111",
        "Time": "08:40:06.074",
        "InArea": "True"
    },
    {
        "x": "372",
        "y": "111",
        "Time": "08:40:06.123",
        "InArea": "True"
    },
    {
        "x": "371",
        "y": "110",
        "Time": "08:40:06.174",
        "InArea": "True"
    },
    {
        "x": "370",
        "y": "110",
        "Time": "08:40:06.224",
        "InArea": "True"
    },
    {
        "x": "370",
        "y": "109",
        "Time": "08:40:06.282",
        "InArea": "False"
    }
]