[
    {
        "x": "390",
        "y": "130",
        "Time": "09:14:32.194",
        "InArea": "True"
    },
    {
        "x": "389",
        "y": "129",
        "Time": "09:14:32.239",
        "InArea": "True"
    },
    {
        "x": "389",
        "y": "129",
        "Time": "09:14:32.280",
        "InArea": "True"
    },
    {
        "x": "388",
        "y": "129",
        "Time": "09:14:32.332",
        "InArea": "True"
    },
    {
        "x": "387",
        "y": "129",
        "Time": "09:14:32.378",
        "InArea": "True"
    },
    {
        "x": "385",
        "y": "128",
        "Time": "09:14:32.429",
        "InArea": "True"
    },
    {
        "x": "384",
        "y": "128",
        "Time": "09:14:32.476",
        "InArea": "True"
    },
    {
        "x": "382",
        "y": "127",
        "Time": "09:14:32.520",
        "InArea": "True"
    },
    {
        "x": "381",
        "y": "126",
        "Time": "09:14:32.562",
        "InArea": "True"
    },
    {
        "x": "381",
        "y": "126",
        "Time": "09:14:32.604",
        "InArea": "True"
    },
    {
        "x": "379",
        "y": "125",
        "Time": "09:14:32.649",
        "InArea": "True"
    },
    {
        "x": "377",
        "y": "124",
        "Time": "09:14:32.700",
        "InArea": "True"
    },
    {
        "x": "376",
        "y": "123",
        "Time": "09:14:32.750",
        "InArea": "True"
    },
    {
        "x": "375",
        "y": "123",
        "Time": "09:14:32.793",
        "InArea": "True"
    },
    {
        "x": "374",
        "y": "122",
        "Time": "09:14:32.842",
        "InArea": "True"
    },
    {
        "x": "374",
        "y": "121",
        "Time": "09:14:32.882",
        "InArea": "True"
    },
    {
        "x": "373",
        "y": "121",
        "Time": "09:14:32.926",
        "InArea": "True"
    },
    {
        "x": "373",
        "y": "121",
        "Time": "09:14:33.008",
        "InArea": "True"
    },
    {
        "x": "373",
        "y": "120",
        "Time": "09:14:33.050",
        "InArea": "True"
    },
    {
        "x": "372",
        "y": "119",
        "Time": "09:14:33.101",
        "InArea": "True"
    },
    {
        "x": "372",
        "y": "119",
        "Time": "09:14:33.186",
        "InArea": "True"
    },
    {
        "x": "369",
        "y": "118",
        "Time": "09:14:33.241",
        "InArea": "True"
    },
    {
        "x": "367",
        "y": "117",
        "Time": "09:14:33.293",
        "InArea": "True"
    },
    {
        "x": "366",
        "y": "117",
        "Time": "09:14:33.333",
        "InArea": "True"
    },
    {
        "x": "366",
        "y": "117",
        "Time": "09:14:33.376",
        "InArea": "True"
    },
    {
        "x": "365",
        "y": "114",
        "Time": "09:14:33.416",
        "InArea": "True"
    },
    {
        "x": "365",
        "y": "113",
        "Time": "09:14:33.459",
        "InArea": "True"
    },
    {
        "x": "363",
        "y": "112",
        "Time": "09:14:33.502",
        "InArea": "True"
    },
    {
        "x": "362",
        "y": "111",
        "Time": "09:14:33.544",
        "InArea": "True"
    },
    {
        "x": "362",
        "y": "111",
        "Time": "09:14:33.586",
        "InArea": "True"
    },
    {
        "x": "361",
        "y": "110",
        "Time": "09:14:33.629",
        "InArea": "False"
    },
    {
        "x": "361",
        "y": "109",
        "Time": "09:14:33.673",
        "InArea": "False"
    }
]