[
    {
        "x": "399",
        "y": "131",
        "Time": "08:43:03.492",
        "InArea": "True"
    },
    {
        "x": "396",
        "y": "130",
        "Time": "08:43:03.544",
        "InArea": "True"
    },
    {
        "x": "394",
        "y": "130",
        "Time": "08:43:03.591",
        "InArea": "True"
    },
    {
        "x": "393",
        "y": "130",
        "Time": "08:43:03.643",
        "InArea": "True"
    },
    {
        "x": "391",
        "y": "129",
        "Time": "08:43:03.693",
        "InArea": "True"
    },
    {
        "x": "389",
        "y": "127",
        "Time": "08:43:03.738",
        "InArea": "True"
    },
    {
        "x": "388",
        "y": "126",
        "Time": "08:43:03.783",
        "InArea": "True"
    },
    {
        "x": "388",
        "y": "125",
        "Time": "08:43:03.834",
        "InArea": "True"
    },
    {
        "x": "387",
        "y": "124",
        "Time": "08:43:03.893",
        "InArea": "True"
    },
    {
        "x": "386",
        "y": "124",
        "Time": "08:43:03.956",
        "InArea": "True"
    },
    {
        "x": "385",
        "y": "124",
        "Time": "08:43:04.004",
        "InArea": "True"
    },
    {
        "x": "385",
        "y": "124",
        "Time": "08:43:04.056",
        "InArea": "True"
    },
    {
        "x": "383",
        "y": "123",
        "Time": "08:43:04.105",
        "InArea": "True"
    },
    {
        "x": "380",
        "y": "122",
        "Time": "08:43:04.152",
        "InArea": "True"
    },
    {
        "x": "378",
        "y": "122",
        "Time": "08:43:04.192",
        "InArea": "True"
    },
    {
        "x": "377",
        "y": "122",
        "Time": "08:43:04.233",
        "InArea": "True"
    },
    {
        "x": "377",
        "y": "121",
        "Time": "08:43:04.274",
        "InArea": "True"
    },
    {
        "x": "377",
        "y": "121",
        "Time": "08:43:04.321",
        "InArea": "True"
    },
    {
        "x": "377",
        "y": "120",
        "Time": "08:43:04.373",
        "InArea": "True"
    },
    {
        "x": "377",
        "y": "119",
        "Time": "08:43:04.413",
        "InArea": "True"
    },
    {
        "x": "377",
        "y": "119",
        "Time": "08:43:04.455",
        "InArea": "True"
    },
    {
        "x": "375",
        "y": "119",
        "Time": "08:43:04.499",
        "InArea": "True"
    },
    {
        "x": "374",
        "y": "117",
        "Time": "08:43:04.543",
        "InArea": "True"
    },
    {
        "x": "374",
        "y": "116",
        "Time": "08:43:04.584",
        "InArea": "True"
    },
    {
        "x": "374",
        "y": "116",
        "Time": "08:43:04.629",
        "InArea": "True"
    },
    {
        "x": "373",
        "y": "115",
        "Time": "08:43:04.672",
        "InArea": "True"
    },
    {
        "x": "372",
        "y": "114",
        "Time": "08:43:04.716",
        "InArea": "True"
    },
    {
        "x": "372",
        "y": "113",
        "Time": "08:43:04.762",
        "InArea": "True"
    },
    {
        "x": "372",
        "y": "112",
        "Time": "08:43:04.812",
        "InArea": "True"
    },
    {
        "x": "372",
        "y": "112",
        "Time": "08:43:04.855",
        "InArea": "True"
    },
    {
        "x": "369",
        "y": "110",
        "Time": "08:43:04.903",
        "InArea": "False"
    },
    {
        "x": "368",
        "y": "109",
        "Time": "08:43:04.956",
        "InArea": "False"
    }
]