[
    {
        "x": "402",
        "y": "138",
        "Time": "07:56:36.281",
        "InArea": "True"
    },
    {
        "x": "399",
        "y": "136",
        "Time": "07:56:36.335",
        "InArea": "True"
    },
    {
        "x": "398",
        "y": "135",
        "Time": "07:56:36.382",
        "InArea": "True"
    },
    {
        "x": "395",
        "y": "134",
        "Time": "07:56:36.421",
        "InArea": "True"
    },
    {
        "x": "394",
        "y": "133",
        "Time": "07:56:36.460",
        "InArea": "True"
    },
    {
        "x": "393",
        "y": "133",
        "Time": "07:56:36.504",
        "InArea": "True"
    },
    {
        "x": "391",
        "y": "132",
        "Time": "07:56:36.543",
        "InArea": "True"
    },
    {
        "x": "390",
        "y": "132",
        "Time": "07:56:36.580",
        "InArea": "True"
    },
    {
        "x": "388",
        "y": "131",
        "Time": "07:56:36.622",
        "InArea": "True"
    },
    {
        "x": "387",
        "y": "130",
        "Time": "07:56:36.663",
        "InArea": "True"
    },
    {
        "x": "386",
        "y": "130",
        "Time": "07:56:36.712",
        "InArea": "True"
    },
    {
        "x": "382",
        "y": "129",
        "Time": "07:56:36.753",
        "InArea": "True"
    },
    {
        "x": "380",
        "y": "129",
        "Time": "07:56:36.794",
        "InArea": "True"
    },
    {
        "x": "379",
        "y": "128",
        "Time": "07:56:36.837",
        "InArea": "True"
    },
    {
        "x": "379",
        "y": "127",
        "Time": "07:56:36.880",
        "InArea": "True"
    },
    {
        "x": "376",
        "y": "126",
        "Time": "07:56:36.923",
        "InArea": "True"
    },
    {
        "x": "375",
        "y": "125",
        "Time": "07:56:36.964",
        "InArea": "True"
    },
    {
        "x": "374",
        "y": "125",
        "Time": "07:56:37.005",
        "InArea": "True"
    },
    {
        "x": "373",
        "y": "124",
        "Time": "07:56:37.052",
        "InArea": "True"
    },
    {
        "x": "373",
        "y": "123",
        "Time": "07:56:37.098",
        "InArea": "True"
    },
    {
        "x": "372",
        "y": "122",
        "Time": "07:56:37.138",
        "InArea": "True"
    },
    {
        "x": "371",
        "y": "121",
        "Time": "07:56:37.184",
        "InArea": "True"
    },
    {
        "x": "371",
        "y": "119",
        "Time": "07:56:37.233",
        "InArea": "True"
    },
    {
        "x": "371",
        "y": "118",
        "Time": "07:56:37.280",
        "InArea": "True"
    },
    {
        "x": "369",
        "y": "117",
        "Time": "07:56:37.329",
        "InArea": "True"
    },
    {
        "x": "368",
        "y": "116",
        "Time": "07:56:37.374",
        "InArea": "True"
    },
    {
        "x": "367",
        "y": "116",
        "Time": "07:56:37.410",
        "InArea": "True"
    },
    {
        "x": "366",
        "y": "114",
        "Time": "07:56:37.452",
        "InArea": "True"
    },
    {
        "x": "365",
        "y": "113",
        "Time": "07:56:37.497",
        "InArea": "True"
    },
    {
        "x": "363",
        "y": "111",
        "Time": "07:56:37.543",
        "InArea": "True"
    },
    {
        "x": "362",
        "y": "110",
        "Time": "07:56:37.588",
        "InArea": "True"
    },
    {
        "x": "361",
        "y": "109",
        "Time": "07:56:37.638",
        "InArea": "False"
    }
]