[
    {
        "x": "401",
        "y": "125",
        "Time": "08:46:23.335",
        "InArea": "True"
    },
    {
        "x": "401",
        "y": "124",
        "Time": "08:46:23.382",
        "InArea": "True"
    },
    {
        "x": "401",
        "y": "124",
        "Time": "08:46:23.523",
        "InArea": "True"
    },
    {
        "x": "400",
        "y": "123",
        "Time": "08:46:23.577",
        "InArea": "True"
    },
    {
        "x": "400",
        "y": "122",
        "Time": "08:46:23.633",
        "InArea": "True"
    },
    {
        "x": "400",
        "y": "121",
        "Time": "08:46:23.681",
        "InArea": "True"
    },
    {
        "x": "399",
        "y": "122",
        "Time": "08:46:23.734",
        "InArea": "True"
    },
    {
        "x": "398",
        "y": "122",
        "Time": "08:46:23.789",
        "InArea": "True"
    },
    {
        "x": "398",
        "y": "122",
        "Time": "08:46:23.843",
        "InArea": "True"
    },
    {
        "x": "396",
        "y": "121",
        "Time": "08:46:23.900",
        "InArea": "True"
    },
    {
        "x": "393",
        "y": "120",
        "Time": "08:46:23.948",
        "InArea": "True"
    },
    {
        "x": "392",
        "y": "119",
        "Time": "08:46:23.996",
        "InArea": "True"
    },
    {
        "x": "391",
        "y": "119",
        "Time": "08:46:24.044",
        "InArea": "True"
    },
    {
        "x": "390",
        "y": "119",
        "Time": "08:46:24.090",
        "InArea": "True"
    },
    {
        "x": "387",
        "y": "117",
        "Time": "08:46:24.139",
        "InArea": "True"
    },
    {
        "x": "386",
        "y": "116",
        "Time": "08:46:24.181",
        "InArea": "True"
    },
    {
        "x": "384",
        "y": "117",
        "Time": "08:46:24.231",
        "InArea": "True"
    },
    {
        "x": "383",
        "y": "117",
        "Time": "08:46:24.272",
        "InArea": "True"
    },
    {
        "x": "380",
        "y": "117",
        "Time": "08:46:24.329",
        "InArea": "True"
    },
    {
        "x": "379",
        "y": "117",
        "Time": "08:46:24.374",
        "InArea": "True"
    },
    {
        "x": "378",
        "y": "117",
        "Time": "08:46:24.412",
        "InArea": "True"
    },
    {
        "x": "376",
        "y": "116",
        "Time": "08:46:24.464",
        "InArea": "True"
    },
    {
        "x": "375",
        "y": "116",
        "Time": "08:46:24.516",
        "InArea": "True"
    },
    {
        "x": "374",
        "y": "115",
        "Time": "08:46:24.569",
        "InArea": "True"
    },
    {
        "x": "374",
        "y": "115",
        "Time": "08:46:24.622",
        "InArea": "True"
    },
    {
        "x": "373",
        "y": "114",
        "Time": "08:46:24.666",
        "InArea": "True"
    },
    {
        "x": "373",
        "y": "114",
        "Time": "08:46:24.714",
        "InArea": "True"
    },
    {
        "x": "372",
        "y": "113",
        "Time": "08:46:24.761",
        "InArea": "True"
    },
    {
        "x": "371",
        "y": "112",
        "Time": "08:46:24.813",
        "InArea": "True"
    },
    {
        "x": "371",
        "y": "111",
        "Time": "08:46:24.860",
        "InArea": "True"
    },
    {
        "x": "371",
        "y": "110",
        "Time": "08:46:24.903",
        "InArea": "True"
    },
    {
        "x": "371",
        "y": "109",
        "Time": "08:46:24.945",
        "InArea": "False"
    }
]