[
    {
        "x": "409",
        "y": "133",
        "Time": "08:58:54.398",
        "InArea": "True"
    },
    {
        "x": "407",
        "y": "133",
        "Time": "08:58:54.450",
        "InArea": "True"
    },
    {
        "x": "406",
        "y": "133",
        "Time": "08:58:54.498",
        "InArea": "True"
    },
    {
        "x": "405",
        "y": "132",
        "Time": "08:58:54.554",
        "InArea": "True"
    },
    {
        "x": "405",
        "y": "132",
        "Time": "08:58:54.603",
        "InArea": "True"
    },
    {
        "x": "403",
        "y": "131",
        "Time": "08:58:54.650",
        "InArea": "True"
    },
    {
        "x": "402",
        "y": "130",
        "Time": "08:58:54.702",
        "InArea": "True"
    },
    {
        "x": "401",
        "y": "129",
        "Time": "08:58:54.748",
        "InArea": "True"
    },
    {
        "x": "400",
        "y": "129",
        "Time": "08:58:54.789",
        "InArea": "True"
    },
    {
        "x": "398",
        "y": "128",
        "Time": "08:58:54.831",
        "InArea": "True"
    },
    {
        "x": "397",
        "y": "127",
        "Time": "08:58:54.873",
        "InArea": "True"
    },
    {
        "x": "397",
        "y": "127",
        "Time": "08:58:54.925",
        "InArea": "True"
    },
    {
        "x": "395",
        "y": "126",
        "Time": "08:58:54.968",
        "InArea": "True"
    },
    {
        "x": "392",
        "y": "125",
        "Time": "08:58:55.025",
        "InArea": "True"
    },
    {
        "x": "391",
        "y": "125",
        "Time": "08:58:55.070",
        "InArea": "True"
    },
    {
        "x": "390",
        "y": "125",
        "Time": "08:58:55.113",
        "InArea": "True"
    },
    {
        "x": "388",
        "y": "123",
        "Time": "08:58:55.159",
        "InArea": "True"
    },
    {
        "x": "386",
        "y": "123",
        "Time": "08:58:55.212",
        "InArea": "True"
    },
    {
        "x": "385",
        "y": "123",
        "Time": "08:58:55.256",
        "InArea": "True"
    },
    {
        "x": "384",
        "y": "123",
        "Time": "08:58:55.305",
        "InArea": "True"
    },
    {
        "x": "384",
        "y": "123",
        "Time": "08:58:55.349",
        "InArea": "True"
    },
    {
        "x": "382",
        "y": "121",
        "Time": "08:58:55.392",
        "InArea": "True"
    },
    {
        "x": "380",
        "y": "119",
        "Time": "08:58:55.436",
        "InArea": "True"
    },
    {
        "x": "379",
        "y": "118",
        "Time": "08:58:55.480",
        "InArea": "True"
    },
    {
        "x": "379",
        "y": "118",
        "Time": "08:58:55.526",
        "InArea": "True"
    },
    {
        "x": "377",
        "y": "118",
        "Time": "08:58:55.570",
        "InArea": "True"
    },
    {
        "x": "375",
        "y": "115",
        "Time": "08:58:55.615",
        "InArea": "True"
    },
    {
        "x": "374",
        "y": "113",
        "Time": "08:58:55.662",
        "InArea": "True"
    },
    {
        "x": "373",
        "y": "112",
        "Time": "08:58:55.702",
        "InArea": "True"
    },
    {
        "x": "373",
        "y": "112",
        "Time": "08:58:55.744",
        "InArea": "True"
    },
    {
        "x": "372",
        "y": "110",
        "Time": "08:58:55.793",
        "InArea": "False"
    },
    {
        "x": "372",
        "y": "108",
        "Time": "08:58:55.845",
        "InArea": "False"
    }
]