[
    {
        "x": "394",
        "y": "129",
        "Time": "07:47:06.434",
        "InArea": "True"
    },
    {
        "x": "393",
        "y": "128",
        "Time": "07:47:06.479",
        "InArea": "True"
    },
    {
        "x": "392",
        "y": "128",
        "Time": "07:47:06.520",
        "InArea": "True"
    },
    {
        "x": "391",
        "y": "127",
        "Time": "07:47:06.577",
        "InArea": "True"
    },
    {
        "x": "390",
        "y": "127",
        "Time": "07:47:06.621",
        "InArea": "True"
    },
    {
        "x": "387",
        "y": "126",
        "Time": "07:47:06.660",
        "InArea": "True"
    },
    {
        "x": "386",
        "y": "126",
        "Time": "07:47:06.702",
        "InArea": "True"
    },
    {
        "x": "384",
        "y": "125",
        "Time": "07:47:06.744",
        "InArea": "True"
    },
    {
        "x": "383",
        "y": "124",
        "Time": "07:47:06.788",
        "InArea": "True"
    },
    {
        "x": "383",
        "y": "124",
        "Time": "07:47:06.829",
        "InArea": "True"
    },
    {
        "x": "380",
        "y": "122",
        "Time": "07:47:06.871",
        "InArea": "True"
    },
    {
        "x": "379",
        "y": "121",
        "Time": "07:47:06.923",
        "InArea": "True"
    },
    {
        "x": "378",
        "y": "120",
        "Time": "07:47:06.972",
        "InArea": "True"
    },
    {
        "x": "378",
        "y": "120",
        "Time": "07:47:07.017",
        "InArea": "True"
    },
    {
        "x": "376",
        "y": "120",
        "Time": "07:47:07.062",
        "InArea": "True"
    },
    {
        "x": "375",
        "y": "120",
        "Time": "07:47:07.107",
        "InArea": "True"
    },
    {
        "x": "373",
        "y": "119",
        "Time": "07:47:07.145",
        "InArea": "True"
    },
    {
        "x": "372",
        "y": "119",
        "Time": "07:47:07.193",
        "InArea": "True"
    },
    {
        "x": "372",
        "y": "119",
        "Time": "07:47:07.232",
        "InArea": "True"
    },
    {
        "x": "372",
        "y": "118",
        "Time": "07:47:07.273",
        "InArea": "True"
    },
    {
        "x": "372",
        "y": "118",
        "Time": "07:47:07.326",
        "InArea": "True"
    },
    {
        "x": "371",
        "y": "117",
        "Time": "07:47:07.376",
        "InArea": "True"
    },
    {
        "x": "371",
        "y": "116",
        "Time": "07:47:07.424",
        "InArea": "True"
    },
    {
        "x": "371",
        "y": "116",
        "Time": "07:47:07.478",
        "InArea": "True"
    },
    {
        "x": "369",
        "y": "115",
        "Time": "07:47:07.531",
        "InArea": "True"
    },
    {
        "x": "368",
        "y": "115",
        "Time": "07:47:07.589",
        "InArea": "True"
    },
    {
        "x": "367",
        "y": "115",
        "Time": "07:47:07.635",
        "InArea": "True"
    },
    {
        "x": "367",
        "y": "114",
        "Time": "07:47:07.678",
        "InArea": "True"
    },
    {
        "x": "367",
        "y": "113",
        "Time": "07:47:07.724",
        "InArea": "True"
    },
    {
        "x": "367",
        "y": "111",
        "Time": "07:47:07.770",
        "InArea": "True"
    },
    {
        "x": "367",
        "y": "110",
        "Time": "07:47:07.810",
        "InArea": "True"
    },
    {
        "x": "366",
        "y": "109",
        "Time": "07:47:07.857",
        "InArea": "False"
    }
]