[
    {
        "x": "408",
        "y": "133",
        "Time": "08:55:53.740",
        "InArea": "True"
    },
    {
        "x": "407",
        "y": "132",
        "Time": "08:55:53.786",
        "InArea": "True"
    },
    {
        "x": "406",
        "y": "132",
        "Time": "08:55:53.836",
        "InArea": "True"
    },
    {
        "x": "406",
        "y": "132",
        "Time": "08:55:53.936",
        "InArea": "True"
    },
    {
        "x": "404",
        "y": "131",
        "Time": "08:55:53.977",
        "InArea": "True"
    },
    {
        "x": "403",
        "y": "130",
        "Time": "08:55:54.023",
        "InArea": "True"
    },
    {
        "x": "402",
        "y": "129",
        "Time": "08:55:54.068",
        "InArea": "True"
    },
    {
        "x": "402",
        "y": "129",
        "Time": "08:55:54.109",
        "InArea": "True"
    },
    {
        "x": "398",
        "y": "128",
        "Time": "08:55:54.164",
        "InArea": "True"
    },
    {
        "x": "395",
        "y": "126",
        "Time": "08:55:54.219",
        "InArea": "True"
    },
    {
        "x": "394",
        "y": "125",
        "Time": "08:55:54.259",
        "InArea": "True"
    },
    {
        "x": "393",
        "y": "124",
        "Time": "08:55:54.308",
        "InArea": "True"
    },
    {
        "x": "393",
        "y": "124",
        "Time": "08:55:54.354",
        "InArea": "True"
    },
    {
        "x": "390",
        "y": "124",
        "Time": "08:55:54.398",
        "InArea": "True"
    },
    {
        "x": "387",
        "y": "123",
        "Time": "08:55:54.451",
        "InArea": "True"
    },
    {
        "x": "386",
        "y": "123",
        "Time": "08:55:54.497",
        "InArea": "True"
    },
    {
        "x": "385",
        "y": "123",
        "Time": "08:55:54.540",
        "InArea": "True"
    },
    {
        "x": "383",
        "y": "122",
        "Time": "08:55:54.584",
        "InArea": "True"
    },
    {
        "x": "381",
        "y": "121",
        "Time": "08:55:54.629",
        "InArea": "True"
    },
    {
        "x": "380",
        "y": "121",
        "Time": "08:55:54.670",
        "InArea": "True"
    },
    {
        "x": "379",
        "y": "121",
        "Time": "08:55:54.723",
        "InArea": "True"
    },
    {
        "x": "378",
        "y": "119",
        "Time": "08:55:54.766",
        "InArea": "True"
    },
    {
        "x": "377",
        "y": "118",
        "Time": "08:55:54.809",
        "InArea": "True"
    },
    {
        "x": "376",
        "y": "118",
        "Time": "08:55:54.857",
        "InArea": "True"
    },
    {
        "x": "376",
        "y": "118",
        "Time": "08:55:54.956",
        "InArea": "True"
    },
    {
        "x": "374",
        "y": "116",
        "Time": "08:55:55.008",
        "InArea": "True"
    },
    {
        "x": "372",
        "y": "115",
        "Time": "08:55:55.059",
        "InArea": "True"
    },
    {
        "x": "371",
        "y": "115",
        "Time": "08:55:55.116",
        "InArea": "True"
    },
    {
        "x": "371",
        "y": "112",
        "Time": "08:55:55.164",
        "InArea": "True"
    },
    {
        "x": "371",
        "y": "111",
        "Time": "08:55:55.213",
        "InArea": "True"
    },
    {
        "x": "369",
        "y": "109",
        "Time": "08:55:55.262",
        "InArea": "False"
    },
    {
        "x": "368",
        "y": "108",
        "Time": "08:55:55.303",
        "InArea": "False"
    }
]