[
    {
        "x": "378",
        "y": "126",
        "Time": "07:13:31.498",
        "InArea": "True"
    },
    {
        "x": "377",
        "y": "126",
        "Time": "07:13:31.538",
        "InArea": "True"
    },
    {
        "x": "375",
        "y": "126",
        "Time": "07:13:31.587",
        "InArea": "True"
    },
    {
        "x": "374",
        "y": "126",
        "Time": "07:13:31.625",
        "InArea": "True"
    },
    {
        "x": "374",
        "y": "126",
        "Time": "07:13:31.776",
        "InArea": "True"
    },
    {
        "x": "374",
        "y": "124",
        "Time": "07:13:31.823",
        "InArea": "True"
    },
    {
        "x": "373",
        "y": "123",
        "Time": "07:13:31.866",
        "InArea": "True"
    },
    {
        "x": "373",
        "y": "123",
        "Time": "07:13:31.958",
        "InArea": "True"
    },
    {
        "x": "372",
        "y": "122",
        "Time": "07:13:32.010",
        "InArea": "True"
    },
    {
        "x": "371",
        "y": "121",
        "Time": "07:13:32.063",
        "InArea": "True"
    },
    {
        "x": "370",
        "y": "120",
        "Time": "07:13:32.115",
        "InArea": "True"
    },
    {
        "x": "370",
        "y": "120",
        "Time": "07:13:32.164",
        "InArea": "True"
    },
    {
        "x": "370",
        "y": "118",
        "Time": "07:13:32.215",
        "InArea": "True"
    },
    {
        "x": "370",
        "y": "118",
        "Time": "07:13:32.268",
        "InArea": "True"
    },
    {
        "x": "370",
        "y": "118",
        "Time": "07:13:32.320",
        "InArea": "True"
    },
    {
        "x": "370",
        "y": "118",
        "Time": "07:13:32.372",
        "InArea": "True"
    },
    {
        "x": "368",
        "y": "116",
        "Time": "07:13:32.419",
        "InArea": "True"
    },
    {
        "x": "367",
        "y": "115",
        "Time": "07:13:32.471",
        "InArea": "True"
    },
    {
        "x": "366",
        "y": "114",
        "Time": "07:13:32.519",
        "InArea": "True"
    },
    {
        "x": "366",
        "y": "114",
        "Time": "07:13:32.564",
        "InArea": "True"
    },
    {
        "x": "365",
        "y": "113",
        "Time": "07:13:32.608",
        "InArea": "True"
    },
    {
        "x": "365",
        "y": "112",
        "Time": "07:13:32.650",
        "InArea": "True"
    },
    {
        "x": "364",
        "y": "112",
        "Time": "07:13:32.699",
        "InArea": "True"
    },
    {
        "x": "364",
        "y": "112",
        "Time": "07:13:32.743",
        "InArea": "True"
    },
    {
        "x": "363",
        "y": "111",
        "Time": "07:13:32.787",
        "InArea": "True"
    },
    {
        "x": "363",
        "y": "110",
        "Time": "07:13:32.832",
        "InArea": "True"
    },
    {
        "x": "362",
        "y": "110",
        "Time": "07:13:32.875",
        "InArea": "True"
    },
    {
        "x": "361",
        "y": "110",
        "Time": "07:13:32.919",
        "InArea": "True"
    },
    {
        "x": "361",
        "y": "110",
        "Time": "07:13:32.960",
        "InArea": "True"
    },
    {
        "x": "360",
        "y": "110",
        "Time": "07:13:33.004",
        "InArea": "True"
    },
    {
        "x": "359",
        "y": "110",
        "Time": "07:13:33.054",
        "InArea": "True"
    },
    {
        "x": "359",
        "y": "109",
        "Time": "07:13:33.099",
        "InArea": "False"
    }
]