[
    {
        "x": "378",
        "y": "131",
        "Time": "09:00:43.946",
        "InArea": "True"
    },
    {
        "x": "377",
        "y": "131",
        "Time": "09:00:43.989",
        "InArea": "True"
    },
    {
        "x": "376",
        "y": "129",
        "Time": "09:00:44.033",
        "InArea": "True"
    },
    {
        "x": "375",
        "y": "128",
        "Time": "09:00:44.074",
        "InArea": "True"
    },
    {
        "x": "375",
        "y": "128",
        "Time": "09:00:44.127",
        "InArea": "True"
    },
    {
        "x": "375",
        "y": "127",
        "Time": "09:00:44.174",
        "InArea": "True"
    },
    {
        "x": "374",
        "y": "126",
        "Time": "09:00:44.219",
        "InArea": "True"
    },
    {
        "x": "373",
        "y": "125",
        "Time": "09:00:44.258",
        "InArea": "True"
    },
    {
        "x": "373",
        "y": "125",
        "Time": "09:00:44.308",
        "InArea": "True"
    },
    {
        "x": "373",
        "y": "123",
        "Time": "09:00:44.352",
        "InArea": "True"
    },
    {
        "x": "373",
        "y": "122",
        "Time": "09:00:44.397",
        "InArea": "True"
    },
    {
        "x": "371",
        "y": "122",
        "Time": "09:00:44.457",
        "InArea": "True"
    },
    {
        "x": "370",
        "y": "122",
        "Time": "09:00:44.503",
        "InArea": "True"
    },
    {
        "x": "370",
        "y": "120",
        "Time": "09:00:44.546",
        "InArea": "True"
    },
    {
        "x": "370",
        "y": "119",
        "Time": "09:00:44.597",
        "InArea": "True"
    },
    {
        "x": "370",
        "y": "118",
        "Time": "09:00:44.641",
        "InArea": "True"
    },
    {
        "x": "370",
        "y": "117",
        "Time": "09:00:44.684",
        "InArea": "True"
    },
    {
        "x": "370",
        "y": "117",
        "Time": "09:00:44.725",
        "InArea": "True"
    },
    {
        "x": "368",
        "y": "116",
        "Time": "09:00:44.766",
        "InArea": "True"
    },
    {
        "x": "366",
        "y": "117",
        "Time": "09:00:44.808",
        "InArea": "True"
    },
    {
        "x": "365",
        "y": "117",
        "Time": "09:00:44.855",
        "InArea": "True"
    },
    {
        "x": "365",
        "y": "117",
        "Time": "09:00:44.897",
        "InArea": "True"
    },
    {
        "x": "366",
        "y": "115",
        "Time": "09:00:44.944",
        "InArea": "True"
    },
    {
        "x": "366",
        "y": "114",
        "Time": "09:00:44.986",
        "InArea": "True"
    },
    {
        "x": "366",
        "y": "113",
        "Time": "09:00:45.028",
        "InArea": "True"
    },
    {
        "x": "366",
        "y": "112",
        "Time": "09:00:45.069",
        "InArea": "True"
    },
    {
        "x": "366",
        "y": "112",
        "Time": "09:00:45.113",
        "InArea": "True"
    },
    {
        "x": "365",
        "y": "112",
        "Time": "09:00:45.162",
        "InArea": "True"
    },
    {
        "x": "365",
        "y": "112",
        "Time": "09:00:45.208",
        "InArea": "True"
    },
    {
        "x": "364",
        "y": "111",
        "Time": "09:00:45.252",
        "InArea": "True"
    },
    {
        "x": "364",
        "y": "110",
        "Time": "09:00:45.305",
        "InArea": "True"
    },
    {
        "x": "362",
        "y": "108",
        "Time": "09:00:45.358",
        "InArea": "False"
    }
]