[
    {
        "x": "405",
        "y": "128",
        "Time": "13:38:59.680",
        "InArea": "True"
    },
    {
        "x": "404",
        "y": "127",
        "Time": "13:38:59.729",
        "InArea": "True"
    },
    {
        "x": "403",
        "y": "126",
        "Time": "13:38:59.773",
        "InArea": "True"
    },
    {
        "x": "403",
        "y": "126",
        "Time": "13:38:59.822",
        "InArea": "True"
    },
    {
        "x": "402",
        "y": "125",
        "Time": "13:38:59.866",
        "InArea": "True"
    },
    {
        "x": "399",
        "y": "124",
        "Time": "13:38:59.909",
        "InArea": "True"
    },
    {
        "x": "398",
        "y": "124",
        "Time": "13:38:59.957",
        "InArea": "True"
    },
    {
        "x": "397",
        "y": "124",
        "Time": "13:39:00.000",
        "InArea": "True"
    },
    {
        "x": "397",
        "y": "124",
        "Time": "13:39:00.053",
        "InArea": "True"
    },
    {
        "x": "394",
        "y": "124",
        "Time": "13:39:00.098",
        "InArea": "True"
    },
    {
        "x": "393",
        "y": "124",
        "Time": "13:39:00.147",
        "InArea": "True"
    },
    {
        "x": "392",
        "y": "124",
        "Time": "13:39:00.199",
        "InArea": "True"
    },
    {
        "x": "388",
        "y": "123",
        "Time": "13:39:00.248",
        "InArea": "True"
    },
    {
        "x": "386",
        "y": "122",
        "Time": "13:39:00.296",
        "InArea": "True"
    },
    {
        "x": "384",
        "y": "122",
        "Time": "13:39:00.345",
        "InArea": "True"
    },
    {
        "x": "383",
        "y": "122",
        "Time": "13:39:00.392",
        "InArea": "True"
    },
    {
        "x": "382",
        "y": "120",
        "Time": "13:39:00.437",
        "InArea": "True"
    },
    {
        "x": "382",
        "y": "119",
        "Time": "13:39:00.477",
        "InArea": "True"
    },
    {
        "x": "382",
        "y": "119",
        "Time": "13:39:00.526",
        "InArea": "True"
    },
    {
        "x": "382",
        "y": "119",
        "Time": "13:39:00.571",
        "InArea": "True"
    },
    {
        "x": "382",
        "y": "119",
        "Time": "13:39:00.617",
        "InArea": "True"
    },
    {
        "x": "381",
        "y": "118",
        "Time": "13:39:00.658",
        "InArea": "True"
    },
    {
        "x": "378",
        "y": "116",
        "Time": "13:39:00.707",
        "InArea": "True"
    },
    {
        "x": "377",
        "y": "115",
        "Time": "13:39:00.751",
        "InArea": "True"
    },
    {
        "x": "376",
        "y": "115",
        "Time": "13:39:00.800",
        "InArea": "True"
    },
    {
        "x": "375",
        "y": "114",
        "Time": "13:39:00.850",
        "InArea": "True"
    },
    {
        "x": "375",
        "y": "114",
        "Time": "13:39:00.906",
        "InArea": "True"
    },
    {
        "x": "375",
        "y": "114",
        "Time": "13:39:00.951",
        "InArea": "True"
    },
    {
        "x": "375",
        "y": "114",
        "Time": "13:39:01.001",
        "InArea": "True"
    },
    {
        "x": "374",
        "y": "112",
        "Time": "13:39:01.046",
        "InArea": "True"
    },
    {
        "x": "374",
        "y": "110",
        "Time": "13:39:01.092",
        "InArea": "False"
    },
    {
        "x": "374",
        "y": "109",
        "Time": "13:39:01.141",
        "InArea": "False"
    }
]