[
    {
        "x": "410",
        "y": "138",
        "Time": "08:38:14.998",
        "InArea": "True"
    },
    {
        "x": "409",
        "y": "138",
        "Time": "08:38:15.044",
        "InArea": "True"
    },
    {
        "x": "407",
        "y": "136",
        "Time": "08:38:15.097",
        "InArea": "True"
    },
    {
        "x": "404",
        "y": "135",
        "Time": "08:38:15.143",
        "InArea": "True"
    },
    {
        "x": "402",
        "y": "134",
        "Time": "08:38:15.196",
        "InArea": "True"
    },
    {
        "x": "401",
        "y": "134",
        "Time": "08:38:15.244",
        "InArea": "True"
    },
    {
        "x": "399",
        "y": "133",
        "Time": "08:38:15.296",
        "InArea": "True"
    },
    {
        "x": "398",
        "y": "133",
        "Time": "08:38:15.345",
        "InArea": "True"
    },
    {
        "x": "396",
        "y": "132",
        "Time": "08:38:15.401",
        "InArea": "True"
    },
    {
        "x": "395",
        "y": "132",
        "Time": "08:38:15.456",
        "InArea": "True"
    },
    {
        "x": "391",
        "y": "131",
        "Time": "08:38:15.498",
        "InArea": "True"
    },
    {
        "x": "389",
        "y": "131",
        "Time": "08:38:15.542",
        "InArea": "True"
    },
    {
        "x": "386",
        "y": "129",
        "Time": "08:38:15.590",
        "InArea": "True"
    },
    {
        "x": "385",
        "y": "128",
        "Time": "08:38:15.636",
        "InArea": "True"
    },
    {
        "x": "383",
        "y": "126",
        "Time": "08:38:15.688",
        "InArea": "True"
    },
    {
        "x": "382",
        "y": "125",
        "Time": "08:38:15.740",
        "InArea": "True"
    },
    {
        "x": "380",
        "y": "123",
        "Time": "08:38:15.790",
        "InArea": "True"
    },
    {
        "x": "379",
        "y": "122",
        "Time": "08:38:15.843",
        "InArea": "True"
    },
    {
        "x": "377",
        "y": "120",
        "Time": "08:38:15.889",
        "InArea": "True"
    },
    {
        "x": "376",
        "y": "119",
        "Time": "08:38:15.931",
        "InArea": "True"
    },
    {
        "x": "374",
        "y": "119",
        "Time": "08:38:15.985",
        "InArea": "True"
    },
    {
        "x": "373",
        "y": "119",
        "Time": "08:38:16.033",
        "InArea": "True"
    },
    {
        "x": "372",
        "y": "119",
        "Time": "08:38:16.072",
        "InArea": "True"
    },
    {
        "x": "372",
        "y": "119",
        "Time": "08:38:16.120",
        "InArea": "True"
    },
    {
        "x": "372",
        "y": "117",
        "Time": "08:38:16.161",
        "InArea": "True"
    },
    {
        "x": "372",
        "y": "116",
        "Time": "08:38:16.203",
        "InArea": "True"
    },
    {
        "x": "372",
        "y": "116",
        "Time": "08:38:16.253",
        "InArea": "True"
    },
    {
        "x": "369",
        "y": "113",
        "Time": "08:38:16.306",
        "InArea": "True"
    },
    {
        "x": "368",
        "y": "111",
        "Time": "08:38:16.348",
        "InArea": "True"
    },
    {
        "x": "367",
        "y": "110",
        "Time": "08:38:16.399",
        "InArea": "True"
    },
    {
        "x": "366",
        "y": "110",
        "Time": "08:38:16.445",
        "InArea": "True"
    },
    {
        "x": "365",
        "y": "108",
        "Time": "08:38:16.487",
        "InArea": "False"
    }
]