[
    {
        "x": "410",
        "y": "134",
        "Time": "08:39:36.456",
        "InArea": "True"
    },
    {
        "x": "408",
        "y": "133",
        "Time": "08:39:36.502",
        "InArea": "True"
    },
    {
        "x": "406",
        "y": "133",
        "Time": "08:39:36.544",
        "InArea": "True"
    },
    {
        "x": "405",
        "y": "133",
        "Time": "08:39:36.585",
        "InArea": "True"
    },
    {
        "x": "405",
        "y": "133",
        "Time": "08:39:36.623",
        "InArea": "True"
    },
    {
        "x": "405",
        "y": "133",
        "Time": "08:39:36.661",
        "InArea": "True"
    },
    {
        "x": "403",
        "y": "132",
        "Time": "08:39:36.703",
        "InArea": "True"
    },
    {
        "x": "401",
        "y": "131",
        "Time": "08:39:36.749",
        "InArea": "True"
    },
    {
        "x": "400",
        "y": "130",
        "Time": "08:39:36.791",
        "InArea": "True"
    },
    {
        "x": "400",
        "y": "130",
        "Time": "08:39:36.925",
        "InArea": "True"
    },
    {
        "x": "396",
        "y": "128",
        "Time": "08:39:36.976",
        "InArea": "True"
    },
    {
        "x": "394",
        "y": "127",
        "Time": "08:39:37.024",
        "InArea": "True"
    },
    {
        "x": "393",
        "y": "127",
        "Time": "08:39:37.068",
        "InArea": "True"
    },
    {
        "x": "391",
        "y": "125",
        "Time": "08:39:37.113",
        "InArea": "True"
    },
    {
        "x": "389",
        "y": "123",
        "Time": "08:39:37.162",
        "InArea": "True"
    },
    {
        "x": "388",
        "y": "122",
        "Time": "08:39:37.199",
        "InArea": "True"
    },
    {
        "x": "387",
        "y": "122",
        "Time": "08:39:37.245",
        "InArea": "True"
    },
    {
        "x": "384",
        "y": "121",
        "Time": "08:39:37.291",
        "InArea": "True"
    },
    {
        "x": "383",
        "y": "121",
        "Time": "08:39:37.333",
        "InArea": "True"
    },
    {
        "x": "380",
        "y": "120",
        "Time": "08:39:37.381",
        "InArea": "True"
    },
    {
        "x": "379",
        "y": "119",
        "Time": "08:39:37.422",
        "InArea": "True"
    },
    {
        "x": "377",
        "y": "118",
        "Time": "08:39:37.472",
        "InArea": "True"
    },
    {
        "x": "376",
        "y": "118",
        "Time": "08:39:37.523",
        "InArea": "True"
    },
    {
        "x": "375",
        "y": "117",
        "Time": "08:39:37.572",
        "InArea": "True"
    },
    {
        "x": "375",
        "y": "117",
        "Time": "08:39:37.667",
        "InArea": "True"
    },
    {
        "x": "373",
        "y": "115",
        "Time": "08:39:37.710",
        "InArea": "True"
    },
    {
        "x": "372",
        "y": "114",
        "Time": "08:39:37.766",
        "InArea": "True"
    },
    {
        "x": "371",
        "y": "114",
        "Time": "08:39:37.806",
        "InArea": "True"
    },
    {
        "x": "371",
        "y": "114",
        "Time": "08:39:37.857",
        "InArea": "True"
    },
    {
        "x": "369",
        "y": "112",
        "Time": "08:39:37.914",
        "InArea": "True"
    },
    {
        "x": "368",
        "y": "110",
        "Time": "08:39:37.959",
        "InArea": "False"
    },
    {
        "x": "367",
        "y": "109",
        "Time": "08:39:38.012",
        "InArea": "False"
    }
]