[
    {
        "x": "404",
        "y": "133",
        "Time": "08:35:08.570",
        "InArea": "True"
    },
    {
        "x": "404",
        "y": "133",
        "Time": "08:35:08.656",
        "InArea": "True"
    },
    {
        "x": "403",
        "y": "133",
        "Time": "08:35:08.706",
        "InArea": "True"
    },
    {
        "x": "402",
        "y": "133",
        "Time": "08:35:08.749",
        "InArea": "True"
    },
    {
        "x": "402",
        "y": "131",
        "Time": "08:35:08.790",
        "InArea": "True"
    },
    {
        "x": "402",
        "y": "130",
        "Time": "08:35:08.839",
        "InArea": "True"
    },
    {
        "x": "402",
        "y": "129",
        "Time": "08:35:08.888",
        "InArea": "True"
    },
    {
        "x": "400",
        "y": "128",
        "Time": "08:35:08.934",
        "InArea": "True"
    },
    {
        "x": "399",
        "y": "128",
        "Time": "08:35:08.979",
        "InArea": "True"
    },
    {
        "x": "398",
        "y": "128",
        "Time": "08:35:09.028",
        "InArea": "True"
    },
    {
        "x": "398",
        "y": "128",
        "Time": "08:35:09.080",
        "InArea": "True"
    },
    {
        "x": "394",
        "y": "127",
        "Time": "08:35:09.125",
        "InArea": "True"
    },
    {
        "x": "390",
        "y": "126",
        "Time": "08:35:09.171",
        "InArea": "True"
    },
    {
        "x": "388",
        "y": "125",
        "Time": "08:35:09.214",
        "InArea": "True"
    },
    {
        "x": "387",
        "y": "125",
        "Time": "08:35:09.256",
        "InArea": "True"
    },
    {
        "x": "385",
        "y": "123",
        "Time": "08:35:09.294",
        "InArea": "True"
    },
    {
        "x": "384",
        "y": "122",
        "Time": "08:35:09.339",
        "InArea": "True"
    },
    {
        "x": "381",
        "y": "121",
        "Time": "08:35:09.381",
        "InArea": "True"
    },
    {
        "x": "380",
        "y": "120",
        "Time": "08:35:09.427",
        "InArea": "True"
    },
    {
        "x": "379",
        "y": "120",
        "Time": "08:35:09.469",
        "InArea": "True"
    },
    {
        "x": "378",
        "y": "119",
        "Time": "08:35:09.511",
        "InArea": "True"
    },
    {
        "x": "377",
        "y": "119",
        "Time": "08:35:09.558",
        "InArea": "True"
    },
    {
        "x": "376",
        "y": "118",
        "Time": "08:35:09.600",
        "InArea": "True"
    },
    {
        "x": "376",
        "y": "118",
        "Time": "08:35:09.648",
        "InArea": "True"
    },
    {
        "x": "375",
        "y": "116",
        "Time": "08:35:09.693",
        "InArea": "True"
    },
    {
        "x": "374",
        "y": "115",
        "Time": "08:35:09.740",
        "InArea": "True"
    },
    {
        "x": "373",
        "y": "114",
        "Time": "08:35:09.788",
        "InArea": "True"
    },
    {
        "x": "373",
        "y": "114",
        "Time": "08:35:09.841",
        "InArea": "True"
    },
    {
        "x": "373",
        "y": "112",
        "Time": "08:35:09.894",
        "InArea": "True"
    },
    {
        "x": "373",
        "y": "111",
        "Time": "08:35:09.944",
        "InArea": "True"
    },
    {
        "x": "370",
        "y": "109",
        "Time": "08:35:09.987",
        "InArea": "False"
    },
    {
        "x": "369",
        "y": "108",
        "Time": "08:35:10.031",
        "InArea": "False"
    }
]