[
    {
        "x": "401",
        "y": "128",
        "Time": "09:38:04.970",
        "InArea": "True"
    },
    {
        "x": "400",
        "y": "128",
        "Time": "09:38:05.021",
        "InArea": "True"
    },
    {
        "x": "400",
        "y": "128",
        "Time": "09:38:05.128",
        "InArea": "True"
    },
    {
        "x": "400",
        "y": "126",
        "Time": "09:38:05.176",
        "InArea": "True"
    },
    {
        "x": "400",
        "y": "125",
        "Time": "09:38:05.221",
        "InArea": "True"
    },
    {
        "x": "400",
        "y": "125",
        "Time": "09:38:05.267",
        "InArea": "True"
    },
    {
        "x": "400",
        "y": "123",
        "Time": "09:38:05.313",
        "InArea": "True"
    },
    {
        "x": "400",
        "y": "122",
        "Time": "09:38:05.358",
        "InArea": "True"
    },
    {
        "x": "400",
        "y": "122",
        "Time": "09:38:05.399",
        "InArea": "True"
    },
    {
        "x": "400",
        "y": "122",
        "Time": "09:38:05.445",
        "InArea": "True"
    },
    {
        "x": "398",
        "y": "121",
        "Time": "09:38:05.493",
        "InArea": "True"
    },
    {
        "x": "397",
        "y": "121",
        "Time": "09:38:05.539",
        "InArea": "True"
    },
    {
        "x": "395",
        "y": "121",
        "Time": "09:38:05.581",
        "InArea": "True"
    },
    {
        "x": "394",
        "y": "121",
        "Time": "09:38:05.625",
        "InArea": "True"
    },
    {
        "x": "393",
        "y": "121",
        "Time": "09:38:05.669",
        "InArea": "True"
    },
    {
        "x": "389",
        "y": "120",
        "Time": "09:38:05.717",
        "InArea": "True"
    },
    {
        "x": "387",
        "y": "119",
        "Time": "09:38:05.765",
        "InArea": "True"
    },
    {
        "x": "386",
        "y": "118",
        "Time": "09:38:05.811",
        "InArea": "True"
    },
    {
        "x": "385",
        "y": "118",
        "Time": "09:38:05.869",
        "InArea": "True"
    },
    {
        "x": "384",
        "y": "118",
        "Time": "09:38:05.923",
        "InArea": "True"
    },
    {
        "x": "381",
        "y": "117",
        "Time": "09:38:05.968",
        "InArea": "True"
    },
    {
        "x": "379",
        "y": "117",
        "Time": "09:38:06.012",
        "InArea": "True"
    },
    {
        "x": "378",
        "y": "117",
        "Time": "09:38:06.065",
        "InArea": "True"
    },
    {
        "x": "376",
        "y": "117",
        "Time": "09:38:06.120",
        "InArea": "True"
    },
    {
        "x": "375",
        "y": "115",
        "Time": "09:38:06.167",
        "InArea": "True"
    },
    {
        "x": "374",
        "y": "114",
        "Time": "09:38:06.214",
        "InArea": "True"
    },
    {
        "x": "374",
        "y": "113",
        "Time": "09:38:06.260",
        "InArea": "True"
    },
    {
        "x": "372",
        "y": "112",
        "Time": "09:38:06.303",
        "InArea": "True"
    },
    {
        "x": "370",
        "y": "111",
        "Time": "09:38:06.350",
        "InArea": "True"
    },
    {
        "x": "369",
        "y": "110",
        "Time": "09:38:06.406",
        "InArea": "True"
    },
    {
        "x": "368",
        "y": "110",
        "Time": "09:38:06.452",
        "InArea": "True"
    },
    {
        "x": "366",
        "y": "108",
        "Time": "09:38:06.499",
        "InArea": "False"
    }
]