[
    {
        "x": "400",
        "y": "129",
        "Time": "09:46:07.440",
        "InArea": "True"
    },
    {
        "x": "398",
        "y": "128",
        "Time": "09:46:07.484",
        "InArea": "True"
    },
    {
        "x": "397",
        "y": "127",
        "Time": "09:46:07.524",
        "InArea": "True"
    },
    {
        "x": "397",
        "y": "127",
        "Time": "09:46:07.567",
        "InArea": "True"
    },
    {
        "x": "396",
        "y": "127",
        "Time": "09:46:07.610",
        "InArea": "True"
    },
    {
        "x": "393",
        "y": "126",
        "Time": "09:46:07.654",
        "InArea": "True"
    },
    {
        "x": "391",
        "y": "126",
        "Time": "09:46:07.700",
        "InArea": "True"
    },
    {
        "x": "390",
        "y": "126",
        "Time": "09:46:07.739",
        "InArea": "True"
    },
    {
        "x": "388",
        "y": "125",
        "Time": "09:46:07.788",
        "InArea": "True"
    },
    {
        "x": "386",
        "y": "124",
        "Time": "09:46:07.842",
        "InArea": "True"
    },
    {
        "x": "385",
        "y": "124",
        "Time": "09:46:07.894",
        "InArea": "True"
    },
    {
        "x": "384",
        "y": "124",
        "Time": "09:46:07.949",
        "InArea": "True"
    },
    {
        "x": "383",
        "y": "122",
        "Time": "09:46:07.994",
        "InArea": "True"
    },
    {
        "x": "381",
        "y": "121",
        "Time": "09:46:08.039",
        "InArea": "True"
    },
    {
        "x": "380",
        "y": "120",
        "Time": "09:46:08.084",
        "InArea": "True"
    },
    {
        "x": "379",
        "y": "120",
        "Time": "09:46:08.126",
        "InArea": "True"
    },
    {
        "x": "379",
        "y": "120",
        "Time": "09:46:08.171",
        "InArea": "True"
    },
    {
        "x": "377",
        "y": "119",
        "Time": "09:46:08.214",
        "InArea": "True"
    },
    {
        "x": "377",
        "y": "118",
        "Time": "09:46:08.259",
        "InArea": "True"
    },
    {
        "x": "377",
        "y": "117",
        "Time": "09:46:08.304",
        "InArea": "True"
    },
    {
        "x": "377",
        "y": "117",
        "Time": "09:46:08.351",
        "InArea": "True"
    },
    {
        "x": "376",
        "y": "117",
        "Time": "09:46:08.396",
        "InArea": "True"
    },
    {
        "x": "374",
        "y": "116",
        "Time": "09:46:08.440",
        "InArea": "True"
    },
    {
        "x": "373",
        "y": "116",
        "Time": "09:46:08.486",
        "InArea": "True"
    },
    {
        "x": "373",
        "y": "116",
        "Time": "09:46:08.534",
        "InArea": "True"
    },
    {
        "x": "372",
        "y": "115",
        "Time": "09:46:08.575",
        "InArea": "True"
    },
    {
        "x": "372",
        "y": "114",
        "Time": "09:46:08.624",
        "InArea": "True"
    },
    {
        "x": "371",
        "y": "113",
        "Time": "09:46:08.674",
        "InArea": "True"
    },
    {
        "x": "371",
        "y": "113",
        "Time": "09:46:08.760",
        "InArea": "True"
    },
    {
        "x": "369",
        "y": "111",
        "Time": "09:46:08.808",
        "InArea": "True"
    },
    {
        "x": "367",
        "y": "110",
        "Time": "09:46:08.853",
        "InArea": "False"
    },
    {
        "x": "366",
        "y": "109",
        "Time": "09:46:08.897",
        "InArea": "False"
    }
]