[
    {
        "x": "393",
        "y": "131",
        "Time": "08:31:57.007",
        "InArea": "True"
    },
    {
        "x": "393",
        "y": "131",
        "Time": "08:31:57.055",
        "InArea": "True"
    },
    {
        "x": "391",
        "y": "130",
        "Time": "08:31:57.101",
        "InArea": "True"
    },
    {
        "x": "390",
        "y": "129",
        "Time": "08:31:57.149",
        "InArea": "True"
    },
    {
        "x": "388",
        "y": "129",
        "Time": "08:31:57.197",
        "InArea": "True"
    },
    {
        "x": "387",
        "y": "129",
        "Time": "08:31:57.247",
        "InArea": "True"
    },
    {
        "x": "385",
        "y": "128",
        "Time": "08:31:57.296",
        "InArea": "True"
    },
    {
        "x": "384",
        "y": "127",
        "Time": "08:31:57.341",
        "InArea": "True"
    },
    {
        "x": "382",
        "y": "126",
        "Time": "08:31:57.388",
        "InArea": "True"
    },
    {
        "x": "381",
        "y": "126",
        "Time": "08:31:57.442",
        "InArea": "True"
    },
    {
        "x": "378",
        "y": "125",
        "Time": "08:31:57.496",
        "InArea": "True"
    },
    {
        "x": "377",
        "y": "124",
        "Time": "08:31:57.546",
        "InArea": "True"
    },
    {
        "x": "375",
        "y": "123",
        "Time": "08:31:57.588",
        "InArea": "True"
    },
    {
        "x": "374",
        "y": "122",
        "Time": "08:31:57.631",
        "InArea": "True"
    },
    {
        "x": "373",
        "y": "121",
        "Time": "08:31:57.680",
        "InArea": "True"
    },
    {
        "x": "373",
        "y": "121",
        "Time": "08:31:57.717",
        "InArea": "True"
    },
    {
        "x": "372",
        "y": "120",
        "Time": "08:31:57.768",
        "InArea": "True"
    },
    {
        "x": "372",
        "y": "119",
        "Time": "08:31:57.817",
        "InArea": "True"
    },
    {
        "x": "369",
        "y": "118",
        "Time": "08:31:57.859",
        "InArea": "True"
    },
    {
        "x": "368",
        "y": "118",
        "Time": "08:31:57.902",
        "InArea": "True"
    },
    {
        "x": "367",
        "y": "118",
        "Time": "08:31:57.945",
        "InArea": "True"
    },
    {
        "x": "366",
        "y": "117",
        "Time": "08:31:57.994",
        "InArea": "True"
    },
    {
        "x": "365",
        "y": "117",
        "Time": "08:31:58.035",
        "InArea": "True"
    },
    {
        "x": "364",
        "y": "116",
        "Time": "08:31:58.086",
        "InArea": "True"
    },
    {
        "x": "364",
        "y": "116",
        "Time": "08:31:58.132",
        "InArea": "True"
    },
    {
        "x": "363",
        "y": "116",
        "Time": "08:31:58.180",
        "InArea": "True"
    },
    {
        "x": "362",
        "y": "116",
        "Time": "08:31:58.224",
        "InArea": "True"
    },
    {
        "x": "361",
        "y": "114",
        "Time": "08:31:58.266",
        "InArea": "True"
    },
    {
        "x": "360",
        "y": "113",
        "Time": "08:31:58.310",
        "InArea": "True"
    },
    {
        "x": "360",
        "y": "112",
        "Time": "08:31:58.349",
        "InArea": "True"
    },
    {
        "x": "358",
        "y": "110",
        "Time": "08:31:58.397",
        "InArea": "False"
    },
    {
        "x": "357",
        "y": "109",
        "Time": "08:31:58.443",
        "InArea": "False"
    }
]