[
    {
        "x": "400",
        "y": "126",
        "Time": "13:51:23.743",
        "InArea": "True"
    },
    {
        "x": "399",
        "y": "125",
        "Time": "13:51:23.794",
        "InArea": "True"
    },
    {
        "x": "398",
        "y": "124",
        "Time": "13:51:23.836",
        "InArea": "True"
    },
    {
        "x": "398",
        "y": "124",
        "Time": "13:51:23.881",
        "InArea": "True"
    },
    {
        "x": "397",
        "y": "123",
        "Time": "13:51:23.936",
        "InArea": "True"
    },
    {
        "x": "397",
        "y": "122",
        "Time": "13:51:23.990",
        "InArea": "True"
    },
    {
        "x": "397",
        "y": "122",
        "Time": "13:51:24.050",
        "InArea": "True"
    },
    {
        "x": "396",
        "y": "122",
        "Time": "13:51:24.106",
        "InArea": "True"
    },
    {
        "x": "395",
        "y": "122",
        "Time": "13:51:24.154",
        "InArea": "True"
    },
    {
        "x": "394",
        "y": "122",
        "Time": "13:51:24.197",
        "InArea": "True"
    },
    {
        "x": "394",
        "y": "122",
        "Time": "13:51:24.284",
        "InArea": "True"
    },
    {
        "x": "393",
        "y": "121",
        "Time": "13:51:24.327",
        "InArea": "True"
    },
    {
        "x": "390",
        "y": "120",
        "Time": "13:51:24.380",
        "InArea": "True"
    },
    {
        "x": "389",
        "y": "119",
        "Time": "13:51:24.433",
        "InArea": "True"
    },
    {
        "x": "388",
        "y": "119",
        "Time": "13:51:24.481",
        "InArea": "True"
    },
    {
        "x": "386",
        "y": "119",
        "Time": "13:51:24.529",
        "InArea": "True"
    },
    {
        "x": "384",
        "y": "118",
        "Time": "13:51:24.585",
        "InArea": "True"
    },
    {
        "x": "383",
        "y": "117",
        "Time": "13:51:24.635",
        "InArea": "True"
    },
    {
        "x": "383",
        "y": "117",
        "Time": "13:51:24.675",
        "InArea": "True"
    },
    {
        "x": "381",
        "y": "116",
        "Time": "13:51:24.720",
        "InArea": "True"
    },
    {
        "x": "380",
        "y": "116",
        "Time": "13:51:24.758",
        "InArea": "True"
    },
    {
        "x": "379",
        "y": "116",
        "Time": "13:51:24.802",
        "InArea": "True"
    },
    {
        "x": "378",
        "y": "116",
        "Time": "13:51:24.849",
        "InArea": "True"
    },
    {
        "x": "378",
        "y": "116",
        "Time": "13:51:24.903",
        "InArea": "True"
    },
    {
        "x": "378",
        "y": "115",
        "Time": "13:51:24.942",
        "InArea": "True"
    },
    {
        "x": "377",
        "y": "115",
        "Time": "13:51:24.985",
        "InArea": "True"
    },
    {
        "x": "377",
        "y": "115",
        "Time": "13:51:25.075",
        "InArea": "True"
    },
    {
        "x": "375",
        "y": "112",
        "Time": "13:51:25.121",
        "InArea": "True"
    },
    {
        "x": "374",
        "y": "111",
        "Time": "13:51:25.167",
        "InArea": "True"
    },
    {
        "x": "374",
        "y": "110",
        "Time": "13:51:25.216",
        "InArea": "True"
    },
    {
        "x": "374",
        "y": "110",
        "Time": "13:51:25.298",
        "InArea": "True"
    },
    {
        "x": "373",
        "y": "109",
        "Time": "13:51:25.343",
        "InArea": "False"
    }
]