[
    {
        "x": "395",
        "y": "126",
        "Time": "08:43:42.925",
        "InArea": "True"
    },
    {
        "x": "395",
        "y": "126",
        "Time": "08:43:42.973",
        "InArea": "True"
    },
    {
        "x": "395",
        "y": "126",
        "Time": "08:43:43.022",
        "InArea": "True"
    },
    {
        "x": "395",
        "y": "126",
        "Time": "08:43:43.059",
        "InArea": "True"
    },
    {
        "x": "394",
        "y": "126",
        "Time": "08:43:43.100",
        "InArea": "True"
    },
    {
        "x": "393",
        "y": "125",
        "Time": "08:43:43.147",
        "InArea": "True"
    },
    {
        "x": "392",
        "y": "125",
        "Time": "08:43:43.189",
        "InArea": "True"
    },
    {
        "x": "392",
        "y": "125",
        "Time": "08:43:43.243",
        "InArea": "True"
    },
    {
        "x": "392",
        "y": "124",
        "Time": "08:43:43.295",
        "InArea": "True"
    },
    {
        "x": "392",
        "y": "124",
        "Time": "08:43:43.429",
        "InArea": "True"
    },
    {
        "x": "391",
        "y": "124",
        "Time": "08:43:43.475",
        "InArea": "True"
    },
    {
        "x": "390",
        "y": "124",
        "Time": "08:43:43.517",
        "InArea": "True"
    },
    {
        "x": "389",
        "y": "123",
        "Time": "08:43:43.561",
        "InArea": "True"
    },
    {
        "x": "389",
        "y": "123",
        "Time": "08:43:43.650",
        "InArea": "True"
    },
    {
        "x": "388",
        "y": "122",
        "Time": "08:43:43.697",
        "InArea": "True"
    },
    {
        "x": "387",
        "y": "121",
        "Time": "08:43:43.743",
        "InArea": "True"
    },
    {
        "x": "386",
        "y": "120",
        "Time": "08:43:43.790",
        "InArea": "True"
    },
    {
        "x": "386",
        "y": "120",
        "Time": "08:43:43.834",
        "InArea": "True"
    },
    {
        "x": "386",
        "y": "119",
        "Time": "08:43:43.884",
        "InArea": "True"
    },
    {
        "x": "386",
        "y": "118",
        "Time": "08:43:43.933",
        "InArea": "True"
    },
    {
        "x": "384",
        "y": "118",
        "Time": "08:43:43.974",
        "InArea": "True"
    },
    {
        "x": "383",
        "y": "118",
        "Time": "08:43:44.017",
        "InArea": "True"
    },
    {
        "x": "383",
        "y": "117",
        "Time": "08:43:44.069",
        "InArea": "True"
    },
    {
        "x": "383",
        "y": "117",
        "Time": "08:43:44.119",
        "InArea": "True"
    },
    {
        "x": "382",
        "y": "116",
        "Time": "08:43:44.176",
        "InArea": "True"
    },
    {
        "x": "381",
        "y": "116",
        "Time": "08:43:44.226",
        "InArea": "True"
    },
    {
        "x": "381",
        "y": "116",
        "Time": "08:43:44.272",
        "InArea": "True"
    },
    {
        "x": "379",
        "y": "115",
        "Time": "08:43:44.325",
        "InArea": "True"
    },
    {
        "x": "379",
        "y": "113",
        "Time": "08:43:44.379",
        "InArea": "True"
    },
    {
        "x": "379",
        "y": "112",
        "Time": "08:43:44.427",
        "InArea": "True"
    },
    {
        "x": "377",
        "y": "110",
        "Time": "08:43:44.469",
        "InArea": "False"
    },
    {
        "x": "376",
        "y": "109",
        "Time": "08:43:44.516",
        "InArea": "False"
    }
]