[
    {
        "x": "396",
        "y": "133",
        "Time": "08:18:27.260",
        "InArea": "True"
    },
    {
        "x": "396",
        "y": "133",
        "Time": "08:18:27.350",
        "InArea": "True"
    },
    {
        "x": "395",
        "y": "132",
        "Time": "08:18:27.399",
        "InArea": "True"
    },
    {
        "x": "394",
        "y": "132",
        "Time": "08:18:27.437",
        "InArea": "True"
    },
    {
        "x": "393",
        "y": "132",
        "Time": "08:18:27.483",
        "InArea": "True"
    },
    {
        "x": "393",
        "y": "132",
        "Time": "08:18:27.589",
        "InArea": "True"
    },
    {
        "x": "392",
        "y": "131",
        "Time": "08:18:27.635",
        "InArea": "True"
    },
    {
        "x": "391",
        "y": "130",
        "Time": "08:18:27.683",
        "InArea": "True"
    },
    {
        "x": "390",
        "y": "129",
        "Time": "08:18:27.730",
        "InArea": "True"
    },
    {
        "x": "390",
        "y": "129",
        "Time": "08:18:27.790",
        "InArea": "True"
    },
    {
        "x": "387",
        "y": "128",
        "Time": "08:18:27.836",
        "InArea": "True"
    },
    {
        "x": "386",
        "y": "127",
        "Time": "08:18:27.891",
        "InArea": "True"
    },
    {
        "x": "385",
        "y": "126",
        "Time": "08:18:27.944",
        "InArea": "True"
    },
    {
        "x": "382",
        "y": "125",
        "Time": "08:18:27.996",
        "InArea": "True"
    },
    {
        "x": "381",
        "y": "124",
        "Time": "08:18:28.038",
        "InArea": "True"
    },
    {
        "x": "380",
        "y": "124",
        "Time": "08:18:28.083",
        "InArea": "True"
    },
    {
        "x": "378",
        "y": "123",
        "Time": "08:18:28.130",
        "InArea": "True"
    },
    {
        "x": "377",
        "y": "123",
        "Time": "08:18:28.174",
        "InArea": "True"
    },
    {
        "x": "376",
        "y": "121",
        "Time": "08:18:28.221",
        "InArea": "True"
    },
    {
        "x": "375",
        "y": "120",
        "Time": "08:18:28.267",
        "InArea": "True"
    },
    {
        "x": "373",
        "y": "120",
        "Time": "08:18:28.312",
        "InArea": "True"
    },
    {
        "x": "372",
        "y": "120",
        "Time": "08:18:28.358",
        "InArea": "True"
    },
    {
        "x": "372",
        "y": "118",
        "Time": "08:18:28.408",
        "InArea": "True"
    },
    {
        "x": "372",
        "y": "117",
        "Time": "08:18:28.461",
        "InArea": "True"
    },
    {
        "x": "371",
        "y": "116",
        "Time": "08:18:28.507",
        "InArea": "True"
    },
    {
        "x": "371",
        "y": "115",
        "Time": "08:18:28.558",
        "InArea": "True"
    },
    {
        "x": "371",
        "y": "114",
        "Time": "08:18:28.607",
        "InArea": "True"
    },
    {
        "x": "371",
        "y": "114",
        "Time": "08:18:28.657",
        "InArea": "True"
    },
    {
        "x": "369",
        "y": "112",
        "Time": "08:18:28.719",
        "InArea": "True"
    },
    {
        "x": "368",
        "y": "111",
        "Time": "08:18:28.764",
        "InArea": "True"
    },
    {
        "x": "367",
        "y": "110",
        "Time": "08:18:28.808",
        "InArea": "False"
    },
    {
        "x": "367",
        "y": "109",
        "Time": "08:18:28.860",
        "InArea": "False"
    }
]