[
    {
        "x": "393",
        "y": "120",
        "Time": "08:56:12.552",
        "InArea": "True"
    },
    {
        "x": "392",
        "y": "120",
        "Time": "08:56:12.593",
        "InArea": "True"
    },
    {
        "x": "392",
        "y": "120",
        "Time": "08:56:12.647",
        "InArea": "True"
    },
    {
        "x": "392",
        "y": "120",
        "Time": "08:56:12.689",
        "InArea": "True"
    },
    {
        "x": "392",
        "y": "120",
        "Time": "08:56:12.794",
        "InArea": "True"
    },
    {
        "x": "392",
        "y": "119",
        "Time": "08:56:12.838",
        "InArea": "True"
    },
    {
        "x": "392",
        "y": "119",
        "Time": "08:56:12.878",
        "InArea": "True"
    },
    {
        "x": "392",
        "y": "119",
        "Time": "08:56:12.920",
        "InArea": "True"
    },
    {
        "x": "390",
        "y": "120",
        "Time": "08:56:12.963",
        "InArea": "True"
    },
    {
        "x": "389",
        "y": "120",
        "Time": "08:56:13.008",
        "InArea": "True"
    },
    {
        "x": "388",
        "y": "120",
        "Time": "08:56:13.053",
        "InArea": "True"
    },
    {
        "x": "388",
        "y": "120",
        "Time": "08:56:13.097",
        "InArea": "True"
    },
    {
        "x": "388",
        "y": "120",
        "Time": "08:56:13.150",
        "InArea": "True"
    },
    {
        "x": "389",
        "y": "120",
        "Time": "08:56:13.202",
        "InArea": "True"
    },
    {
        "x": "388",
        "y": "120",
        "Time": "08:56:13.254",
        "InArea": "True"
    },
    {
        "x": "387",
        "y": "120",
        "Time": "08:56:13.308",
        "InArea": "True"
    },
    {
        "x": "385",
        "y": "120",
        "Time": "08:56:13.365",
        "InArea": "True"
    },
    {
        "x": "384",
        "y": "120",
        "Time": "08:56:13.406",
        "InArea": "True"
    },
    {
        "x": "382",
        "y": "120",
        "Time": "08:56:13.463",
        "InArea": "True"
    },
    {
        "x": "381",
        "y": "120",
        "Time": "08:56:13.504",
        "InArea": "True"
    },
    {
        "x": "380",
        "y": "118",
        "Time": "08:56:13.553",
        "InArea": "True"
    },
    {
        "x": "380",
        "y": "117",
        "Time": "08:56:13.604",
        "InArea": "True"
    },
    {
        "x": "379",
        "y": "115",
        "Time": "08:56:13.644",
        "InArea": "True"
    },
    {
        "x": "378",
        "y": "114",
        "Time": "08:56:13.687",
        "InArea": "True"
    },
    {
        "x": "378",
        "y": "114",
        "Time": "08:56:13.735",
        "InArea": "True"
    },
    {
        "x": "377",
        "y": "113",
        "Time": "08:56:13.779",
        "InArea": "True"
    },
    {
        "x": "376",
        "y": "111",
        "Time": "08:56:13.819",
        "InArea": "True"
    },
    {
        "x": "376",
        "y": "110",
        "Time": "08:56:13.864",
        "InArea": "True"
    },
    {
        "x": "376",
        "y": "110",
        "Time": "08:56:13.911",
        "InArea": "True"
    },
    {
        "x": "374",
        "y": "110",
        "Time": "08:56:13.955",
        "InArea": "True"
    },
    {
        "x": "373",
        "y": "110",
        "Time": "08:56:14.000",
        "InArea": "True"
    },
    {
        "x": "372",
        "y": "109",
        "Time": "08:56:14.047",
        "InArea": "False"
    }
]