[
    {
        "x": "415",
        "y": "138",
        "Time": "09:04:13.244",
        "InArea": "True"
    },
    {
        "x": "415",
        "y": "138",
        "Time": "09:04:13.286",
        "InArea": "True"
    },
    {
        "x": "415",
        "y": "138",
        "Time": "09:04:13.336",
        "InArea": "True"
    },
    {
        "x": "415",
        "y": "138",
        "Time": "09:04:13.385",
        "InArea": "True"
    },
    {
        "x": "413",
        "y": "136",
        "Time": "09:04:13.423",
        "InArea": "True"
    },
    {
        "x": "412",
        "y": "135",
        "Time": "09:04:13.470",
        "InArea": "True"
    },
    {
        "x": "409",
        "y": "134",
        "Time": "09:04:13.516",
        "InArea": "True"
    },
    {
        "x": "408",
        "y": "134",
        "Time": "09:04:13.561",
        "InArea": "True"
    },
    {
        "x": "407",
        "y": "134",
        "Time": "09:04:13.606",
        "InArea": "True"
    },
    {
        "x": "405",
        "y": "133",
        "Time": "09:04:13.651",
        "InArea": "True"
    },
    {
        "x": "404",
        "y": "132",
        "Time": "09:04:13.695",
        "InArea": "True"
    },
    {
        "x": "403",
        "y": "131",
        "Time": "09:04:13.744",
        "InArea": "True"
    },
    {
        "x": "403",
        "y": "131",
        "Time": "09:04:13.785",
        "InArea": "True"
    },
    {
        "x": "401",
        "y": "130",
        "Time": "09:04:13.830",
        "InArea": "True"
    },
    {
        "x": "400",
        "y": "130",
        "Time": "09:04:13.871",
        "InArea": "True"
    },
    {
        "x": "397",
        "y": "129",
        "Time": "09:04:13.915",
        "InArea": "True"
    },
    {
        "x": "396",
        "y": "128",
        "Time": "09:04:13.966",
        "InArea": "True"
    },
    {
        "x": "393",
        "y": "126",
        "Time": "09:04:14.014",
        "InArea": "True"
    },
    {
        "x": "392",
        "y": "125",
        "Time": "09:04:14.056",
        "InArea": "True"
    },
    {
        "x": "391",
        "y": "125",
        "Time": "09:04:14.097",
        "InArea": "True"
    },
    {
        "x": "388",
        "y": "124",
        "Time": "09:04:14.149",
        "InArea": "True"
    },
    {
        "x": "386",
        "y": "123",
        "Time": "09:04:14.199",
        "InArea": "True"
    },
    {
        "x": "383",
        "y": "122",
        "Time": "09:04:14.249",
        "InArea": "True"
    },
    {
        "x": "381",
        "y": "121",
        "Time": "09:04:14.289",
        "InArea": "True"
    },
    {
        "x": "379",
        "y": "119",
        "Time": "09:04:14.332",
        "InArea": "True"
    },
    {
        "x": "378",
        "y": "118",
        "Time": "09:04:14.375",
        "InArea": "True"
    },
    {
        "x": "377",
        "y": "116",
        "Time": "09:04:14.419",
        "InArea": "True"
    },
    {
        "x": "376",
        "y": "115",
        "Time": "09:04:14.468",
        "InArea": "True"
    },
    {
        "x": "374",
        "y": "112",
        "Time": "09:04:14.518",
        "InArea": "True"
    },
    {
        "x": "373",
        "y": "111",
        "Time": "09:04:14.563",
        "InArea": "True"
    },
    {
        "x": "370",
        "y": "109",
        "Time": "09:04:14.607",
        "InArea": "False"
    },
    {
        "x": "368",
        "y": "108",
        "Time": "09:04:14.651",
        "InArea": "False"
    }
]