[
    {
        "x": "394",
        "y": "131",
        "Time": "08:57:14.380",
        "InArea": "True"
    },
    {
        "x": "393",
        "y": "130",
        "Time": "08:57:14.424",
        "InArea": "True"
    },
    {
        "x": "392",
        "y": "130",
        "Time": "08:57:14.465",
        "InArea": "True"
    },
    {
        "x": "392",
        "y": "130",
        "Time": "08:57:14.512",
        "InArea": "True"
    },
    {
        "x": "391",
        "y": "129",
        "Time": "08:57:14.573",
        "InArea": "True"
    },
    {
        "x": "390",
        "y": "128",
        "Time": "08:57:14.625",
        "InArea": "True"
    },
    {
        "x": "390",
        "y": "127",
        "Time": "08:57:14.669",
        "InArea": "True"
    },
    {
        "x": "390",
        "y": "127",
        "Time": "08:57:14.714",
        "InArea": "True"
    },
    {
        "x": "390",
        "y": "126",
        "Time": "08:57:14.759",
        "InArea": "True"
    },
    {
        "x": "390",
        "y": "126",
        "Time": "08:57:14.805",
        "InArea": "True"
    },
    {
        "x": "388",
        "y": "125",
        "Time": "08:57:14.852",
        "InArea": "True"
    },
    {
        "x": "387",
        "y": "124",
        "Time": "08:57:14.891",
        "InArea": "True"
    },
    {
        "x": "384",
        "y": "123",
        "Time": "08:57:14.945",
        "InArea": "True"
    },
    {
        "x": "383",
        "y": "122",
        "Time": "08:57:14.993",
        "InArea": "True"
    },
    {
        "x": "382",
        "y": "122",
        "Time": "08:57:15.030",
        "InArea": "True"
    },
    {
        "x": "381",
        "y": "122",
        "Time": "08:57:15.078",
        "InArea": "True"
    },
    {
        "x": "381",
        "y": "122",
        "Time": "08:57:15.158",
        "InArea": "True"
    },
    {
        "x": "380",
        "y": "121",
        "Time": "08:57:15.208",
        "InArea": "True"
    },
    {
        "x": "379",
        "y": "120",
        "Time": "08:57:15.250",
        "InArea": "True"
    },
    {
        "x": "379",
        "y": "119",
        "Time": "08:57:15.296",
        "InArea": "True"
    },
    {
        "x": "379",
        "y": "119",
        "Time": "08:57:15.339",
        "InArea": "True"
    },
    {
        "x": "377",
        "y": "117",
        "Time": "08:57:15.393",
        "InArea": "True"
    },
    {
        "x": "376",
        "y": "116",
        "Time": "08:57:15.450",
        "InArea": "True"
    },
    {
        "x": "375",
        "y": "116",
        "Time": "08:57:15.490",
        "InArea": "True"
    },
    {
        "x": "375",
        "y": "116",
        "Time": "08:57:15.537",
        "InArea": "True"
    },
    {
        "x": "373",
        "y": "115",
        "Time": "08:57:15.586",
        "InArea": "True"
    },
    {
        "x": "372",
        "y": "113",
        "Time": "08:57:15.631",
        "InArea": "True"
    },
    {
        "x": "371",
        "y": "112",
        "Time": "08:57:15.679",
        "InArea": "True"
    },
    {
        "x": "371",
        "y": "112",
        "Time": "08:57:15.732",
        "InArea": "True"
    },
    {
        "x": "372",
        "y": "111",
        "Time": "08:57:15.780",
        "InArea": "True"
    },
    {
        "x": "372",
        "y": "110",
        "Time": "08:57:15.822",
        "InArea": "False"
    },
    {
        "x": "372",
        "y": "109",
        "Time": "08:57:15.863",
        "InArea": "False"
    }
]