[
    {
        "x": "395",
        "y": "133",
        "Time": "09:13:00.815",
        "InArea": "True"
    },
    {
        "x": "393",
        "y": "132",
        "Time": "09:13:00.862",
        "InArea": "True"
    },
    {
        "x": "391",
        "y": "130",
        "Time": "09:13:00.905",
        "InArea": "True"
    },
    {
        "x": "390",
        "y": "129",
        "Time": "09:13:00.950",
        "InArea": "True"
    },
    {
        "x": "389",
        "y": "129",
        "Time": "09:13:00.990",
        "InArea": "True"
    },
    {
        "x": "388",
        "y": "128",
        "Time": "09:13:01.037",
        "InArea": "True"
    },
    {
        "x": "387",
        "y": "127",
        "Time": "09:13:01.085",
        "InArea": "True"
    },
    {
        "x": "385",
        "y": "127",
        "Time": "09:13:01.140",
        "InArea": "True"
    },
    {
        "x": "384",
        "y": "127",
        "Time": "09:13:01.179",
        "InArea": "True"
    },
    {
        "x": "384",
        "y": "125",
        "Time": "09:13:01.229",
        "InArea": "True"
    },
    {
        "x": "384",
        "y": "124",
        "Time": "09:13:01.271",
        "InArea": "True"
    },
    {
        "x": "382",
        "y": "124",
        "Time": "09:13:01.323",
        "InArea": "True"
    },
    {
        "x": "381",
        "y": "124",
        "Time": "09:13:01.378",
        "InArea": "True"
    },
    {
        "x": "380",
        "y": "122",
        "Time": "09:13:01.420",
        "InArea": "True"
    },
    {
        "x": "379",
        "y": "121",
        "Time": "09:13:01.462",
        "InArea": "True"
    },
    {
        "x": "378",
        "y": "121",
        "Time": "09:13:01.503",
        "InArea": "True"
    },
    {
        "x": "378",
        "y": "121",
        "Time": "09:13:01.674",
        "InArea": "True"
    },
    {
        "x": "376",
        "y": "120",
        "Time": "09:13:01.714",
        "InArea": "True"
    },
    {
        "x": "375",
        "y": "120",
        "Time": "09:13:01.755",
        "InArea": "True"
    },
    {
        "x": "375",
        "y": "120",
        "Time": "09:13:01.797",
        "InArea": "True"
    },
    {
        "x": "374",
        "y": "118",
        "Time": "09:13:01.838",
        "InArea": "True"
    },
    {
        "x": "374",
        "y": "117",
        "Time": "09:13:01.883",
        "InArea": "True"
    },
    {
        "x": "374",
        "y": "116",
        "Time": "09:13:01.926",
        "InArea": "True"
    },
    {
        "x": "374",
        "y": "116",
        "Time": "09:13:01.968",
        "InArea": "True"
    },
    {
        "x": "373",
        "y": "115",
        "Time": "09:13:02.015",
        "InArea": "True"
    },
    {
        "x": "372",
        "y": "114",
        "Time": "09:13:02.067",
        "InArea": "True"
    },
    {
        "x": "372",
        "y": "114",
        "Time": "09:13:02.201",
        "InArea": "True"
    },
    {
        "x": "370",
        "y": "112",
        "Time": "09:13:02.241",
        "InArea": "True"
    },
    {
        "x": "368",
        "y": "111",
        "Time": "09:13:02.285",
        "InArea": "True"
    },
    {
        "x": "367",
        "y": "110",
        "Time": "09:13:02.332",
        "InArea": "True"
    },
    {
        "x": "366",
        "y": "110",
        "Time": "09:13:02.384",
        "InArea": "True"
    },
    {
        "x": "365",
        "y": "109",
        "Time": "09:13:02.437",
        "InArea": "False"
    }
]