[
    {
        "x": "405",
        "y": "130",
        "Time": "14:09:41.261",
        "InArea": "True"
    },
    {
        "x": "405",
        "y": "129",
        "Time": "14:09:41.302",
        "InArea": "True"
    },
    {
        "x": "405",
        "y": "129",
        "Time": "14:09:41.345",
        "InArea": "True"
    },
    {
        "x": "405",
        "y": "128",
        "Time": "14:09:41.392",
        "InArea": "True"
    },
    {
        "x": "405",
        "y": "128",
        "Time": "14:09:41.431",
        "InArea": "True"
    },
    {
        "x": "404",
        "y": "127",
        "Time": "14:09:41.476",
        "InArea": "True"
    },
    {
        "x": "403",
        "y": "127",
        "Time": "14:09:41.526",
        "InArea": "True"
    },
    {
        "x": "403",
        "y": "127",
        "Time": "14:09:41.570",
        "InArea": "True"
    },
    {
        "x": "401",
        "y": "126",
        "Time": "14:09:41.612",
        "InArea": "True"
    },
    {
        "x": "399",
        "y": "125",
        "Time": "14:09:41.652",
        "InArea": "True"
    },
    {
        "x": "398",
        "y": "125",
        "Time": "14:09:41.697",
        "InArea": "True"
    },
    {
        "x": "397",
        "y": "125",
        "Time": "14:09:41.741",
        "InArea": "True"
    },
    {
        "x": "397",
        "y": "125",
        "Time": "14:09:41.780",
        "InArea": "True"
    },
    {
        "x": "396",
        "y": "123",
        "Time": "14:09:41.827",
        "InArea": "True"
    },
    {
        "x": "396",
        "y": "121",
        "Time": "14:09:41.874",
        "InArea": "True"
    },
    {
        "x": "396",
        "y": "120",
        "Time": "14:09:41.923",
        "InArea": "True"
    },
    {
        "x": "396",
        "y": "120",
        "Time": "14:09:41.970",
        "InArea": "True"
    },
    {
        "x": "392",
        "y": "120",
        "Time": "14:09:42.014",
        "InArea": "True"
    },
    {
        "x": "388",
        "y": "119",
        "Time": "14:09:42.064",
        "InArea": "True"
    },
    {
        "x": "386",
        "y": "118",
        "Time": "14:09:42.116",
        "InArea": "True"
    },
    {
        "x": "385",
        "y": "118",
        "Time": "14:09:42.170",
        "InArea": "True"
    },
    {
        "x": "383",
        "y": "118",
        "Time": "14:09:42.220",
        "InArea": "True"
    },
    {
        "x": "380",
        "y": "118",
        "Time": "14:09:42.271",
        "InArea": "True"
    },
    {
        "x": "379",
        "y": "118",
        "Time": "14:09:42.317",
        "InArea": "True"
    },
    {
        "x": "378",
        "y": "118",
        "Time": "14:09:42.369",
        "InArea": "True"
    },
    {
        "x": "378",
        "y": "116",
        "Time": "14:09:42.419",
        "InArea": "True"
    },
    {
        "x": "376",
        "y": "114",
        "Time": "14:09:42.465",
        "InArea": "True"
    },
    {
        "x": "375",
        "y": "113",
        "Time": "14:09:42.513",
        "InArea": "True"
    },
    {
        "x": "375",
        "y": "113",
        "Time": "14:09:42.555",
        "InArea": "True"
    },
    {
        "x": "373",
        "y": "112",
        "Time": "14:09:42.596",
        "InArea": "True"
    },
    {
        "x": "372",
        "y": "110",
        "Time": "14:09:42.640",
        "InArea": "False"
    },
    {
        "x": "372",
        "y": "109",
        "Time": "14:09:42.683",
        "InArea": "False"
    }
]