[
    {
        "x": "404",
        "y": "133",
        "Time": "08:04:25.229",
        "InArea": "True"
    },
    {
        "x": "404",
        "y": "133",
        "Time": "08:04:25.276",
        "InArea": "True"
    },
    {
        "x": "404",
        "y": "133",
        "Time": "08:04:25.315",
        "InArea": "True"
    },
    {
        "x": "402",
        "y": "132",
        "Time": "08:04:25.363",
        "InArea": "True"
    },
    {
        "x": "401",
        "y": "131",
        "Time": "08:04:25.406",
        "InArea": "True"
    },
    {
        "x": "399",
        "y": "131",
        "Time": "08:04:25.449",
        "InArea": "True"
    },
    {
        "x": "398",
        "y": "131",
        "Time": "08:04:25.491",
        "InArea": "True"
    },
    {
        "x": "396",
        "y": "130",
        "Time": "08:04:25.536",
        "InArea": "True"
    },
    {
        "x": "395",
        "y": "129",
        "Time": "08:04:25.577",
        "InArea": "True"
    },
    {
        "x": "393",
        "y": "128",
        "Time": "08:04:25.624",
        "InArea": "True"
    },
    {
        "x": "392",
        "y": "127",
        "Time": "08:04:25.662",
        "InArea": "True"
    },
    {
        "x": "392",
        "y": "127",
        "Time": "08:04:25.707",
        "InArea": "True"
    },
    {
        "x": "390",
        "y": "126",
        "Time": "08:04:25.754",
        "InArea": "True"
    },
    {
        "x": "389",
        "y": "126",
        "Time": "08:04:25.796",
        "InArea": "True"
    },
    {
        "x": "387",
        "y": "124",
        "Time": "08:04:25.846",
        "InArea": "True"
    },
    {
        "x": "386",
        "y": "123",
        "Time": "08:04:25.895",
        "InArea": "True"
    },
    {
        "x": "383",
        "y": "121",
        "Time": "08:04:25.940",
        "InArea": "True"
    },
    {
        "x": "382",
        "y": "120",
        "Time": "08:04:25.980",
        "InArea": "True"
    },
    {
        "x": "379",
        "y": "120",
        "Time": "08:04:26.036",
        "InArea": "True"
    },
    {
        "x": "378",
        "y": "120",
        "Time": "08:04:26.091",
        "InArea": "True"
    },
    {
        "x": "377",
        "y": "119",
        "Time": "08:04:26.142",
        "InArea": "True"
    },
    {
        "x": "376",
        "y": "119",
        "Time": "08:04:26.185",
        "InArea": "True"
    },
    {
        "x": "375",
        "y": "117",
        "Time": "08:04:26.242",
        "InArea": "True"
    },
    {
        "x": "375",
        "y": "116",
        "Time": "08:04:26.284",
        "InArea": "True"
    },
    {
        "x": "373",
        "y": "115",
        "Time": "08:04:26.329",
        "InArea": "True"
    },
    {
        "x": "372",
        "y": "114",
        "Time": "08:04:26.372",
        "InArea": "True"
    },
    {
        "x": "372",
        "y": "113",
        "Time": "08:04:26.430",
        "InArea": "True"
    },
    {
        "x": "372",
        "y": "113",
        "Time": "08:04:26.481",
        "InArea": "True"
    },
    {
        "x": "372",
        "y": "113",
        "Time": "08:04:26.525",
        "InArea": "True"
    },
    {
        "x": "371",
        "y": "111",
        "Time": "08:04:26.571",
        "InArea": "False"
    },
    {
        "x": "368",
        "y": "109",
        "Time": "08:04:26.619",
        "InArea": "False"
    },
    {
        "x": "367",
        "y": "108",
        "Time": "08:04:26.669",
        "InArea": "False"
    }
]