[
    {
        "x": "405",
        "y": "129",
        "Time": "09:06:13.497",
        "InArea": "True"
    },
    {
        "x": "404",
        "y": "129",
        "Time": "09:06:13.538",
        "InArea": "True"
    },
    {
        "x": "403",
        "y": "129",
        "Time": "09:06:13.583",
        "InArea": "True"
    },
    {
        "x": "403",
        "y": "128",
        "Time": "09:06:13.630",
        "InArea": "True"
    },
    {
        "x": "403",
        "y": "126",
        "Time": "09:06:13.685",
        "InArea": "True"
    },
    {
        "x": "403",
        "y": "125",
        "Time": "09:06:13.731",
        "InArea": "True"
    },
    {
        "x": "403",
        "y": "125",
        "Time": "09:06:13.777",
        "InArea": "True"
    },
    {
        "x": "400",
        "y": "124",
        "Time": "09:06:13.814",
        "InArea": "True"
    },
    {
        "x": "399",
        "y": "124",
        "Time": "09:06:13.860",
        "InArea": "True"
    },
    {
        "x": "398",
        "y": "124",
        "Time": "09:06:13.901",
        "InArea": "True"
    },
    {
        "x": "396",
        "y": "124",
        "Time": "09:06:13.952",
        "InArea": "True"
    },
    {
        "x": "394",
        "y": "123",
        "Time": "09:06:13.998",
        "InArea": "True"
    },
    {
        "x": "393",
        "y": "122",
        "Time": "09:06:14.045",
        "InArea": "True"
    },
    {
        "x": "393",
        "y": "122",
        "Time": "09:06:14.087",
        "InArea": "True"
    },
    {
        "x": "392",
        "y": "121",
        "Time": "09:06:14.132",
        "InArea": "True"
    },
    {
        "x": "392",
        "y": "120",
        "Time": "09:06:14.180",
        "InArea": "True"
    },
    {
        "x": "390",
        "y": "120",
        "Time": "09:06:14.228",
        "InArea": "True"
    },
    {
        "x": "389",
        "y": "120",
        "Time": "09:06:14.275",
        "InArea": "True"
    },
    {
        "x": "386",
        "y": "119",
        "Time": "09:06:14.319",
        "InArea": "True"
    },
    {
        "x": "384",
        "y": "119",
        "Time": "09:06:14.368",
        "InArea": "True"
    },
    {
        "x": "383",
        "y": "119",
        "Time": "09:06:14.410",
        "InArea": "True"
    },
    {
        "x": "381",
        "y": "118",
        "Time": "09:06:14.457",
        "InArea": "True"
    },
    {
        "x": "379",
        "y": "116",
        "Time": "09:06:14.503",
        "InArea": "True"
    },
    {
        "x": "378",
        "y": "115",
        "Time": "09:06:14.546",
        "InArea": "True"
    },
    {
        "x": "377",
        "y": "114",
        "Time": "09:06:14.599",
        "InArea": "True"
    },
    {
        "x": "376",
        "y": "113",
        "Time": "09:06:14.648",
        "InArea": "True"
    },
    {
        "x": "376",
        "y": "113",
        "Time": "09:06:14.698",
        "InArea": "True"
    },
    {
        "x": "375",
        "y": "111",
        "Time": "09:06:14.745",
        "InArea": "True"
    },
    {
        "x": "374",
        "y": "110",
        "Time": "09:06:14.790",
        "InArea": "True"
    },
    {
        "x": "373",
        "y": "110",
        "Time": "09:06:14.837",
        "InArea": "True"
    },
    {
        "x": "372",
        "y": "110",
        "Time": "09:06:14.883",
        "InArea": "True"
    },
    {
        "x": "371",
        "y": "109",
        "Time": "09:06:14.923",
        "InArea": "False"
    }
]