[
    {
        "x": "397",
        "y": "132",
        "Time": "08:26:21.171",
        "InArea": "True"
    },
    {
        "x": "397",
        "y": "132",
        "Time": "08:26:21.214",
        "InArea": "True"
    },
    {
        "x": "397",
        "y": "132",
        "Time": "08:26:21.255",
        "InArea": "True"
    },
    {
        "x": "395",
        "y": "132",
        "Time": "08:26:21.296",
        "InArea": "True"
    },
    {
        "x": "394",
        "y": "132",
        "Time": "08:26:21.351",
        "InArea": "True"
    },
    {
        "x": "395",
        "y": "132",
        "Time": "08:26:21.403",
        "InArea": "True"
    },
    {
        "x": "395",
        "y": "132",
        "Time": "08:26:21.449",
        "InArea": "True"
    },
    {
        "x": "393",
        "y": "131",
        "Time": "08:26:21.493",
        "InArea": "True"
    },
    {
        "x": "392",
        "y": "130",
        "Time": "08:26:21.536",
        "InArea": "True"
    },
    {
        "x": "391",
        "y": "129",
        "Time": "08:26:21.582",
        "InArea": "True"
    },
    {
        "x": "390",
        "y": "129",
        "Time": "08:26:21.625",
        "InArea": "True"
    },
    {
        "x": "388",
        "y": "128",
        "Time": "08:26:21.664",
        "InArea": "True"
    },
    {
        "x": "387",
        "y": "127",
        "Time": "08:26:21.714",
        "InArea": "True"
    },
    {
        "x": "387",
        "y": "127",
        "Time": "08:26:21.760",
        "InArea": "True"
    },
    {
        "x": "385",
        "y": "126",
        "Time": "08:26:21.802",
        "InArea": "True"
    },
    {
        "x": "384",
        "y": "126",
        "Time": "08:26:21.846",
        "InArea": "True"
    },
    {
        "x": "382",
        "y": "125",
        "Time": "08:26:21.888",
        "InArea": "True"
    },
    {
        "x": "381",
        "y": "124",
        "Time": "08:26:21.931",
        "InArea": "True"
    },
    {
        "x": "381",
        "y": "123",
        "Time": "08:26:21.976",
        "InArea": "True"
    },
    {
        "x": "381",
        "y": "122",
        "Time": "08:26:22.020",
        "InArea": "True"
    },
    {
        "x": "378",
        "y": "121",
        "Time": "08:26:22.072",
        "InArea": "True"
    },
    {
        "x": "377",
        "y": "120",
        "Time": "08:26:22.124",
        "InArea": "True"
    },
    {
        "x": "377",
        "y": "119",
        "Time": "08:26:22.167",
        "InArea": "True"
    },
    {
        "x": "377",
        "y": "119",
        "Time": "08:26:22.207",
        "InArea": "True"
    },
    {
        "x": "377",
        "y": "119",
        "Time": "08:26:22.248",
        "InArea": "True"
    },
    {
        "x": "376",
        "y": "118",
        "Time": "08:26:22.295",
        "InArea": "True"
    },
    {
        "x": "375",
        "y": "117",
        "Time": "08:26:22.338",
        "InArea": "True"
    },
    {
        "x": "375",
        "y": "115",
        "Time": "08:26:22.383",
        "InArea": "True"
    },
    {
        "x": "375",
        "y": "114",
        "Time": "08:26:22.424",
        "InArea": "True"
    },
    {
        "x": "373",
        "y": "111",
        "Time": "08:26:22.465",
        "InArea": "False"
    },
    {
        "x": "372",
        "y": "110",
        "Time": "08:26:22.512",
        "InArea": "False"
    },
    {
        "x": "372",
        "y": "109",
        "Time": "08:26:22.552",
        "InArea": "False"
    }
]