[
    {
        "x": "399",
        "y": "130",
        "Time": "08:18:06.077",
        "InArea": "True"
    },
    {
        "x": "399",
        "y": "129",
        "Time": "08:18:06.118",
        "InArea": "True"
    },
    {
        "x": "399",
        "y": "129",
        "Time": "08:18:06.164",
        "InArea": "True"
    },
    {
        "x": "397",
        "y": "129",
        "Time": "08:18:06.221",
        "InArea": "True"
    },
    {
        "x": "396",
        "y": "129",
        "Time": "08:18:06.275",
        "InArea": "True"
    },
    {
        "x": "395",
        "y": "128",
        "Time": "08:18:06.329",
        "InArea": "True"
    },
    {
        "x": "395",
        "y": "127",
        "Time": "08:18:06.372",
        "InArea": "True"
    },
    {
        "x": "393",
        "y": "126",
        "Time": "08:18:06.414",
        "InArea": "True"
    },
    {
        "x": "392",
        "y": "125",
        "Time": "08:18:06.459",
        "InArea": "True"
    },
    {
        "x": "390",
        "y": "125",
        "Time": "08:18:06.508",
        "InArea": "True"
    },
    {
        "x": "389",
        "y": "125",
        "Time": "08:18:06.555",
        "InArea": "True"
    },
    {
        "x": "386",
        "y": "123",
        "Time": "08:18:06.596",
        "InArea": "True"
    },
    {
        "x": "384",
        "y": "122",
        "Time": "08:18:06.641",
        "InArea": "True"
    },
    {
        "x": "382",
        "y": "121",
        "Time": "08:18:06.693",
        "InArea": "True"
    },
    {
        "x": "381",
        "y": "121",
        "Time": "08:18:06.746",
        "InArea": "True"
    },
    {
        "x": "379",
        "y": "120",
        "Time": "08:18:06.794",
        "InArea": "True"
    },
    {
        "x": "378",
        "y": "120",
        "Time": "08:18:06.838",
        "InArea": "True"
    },
    {
        "x": "377",
        "y": "119",
        "Time": "08:18:06.890",
        "InArea": "True"
    },
    {
        "x": "376",
        "y": "118",
        "Time": "08:18:06.930",
        "InArea": "True"
    },
    {
        "x": "376",
        "y": "118",
        "Time": "08:18:06.972",
        "InArea": "True"
    },
    {
        "x": "374",
        "y": "119",
        "Time": "08:18:07.020",
        "InArea": "True"
    },
    {
        "x": "373",
        "y": "119",
        "Time": "08:18:07.062",
        "InArea": "True"
    },
    {
        "x": "372",
        "y": "118",
        "Time": "08:18:07.118",
        "InArea": "True"
    },
    {
        "x": "372",
        "y": "118",
        "Time": "08:18:07.162",
        "InArea": "True"
    },
    {
        "x": "369",
        "y": "116",
        "Time": "08:18:07.202",
        "InArea": "True"
    },
    {
        "x": "367",
        "y": "115",
        "Time": "08:18:07.249",
        "InArea": "True"
    },
    {
        "x": "366",
        "y": "113",
        "Time": "08:18:07.293",
        "InArea": "True"
    },
    {
        "x": "366",
        "y": "112",
        "Time": "08:18:07.343",
        "InArea": "True"
    },
    {
        "x": "365",
        "y": "112",
        "Time": "08:18:07.395",
        "InArea": "True"
    },
    {
        "x": "364",
        "y": "112",
        "Time": "08:18:07.436",
        "InArea": "True"
    },
    {
        "x": "363",
        "y": "110",
        "Time": "08:18:07.479",
        "InArea": "False"
    },
    {
        "x": "362",
        "y": "109",
        "Time": "08:18:07.521",
        "InArea": "False"
    }
]