[
    {
        "x": "392",
        "y": "131",
        "Time": "08:18:36.343",
        "InArea": "True"
    },
    {
        "x": "392",
        "y": "131",
        "Time": "08:18:36.384",
        "InArea": "True"
    },
    {
        "x": "392",
        "y": "130",
        "Time": "08:18:36.427",
        "InArea": "True"
    },
    {
        "x": "392",
        "y": "130",
        "Time": "08:18:36.468",
        "InArea": "True"
    },
    {
        "x": "390",
        "y": "130",
        "Time": "08:18:36.513",
        "InArea": "True"
    },
    {
        "x": "389",
        "y": "130",
        "Time": "08:18:36.566",
        "InArea": "True"
    },
    {
        "x": "388",
        "y": "129",
        "Time": "08:18:36.617",
        "InArea": "True"
    },
    {
        "x": "387",
        "y": "129",
        "Time": "08:18:36.656",
        "InArea": "True"
    },
    {
        "x": "385",
        "y": "129",
        "Time": "08:18:36.697",
        "InArea": "True"
    },
    {
        "x": "384",
        "y": "129",
        "Time": "08:18:36.740",
        "InArea": "True"
    },
    {
        "x": "384",
        "y": "129",
        "Time": "08:18:36.839",
        "InArea": "True"
    },
    {
        "x": "382",
        "y": "128",
        "Time": "08:18:36.886",
        "InArea": "True"
    },
    {
        "x": "381",
        "y": "128",
        "Time": "08:18:36.929",
        "InArea": "True"
    },
    {
        "x": "381",
        "y": "128",
        "Time": "08:18:37.018",
        "InArea": "True"
    },
    {
        "x": "380",
        "y": "125",
        "Time": "08:18:37.061",
        "InArea": "True"
    },
    {
        "x": "378",
        "y": "124",
        "Time": "08:18:37.104",
        "InArea": "True"
    },
    {
        "x": "377",
        "y": "123",
        "Time": "08:18:37.147",
        "InArea": "True"
    },
    {
        "x": "376",
        "y": "123",
        "Time": "08:18:37.190",
        "InArea": "True"
    },
    {
        "x": "374",
        "y": "122",
        "Time": "08:18:37.235",
        "InArea": "True"
    },
    {
        "x": "373",
        "y": "121",
        "Time": "08:18:37.279",
        "InArea": "True"
    },
    {
        "x": "372",
        "y": "120",
        "Time": "08:18:37.324",
        "InArea": "True"
    },
    {
        "x": "372",
        "y": "120",
        "Time": "08:18:37.374",
        "InArea": "True"
    },
    {
        "x": "371",
        "y": "120",
        "Time": "08:18:37.427",
        "InArea": "True"
    },
    {
        "x": "371",
        "y": "118",
        "Time": "08:18:37.471",
        "InArea": "True"
    },
    {
        "x": "371",
        "y": "117",
        "Time": "08:18:37.519",
        "InArea": "True"
    },
    {
        "x": "371",
        "y": "116",
        "Time": "08:18:37.567",
        "InArea": "True"
    },
    {
        "x": "368",
        "y": "115",
        "Time": "08:18:37.616",
        "InArea": "True"
    },
    {
        "x": "367",
        "y": "114",
        "Time": "08:18:37.666",
        "InArea": "True"
    },
    {
        "x": "366",
        "y": "113",
        "Time": "08:18:37.720",
        "InArea": "True"
    },
    {
        "x": "366",
        "y": "112",
        "Time": "08:18:37.770",
        "InArea": "True"
    },
    {
        "x": "364",
        "y": "110",
        "Time": "08:18:37.822",
        "InArea": "False"
    },
    {
        "x": "363",
        "y": "109",
        "Time": "08:18:37.865",
        "InArea": "False"
    }
]