[
    {
        "x": "391",
        "y": "130",
        "Time": "08:15:08.742",
        "InArea": "True"
    },
    {
        "x": "389",
        "y": "129",
        "Time": "08:15:08.788",
        "InArea": "True"
    },
    {
        "x": "388",
        "y": "129",
        "Time": "08:15:08.832",
        "InArea": "True"
    },
    {
        "x": "387",
        "y": "129",
        "Time": "08:15:08.879",
        "InArea": "True"
    },
    {
        "x": "384",
        "y": "128",
        "Time": "08:15:08.926",
        "InArea": "True"
    },
    {
        "x": "383",
        "y": "128",
        "Time": "08:15:08.973",
        "InArea": "True"
    },
    {
        "x": "381",
        "y": "127",
        "Time": "08:15:09.019",
        "InArea": "True"
    },
    {
        "x": "380",
        "y": "126",
        "Time": "08:15:09.070",
        "InArea": "True"
    },
    {
        "x": "378",
        "y": "125",
        "Time": "08:15:09.120",
        "InArea": "True"
    },
    {
        "x": "377",
        "y": "125",
        "Time": "08:15:09.168",
        "InArea": "True"
    },
    {
        "x": "377",
        "y": "125",
        "Time": "08:15:09.254",
        "InArea": "True"
    },
    {
        "x": "375",
        "y": "124",
        "Time": "08:15:09.300",
        "InArea": "True"
    },
    {
        "x": "374",
        "y": "123",
        "Time": "08:15:09.345",
        "InArea": "True"
    },
    {
        "x": "373",
        "y": "121",
        "Time": "08:15:09.397",
        "InArea": "True"
    },
    {
        "x": "372",
        "y": "120",
        "Time": "08:15:09.447",
        "InArea": "True"
    },
    {
        "x": "371",
        "y": "119",
        "Time": "08:15:09.498",
        "InArea": "True"
    },
    {
        "x": "371",
        "y": "119",
        "Time": "08:15:09.549",
        "InArea": "True"
    },
    {
        "x": "369",
        "y": "118",
        "Time": "08:15:09.603",
        "InArea": "True"
    },
    {
        "x": "368",
        "y": "118",
        "Time": "08:15:09.649",
        "InArea": "True"
    },
    {
        "x": "368",
        "y": "118",
        "Time": "08:15:09.698",
        "InArea": "True"
    },
    {
        "x": "368",
        "y": "118",
        "Time": "08:15:09.747",
        "InArea": "True"
    },
    {
        "x": "368",
        "y": "116",
        "Time": "08:15:09.799",
        "InArea": "True"
    },
    {
        "x": "368",
        "y": "115",
        "Time": "08:15:09.848",
        "InArea": "True"
    },
    {
        "x": "367",
        "y": "114",
        "Time": "08:15:09.902",
        "InArea": "True"
    },
    {
        "x": "367",
        "y": "114",
        "Time": "08:15:09.951",
        "InArea": "True"
    },
    {
        "x": "366",
        "y": "113",
        "Time": "08:15:10.002",
        "InArea": "True"
    },
    {
        "x": "365",
        "y": "113",
        "Time": "08:15:10.056",
        "InArea": "True"
    },
    {
        "x": "364",
        "y": "112",
        "Time": "08:15:10.096",
        "InArea": "True"
    },
    {
        "x": "363",
        "y": "112",
        "Time": "08:15:10.139",
        "InArea": "True"
    },
    {
        "x": "363",
        "y": "112",
        "Time": "08:15:10.180",
        "InArea": "True"
    },
    {
        "x": "363",
        "y": "110",
        "Time": "08:15:10.229",
        "InArea": "False"
    },
    {
        "x": "363",
        "y": "109",
        "Time": "08:15:10.268",
        "InArea": "False"
    }
]