[
    {
        "x": "382",
        "y": "132",
        "Time": "08:43:22.315",
        "InArea": "True"
    },
    {
        "x": "380",
        "y": "131",
        "Time": "08:43:22.359",
        "InArea": "True"
    },
    {
        "x": "379",
        "y": "131",
        "Time": "08:43:22.406",
        "InArea": "True"
    },
    {
        "x": "379",
        "y": "131",
        "Time": "08:43:22.456",
        "InArea": "True"
    },
    {
        "x": "377",
        "y": "130",
        "Time": "08:43:22.505",
        "InArea": "True"
    },
    {
        "x": "376",
        "y": "128",
        "Time": "08:43:22.561",
        "InArea": "True"
    },
    {
        "x": "376",
        "y": "127",
        "Time": "08:43:22.608",
        "InArea": "True"
    },
    {
        "x": "376",
        "y": "126",
        "Time": "08:43:22.655",
        "InArea": "True"
    },
    {
        "x": "375",
        "y": "125",
        "Time": "08:43:22.701",
        "InArea": "True"
    },
    {
        "x": "374",
        "y": "124",
        "Time": "08:43:22.744",
        "InArea": "True"
    },
    {
        "x": "373",
        "y": "124",
        "Time": "08:43:22.789",
        "InArea": "True"
    },
    {
        "x": "373",
        "y": "124",
        "Time": "08:43:22.836",
        "InArea": "True"
    },
    {
        "x": "372",
        "y": "123",
        "Time": "08:43:22.882",
        "InArea": "True"
    },
    {
        "x": "371",
        "y": "123",
        "Time": "08:43:22.927",
        "InArea": "True"
    },
    {
        "x": "371",
        "y": "122",
        "Time": "08:43:22.979",
        "InArea": "True"
    },
    {
        "x": "371",
        "y": "121",
        "Time": "08:43:23.028",
        "InArea": "True"
    },
    {
        "x": "371",
        "y": "121",
        "Time": "08:43:23.082",
        "InArea": "True"
    },
    {
        "x": "371",
        "y": "121",
        "Time": "08:43:23.125",
        "InArea": "True"
    },
    {
        "x": "369",
        "y": "120",
        "Time": "08:43:23.169",
        "InArea": "True"
    },
    {
        "x": "368",
        "y": "119",
        "Time": "08:43:23.210",
        "InArea": "True"
    },
    {
        "x": "367",
        "y": "119",
        "Time": "08:43:23.248",
        "InArea": "True"
    },
    {
        "x": "367",
        "y": "119",
        "Time": "08:43:23.294",
        "InArea": "True"
    },
    {
        "x": "366",
        "y": "118",
        "Time": "08:43:23.336",
        "InArea": "True"
    },
    {
        "x": "365",
        "y": "117",
        "Time": "08:43:23.392",
        "InArea": "True"
    },
    {
        "x": "365",
        "y": "117",
        "Time": "08:43:23.434",
        "InArea": "True"
    },
    {
        "x": "363",
        "y": "115",
        "Time": "08:43:23.475",
        "InArea": "True"
    },
    {
        "x": "362",
        "y": "114",
        "Time": "08:43:23.531",
        "InArea": "True"
    },
    {
        "x": "361",
        "y": "114",
        "Time": "08:43:23.581",
        "InArea": "True"
    },
    {
        "x": "361",
        "y": "114",
        "Time": "08:43:23.633",
        "InArea": "True"
    },
    {
        "x": "361",
        "y": "111",
        "Time": "08:43:23.677",
        "InArea": "False"
    },
    {
        "x": "361",
        "y": "109",
        "Time": "08:43:23.727",
        "InArea": "False"
    },
    {
        "x": "360",
        "y": "108",
        "Time": "08:43:23.771",
        "InArea": "False"
    }
]