[
    {
        "x": "397",
        "y": "132",
        "Time": "08:55:11.034",
        "InArea": "True"
    },
    {
        "x": "395",
        "y": "132",
        "Time": "08:55:11.075",
        "InArea": "True"
    },
    {
        "x": "394",
        "y": "132",
        "Time": "08:55:11.114",
        "InArea": "True"
    },
    {
        "x": "392",
        "y": "130",
        "Time": "08:55:11.159",
        "InArea": "True"
    },
    {
        "x": "391",
        "y": "129",
        "Time": "08:55:11.202",
        "InArea": "True"
    },
    {
        "x": "389",
        "y": "127",
        "Time": "08:55:11.248",
        "InArea": "True"
    },
    {
        "x": "388",
        "y": "126",
        "Time": "08:55:11.298",
        "InArea": "True"
    },
    {
        "x": "385",
        "y": "125",
        "Time": "08:55:11.346",
        "InArea": "True"
    },
    {
        "x": "384",
        "y": "124",
        "Time": "08:55:11.391",
        "InArea": "True"
    },
    {
        "x": "382",
        "y": "123",
        "Time": "08:55:11.431",
        "InArea": "True"
    },
    {
        "x": "381",
        "y": "123",
        "Time": "08:55:11.473",
        "InArea": "True"
    },
    {
        "x": "380",
        "y": "123",
        "Time": "08:55:11.514",
        "InArea": "True"
    },
    {
        "x": "379",
        "y": "122",
        "Time": "08:55:11.558",
        "InArea": "True"
    },
    {
        "x": "378",
        "y": "121",
        "Time": "08:55:11.605",
        "InArea": "True"
    },
    {
        "x": "377",
        "y": "120",
        "Time": "08:55:11.649",
        "InArea": "True"
    },
    {
        "x": "376",
        "y": "120",
        "Time": "08:55:11.698",
        "InArea": "True"
    },
    {
        "x": "376",
        "y": "120",
        "Time": "08:55:11.744",
        "InArea": "True"
    },
    {
        "x": "376",
        "y": "120",
        "Time": "08:55:11.789",
        "InArea": "True"
    },
    {
        "x": "374",
        "y": "118",
        "Time": "08:55:11.834",
        "InArea": "True"
    },
    {
        "x": "373",
        "y": "117",
        "Time": "08:55:11.879",
        "InArea": "True"
    },
    {
        "x": "373",
        "y": "117",
        "Time": "08:55:11.925",
        "InArea": "True"
    },
    {
        "x": "372",
        "y": "116",
        "Time": "08:55:11.974",
        "InArea": "True"
    },
    {
        "x": "372",
        "y": "115",
        "Time": "08:55:12.015",
        "InArea": "True"
    },
    {
        "x": "369",
        "y": "114",
        "Time": "08:55:12.060",
        "InArea": "True"
    },
    {
        "x": "368",
        "y": "113",
        "Time": "08:55:12.100",
        "InArea": "True"
    },
    {
        "x": "367",
        "y": "113",
        "Time": "08:55:12.140",
        "InArea": "True"
    },
    {
        "x": "366",
        "y": "113",
        "Time": "08:55:12.189",
        "InArea": "True"
    },
    {
        "x": "365",
        "y": "112",
        "Time": "08:55:12.233",
        "InArea": "True"
    },
    {
        "x": "365",
        "y": "111",
        "Time": "08:55:12.288",
        "InArea": "True"
    },
    {
        "x": "365",
        "y": "111",
        "Time": "08:55:12.336",
        "InArea": "True"
    },
    {
        "x": "364",
        "y": "109",
        "Time": "08:55:12.376",
        "InArea": "False"
    },
    {
        "x": "364",
        "y": "108",
        "Time": "08:55:12.414",
        "InArea": "False"
    }
]