[
    {
        "x": "395",
        "y": "127",
        "Time": "08:43:34.545",
        "InArea": "True"
    },
    {
        "x": "394",
        "y": "127",
        "Time": "08:43:34.583",
        "InArea": "True"
    },
    {
        "x": "394",
        "y": "127",
        "Time": "08:43:34.627",
        "InArea": "True"
    },
    {
        "x": "392",
        "y": "127",
        "Time": "08:43:34.678",
        "InArea": "True"
    },
    {
        "x": "391",
        "y": "127",
        "Time": "08:43:34.718",
        "InArea": "True"
    },
    {
        "x": "390",
        "y": "125",
        "Time": "08:43:34.765",
        "InArea": "True"
    },
    {
        "x": "390",
        "y": "124",
        "Time": "08:43:34.806",
        "InArea": "True"
    },
    {
        "x": "390",
        "y": "124",
        "Time": "08:43:34.846",
        "InArea": "True"
    },
    {
        "x": "388",
        "y": "124",
        "Time": "08:43:34.898",
        "InArea": "True"
    },
    {
        "x": "386",
        "y": "124",
        "Time": "08:43:34.949",
        "InArea": "True"
    },
    {
        "x": "385",
        "y": "124",
        "Time": "08:43:35.002",
        "InArea": "True"
    },
    {
        "x": "384",
        "y": "124",
        "Time": "08:43:35.055",
        "InArea": "True"
    },
    {
        "x": "382",
        "y": "122",
        "Time": "08:43:35.105",
        "InArea": "True"
    },
    {
        "x": "381",
        "y": "121",
        "Time": "08:43:35.158",
        "InArea": "True"
    },
    {
        "x": "380",
        "y": "120",
        "Time": "08:43:35.205",
        "InArea": "True"
    },
    {
        "x": "380",
        "y": "120",
        "Time": "08:43:35.244",
        "InArea": "True"
    },
    {
        "x": "378",
        "y": "119",
        "Time": "08:43:35.289",
        "InArea": "True"
    },
    {
        "x": "376",
        "y": "119",
        "Time": "08:43:35.340",
        "InArea": "True"
    },
    {
        "x": "375",
        "y": "119",
        "Time": "08:43:35.389",
        "InArea": "True"
    },
    {
        "x": "374",
        "y": "119",
        "Time": "08:43:35.441",
        "InArea": "True"
    },
    {
        "x": "373",
        "y": "117",
        "Time": "08:43:35.498",
        "InArea": "True"
    },
    {
        "x": "373",
        "y": "116",
        "Time": "08:43:35.541",
        "InArea": "True"
    },
    {
        "x": "373",
        "y": "115",
        "Time": "08:43:35.585",
        "InArea": "True"
    },
    {
        "x": "373",
        "y": "114",
        "Time": "08:43:35.627",
        "InArea": "True"
    },
    {
        "x": "369",
        "y": "114",
        "Time": "08:43:35.670",
        "InArea": "True"
    },
    {
        "x": "367",
        "y": "114",
        "Time": "08:43:35.713",
        "InArea": "True"
    },
    {
        "x": "366",
        "y": "113",
        "Time": "08:43:35.764",
        "InArea": "True"
    },
    {
        "x": "365",
        "y": "113",
        "Time": "08:43:35.814",
        "InArea": "True"
    },
    {
        "x": "365",
        "y": "113",
        "Time": "08:43:35.856",
        "InArea": "True"
    },
    {
        "x": "363",
        "y": "111",
        "Time": "08:43:35.913",
        "InArea": "False"
    },
    {
        "x": "362",
        "y": "109",
        "Time": "08:43:35.972",
        "InArea": "False"
    },
    {
        "x": "361",
        "y": "108",
        "Time": "08:43:36.012",
        "InArea": "False"
    }
]