[
    {
        "x": "413",
        "y": "134",
        "Time": "08:19:47.269",
        "InArea": "True"
    },
    {
        "x": "414",
        "y": "133",
        "Time": "08:19:47.312",
        "InArea": "True"
    },
    {
        "x": "414",
        "y": "132",
        "Time": "08:19:47.356",
        "InArea": "True"
    },
    {
        "x": "412",
        "y": "129",
        "Time": "08:19:47.410",
        "InArea": "True"
    },
    {
        "x": "411",
        "y": "128",
        "Time": "08:19:47.462",
        "InArea": "True"
    },
    {
        "x": "409",
        "y": "127",
        "Time": "08:19:47.514",
        "InArea": "True"
    },
    {
        "x": "408",
        "y": "127",
        "Time": "08:19:47.558",
        "InArea": "True"
    },
    {
        "x": "408",
        "y": "127",
        "Time": "08:19:47.598",
        "InArea": "True"
    },
    {
        "x": "405",
        "y": "126",
        "Time": "08:19:47.637",
        "InArea": "True"
    },
    {
        "x": "404",
        "y": "125",
        "Time": "08:19:47.682",
        "InArea": "True"
    },
    {
        "x": "403",
        "y": "124",
        "Time": "08:19:47.722",
        "InArea": "True"
    },
    {
        "x": "403",
        "y": "124",
        "Time": "08:19:47.780",
        "InArea": "True"
    },
    {
        "x": "401",
        "y": "121",
        "Time": "08:19:47.822",
        "InArea": "True"
    },
    {
        "x": "400",
        "y": "120",
        "Time": "08:19:47.869",
        "InArea": "True"
    },
    {
        "x": "400",
        "y": "118",
        "Time": "08:19:47.912",
        "InArea": "True"
    },
    {
        "x": "400",
        "y": "117",
        "Time": "08:19:47.958",
        "InArea": "True"
    },
    {
        "x": "396",
        "y": "117",
        "Time": "08:19:48.004",
        "InArea": "True"
    },
    {
        "x": "394",
        "y": "117",
        "Time": "08:19:48.046",
        "InArea": "True"
    },
    {
        "x": "391",
        "y": "117",
        "Time": "08:19:48.087",
        "InArea": "True"
    },
    {
        "x": "390",
        "y": "117",
        "Time": "08:19:48.127",
        "InArea": "True"
    },
    {
        "x": "389",
        "y": "117",
        "Time": "08:19:48.169",
        "InArea": "True"
    },
    {
        "x": "389",
        "y": "117",
        "Time": "08:19:48.210",
        "InArea": "True"
    },
    {
        "x": "387",
        "y": "115",
        "Time": "08:19:48.256",
        "InArea": "True"
    },
    {
        "x": "384",
        "y": "113",
        "Time": "08:19:48.310",
        "InArea": "True"
    },
    {
        "x": "383",
        "y": "112",
        "Time": "08:19:48.359",
        "InArea": "True"
    },
    {
        "x": "382",
        "y": "112",
        "Time": "08:19:48.401",
        "InArea": "True"
    },
    {
        "x": "379",
        "y": "111",
        "Time": "08:19:48.456",
        "InArea": "True"
    },
    {
        "x": "377",
        "y": "110",
        "Time": "08:19:48.505",
        "InArea": "True"
    },
    {
        "x": "376",
        "y": "110",
        "Time": "08:19:48.553",
        "InArea": "True"
    },
    {
        "x": "374",
        "y": "110",
        "Time": "08:19:48.605",
        "InArea": "True"
    },
    {
        "x": "373",
        "y": "110",
        "Time": "08:19:48.657",
        "InArea": "True"
    },
    {
        "x": "372",
        "y": "108",
        "Time": "08:19:48.706",
        "InArea": "False"
    }
]