[
    {
        "x": "403",
        "y": "132",
        "Time": "07:36:01.170",
        "InArea": "True"
    },
    {
        "x": "402",
        "y": "132",
        "Time": "07:36:01.216",
        "InArea": "True"
    },
    {
        "x": "402",
        "y": "131",
        "Time": "07:36:01.259",
        "InArea": "True"
    },
    {
        "x": "402",
        "y": "131",
        "Time": "07:36:01.345",
        "InArea": "True"
    },
    {
        "x": "401",
        "y": "131",
        "Time": "07:36:01.397",
        "InArea": "True"
    },
    {
        "x": "399",
        "y": "129",
        "Time": "07:36:01.450",
        "InArea": "True"
    },
    {
        "x": "398",
        "y": "128",
        "Time": "07:36:01.492",
        "InArea": "True"
    },
    {
        "x": "398",
        "y": "128",
        "Time": "07:36:01.532",
        "InArea": "True"
    },
    {
        "x": "397",
        "y": "127",
        "Time": "07:36:01.579",
        "InArea": "True"
    },
    {
        "x": "396",
        "y": "127",
        "Time": "07:36:01.625",
        "InArea": "True"
    },
    {
        "x": "393",
        "y": "125",
        "Time": "07:36:01.672",
        "InArea": "True"
    },
    {
        "x": "392",
        "y": "124",
        "Time": "07:36:01.718",
        "InArea": "True"
    },
    {
        "x": "390",
        "y": "124",
        "Time": "07:36:01.761",
        "InArea": "True"
    },
    {
        "x": "389",
        "y": "124",
        "Time": "07:36:01.815",
        "InArea": "True"
    },
    {
        "x": "385",
        "y": "123",
        "Time": "07:36:01.860",
        "InArea": "True"
    },
    {
        "x": "383",
        "y": "122",
        "Time": "07:36:01.900",
        "InArea": "True"
    },
    {
        "x": "382",
        "y": "122",
        "Time": "07:36:01.941",
        "InArea": "True"
    },
    {
        "x": "381",
        "y": "122",
        "Time": "07:36:01.984",
        "InArea": "True"
    },
    {
        "x": "380",
        "y": "122",
        "Time": "07:36:02.034",
        "InArea": "True"
    },
    {
        "x": "378",
        "y": "120",
        "Time": "07:36:02.080",
        "InArea": "True"
    },
    {
        "x": "377",
        "y": "119",
        "Time": "07:36:02.122",
        "InArea": "True"
    },
    {
        "x": "377",
        "y": "117",
        "Time": "07:36:02.162",
        "InArea": "True"
    },
    {
        "x": "377",
        "y": "116",
        "Time": "07:36:02.209",
        "InArea": "True"
    },
    {
        "x": "377",
        "y": "116",
        "Time": "07:36:02.252",
        "InArea": "True"
    },
    {
        "x": "375",
        "y": "115",
        "Time": "07:36:02.309",
        "InArea": "True"
    },
    {
        "x": "373",
        "y": "114",
        "Time": "07:36:02.360",
        "InArea": "True"
    },
    {
        "x": "372",
        "y": "114",
        "Time": "07:36:02.400",
        "InArea": "True"
    },
    {
        "x": "372",
        "y": "114",
        "Time": "07:36:02.442",
        "InArea": "True"
    },
    {
        "x": "371",
        "y": "112",
        "Time": "07:36:02.485",
        "InArea": "True"
    },
    {
        "x": "371",
        "y": "111",
        "Time": "07:36:02.531",
        "InArea": "True"
    },
    {
        "x": "370",
        "y": "110",
        "Time": "07:36:02.572",
        "InArea": "False"
    },
    {
        "x": "370",
        "y": "109",
        "Time": "07:36:02.616",
        "InArea": "False"
    }
]