[
    {
        "x": "405",
        "y": "129",
        "Time": "07:45:03.559",
        "InArea": "True"
    },
    {
        "x": "405",
        "y": "128",
        "Time": "07:45:03.603",
        "InArea": "True"
    },
    {
        "x": "405",
        "y": "128",
        "Time": "07:45:03.650",
        "InArea": "True"
    },
    {
        "x": "404",
        "y": "128",
        "Time": "07:45:03.707",
        "InArea": "True"
    },
    {
        "x": "404",
        "y": "128",
        "Time": "07:45:03.852",
        "InArea": "True"
    },
    {
        "x": "402",
        "y": "126",
        "Time": "07:45:03.902",
        "InArea": "True"
    },
    {
        "x": "401",
        "y": "126",
        "Time": "07:45:03.944",
        "InArea": "True"
    },
    {
        "x": "400",
        "y": "126",
        "Time": "07:45:03.988",
        "InArea": "True"
    },
    {
        "x": "400",
        "y": "126",
        "Time": "07:45:04.032",
        "InArea": "True"
    },
    {
        "x": "399",
        "y": "123",
        "Time": "07:45:04.071",
        "InArea": "True"
    },
    {
        "x": "399",
        "y": "122",
        "Time": "07:45:04.123",
        "InArea": "True"
    },
    {
        "x": "398",
        "y": "120",
        "Time": "07:45:04.170",
        "InArea": "True"
    },
    {
        "x": "397",
        "y": "119",
        "Time": "07:45:04.208",
        "InArea": "True"
    },
    {
        "x": "397",
        "y": "119",
        "Time": "07:45:04.249",
        "InArea": "True"
    },
    {
        "x": "395",
        "y": "119",
        "Time": "07:45:04.290",
        "InArea": "True"
    },
    {
        "x": "394",
        "y": "119",
        "Time": "07:45:04.329",
        "InArea": "True"
    },
    {
        "x": "392",
        "y": "119",
        "Time": "07:45:04.372",
        "InArea": "True"
    },
    {
        "x": "391",
        "y": "119",
        "Time": "07:45:04.415",
        "InArea": "True"
    },
    {
        "x": "390",
        "y": "119",
        "Time": "07:45:04.459",
        "InArea": "True"
    },
    {
        "x": "387",
        "y": "117",
        "Time": "07:45:04.505",
        "InArea": "True"
    },
    {
        "x": "384",
        "y": "117",
        "Time": "07:45:04.551",
        "InArea": "True"
    },
    {
        "x": "382",
        "y": "117",
        "Time": "07:45:04.593",
        "InArea": "True"
    },
    {
        "x": "381",
        "y": "117",
        "Time": "07:45:04.641",
        "InArea": "True"
    },
    {
        "x": "379",
        "y": "115",
        "Time": "07:45:04.686",
        "InArea": "True"
    },
    {
        "x": "378",
        "y": "115",
        "Time": "07:45:04.734",
        "InArea": "True"
    },
    {
        "x": "377",
        "y": "115",
        "Time": "07:45:04.785",
        "InArea": "True"
    },
    {
        "x": "377",
        "y": "115",
        "Time": "07:45:04.829",
        "InArea": "True"
    },
    {
        "x": "376",
        "y": "114",
        "Time": "07:45:04.876",
        "InArea": "True"
    },
    {
        "x": "375",
        "y": "113",
        "Time": "07:45:04.922",
        "InArea": "True"
    },
    {
        "x": "374",
        "y": "111",
        "Time": "07:45:04.969",
        "InArea": "True"
    },
    {
        "x": "373",
        "y": "110",
        "Time": "07:45:05.021",
        "InArea": "True"
    },
    {
        "x": "373",
        "y": "109",
        "Time": "07:45:05.079",
        "InArea": "False"
    }
]