[
    {
        "x": "386",
        "y": "128",
        "Time": "08:03:14.862",
        "InArea": "True"
    },
    {
        "x": "386",
        "y": "128",
        "Time": "08:03:14.912",
        "InArea": "True"
    },
    {
        "x": "384",
        "y": "127",
        "Time": "08:03:14.954",
        "InArea": "True"
    },
    {
        "x": "383",
        "y": "126",
        "Time": "08:03:14.996",
        "InArea": "True"
    },
    {
        "x": "381",
        "y": "125",
        "Time": "08:03:15.036",
        "InArea": "True"
    },
    {
        "x": "380",
        "y": "125",
        "Time": "08:03:15.077",
        "InArea": "True"
    },
    {
        "x": "380",
        "y": "125",
        "Time": "08:03:15.121",
        "InArea": "True"
    },
    {
        "x": "380",
        "y": "124",
        "Time": "08:03:15.161",
        "InArea": "True"
    },
    {
        "x": "380",
        "y": "123",
        "Time": "08:03:15.206",
        "InArea": "True"
    },
    {
        "x": "379",
        "y": "122",
        "Time": "08:03:15.250",
        "InArea": "True"
    },
    {
        "x": "379",
        "y": "122",
        "Time": "08:03:15.337",
        "InArea": "True"
    },
    {
        "x": "377",
        "y": "120",
        "Time": "08:03:15.394",
        "InArea": "True"
    },
    {
        "x": "375",
        "y": "120",
        "Time": "08:03:15.443",
        "InArea": "True"
    },
    {
        "x": "374",
        "y": "120",
        "Time": "08:03:15.487",
        "InArea": "True"
    },
    {
        "x": "374",
        "y": "120",
        "Time": "08:03:15.526",
        "InArea": "True"
    },
    {
        "x": "373",
        "y": "119",
        "Time": "08:03:15.572",
        "InArea": "True"
    },
    {
        "x": "372",
        "y": "119",
        "Time": "08:03:15.617",
        "InArea": "True"
    },
    {
        "x": "371",
        "y": "119",
        "Time": "08:03:15.666",
        "InArea": "True"
    },
    {
        "x": "371",
        "y": "119",
        "Time": "08:03:15.708",
        "InArea": "True"
    },
    {
        "x": "370",
        "y": "118",
        "Time": "08:03:15.749",
        "InArea": "True"
    },
    {
        "x": "370",
        "y": "118",
        "Time": "08:03:15.791",
        "InArea": "True"
    },
    {
        "x": "370",
        "y": "117",
        "Time": "08:03:15.844",
        "InArea": "True"
    },
    {
        "x": "370",
        "y": "116",
        "Time": "08:03:15.896",
        "InArea": "True"
    },
    {
        "x": "369",
        "y": "114",
        "Time": "08:03:15.951",
        "InArea": "True"
    },
    {
        "x": "367",
        "y": "113",
        "Time": "08:03:16.006",
        "InArea": "True"
    },
    {
        "x": "366",
        "y": "112",
        "Time": "08:03:16.061",
        "InArea": "True"
    },
    {
        "x": "366",
        "y": "112",
        "Time": "08:03:16.110",
        "InArea": "True"
    },
    {
        "x": "365",
        "y": "111",
        "Time": "08:03:16.162",
        "InArea": "True"
    },
    {
        "x": "365",
        "y": "110",
        "Time": "08:03:16.209",
        "InArea": "True"
    },
    {
        "x": "364",
        "y": "110",
        "Time": "08:03:16.255",
        "InArea": "True"
    },
    {
        "x": "364",
        "y": "110",
        "Time": "08:03:16.307",
        "InArea": "True"
    },
    {
        "x": "364",
        "y": "109",
        "Time": "08:03:16.365",
        "InArea": "False"
    }
]