[
    {
        "x": "415",
        "y": "130",
        "Time": "09:36:43.455",
        "InArea": "True"
    },
    {
        "x": "413",
        "y": "129",
        "Time": "09:36:43.500",
        "InArea": "True"
    },
    {
        "x": "412",
        "y": "129",
        "Time": "09:36:43.556",
        "InArea": "True"
    },
    {
        "x": "411",
        "y": "128",
        "Time": "09:36:43.604",
        "InArea": "True"
    },
    {
        "x": "410",
        "y": "128",
        "Time": "09:36:43.647",
        "InArea": "True"
    },
    {
        "x": "408",
        "y": "127",
        "Time": "09:36:43.692",
        "InArea": "True"
    },
    {
        "x": "407",
        "y": "126",
        "Time": "09:36:43.736",
        "InArea": "True"
    },
    {
        "x": "407",
        "y": "124",
        "Time": "09:36:43.782",
        "InArea": "True"
    },
    {
        "x": "407",
        "y": "123",
        "Time": "09:36:43.825",
        "InArea": "True"
    },
    {
        "x": "407",
        "y": "122",
        "Time": "09:36:43.868",
        "InArea": "True"
    },
    {
        "x": "406",
        "y": "122",
        "Time": "09:36:43.909",
        "InArea": "True"
    },
    {
        "x": "406",
        "y": "121",
        "Time": "09:36:43.955",
        "InArea": "True"
    },
    {
        "x": "406",
        "y": "121",
        "Time": "09:36:44.043",
        "InArea": "True"
    },
    {
        "x": "406",
        "y": "120",
        "Time": "09:36:44.089",
        "InArea": "True"
    },
    {
        "x": "406",
        "y": "120",
        "Time": "09:36:44.136",
        "InArea": "True"
    },
    {
        "x": "405",
        "y": "119",
        "Time": "09:36:44.181",
        "InArea": "True"
    },
    {
        "x": "404",
        "y": "119",
        "Time": "09:36:44.238",
        "InArea": "True"
    },
    {
        "x": "404",
        "y": "119",
        "Time": "09:36:44.294",
        "InArea": "True"
    },
    {
        "x": "401",
        "y": "117",
        "Time": "09:36:44.355",
        "InArea": "True"
    },
    {
        "x": "399",
        "y": "115",
        "Time": "09:36:44.403",
        "InArea": "True"
    },
    {
        "x": "398",
        "y": "114",
        "Time": "09:36:44.442",
        "InArea": "True"
    },
    {
        "x": "394",
        "y": "114",
        "Time": "09:36:44.483",
        "InArea": "True"
    },
    {
        "x": "392",
        "y": "114",
        "Time": "09:36:44.523",
        "InArea": "True"
    },
    {
        "x": "389",
        "y": "113",
        "Time": "09:36:44.577",
        "InArea": "True"
    },
    {
        "x": "387",
        "y": "113",
        "Time": "09:36:44.634",
        "InArea": "True"
    },
    {
        "x": "386",
        "y": "113",
        "Time": "09:36:44.680",
        "InArea": "True"
    },
    {
        "x": "383",
        "y": "113",
        "Time": "09:36:44.728",
        "InArea": "True"
    },
    {
        "x": "380",
        "y": "112",
        "Time": "09:36:44.780",
        "InArea": "True"
    },
    {
        "x": "379",
        "y": "111",
        "Time": "09:36:44.823",
        "InArea": "True"
    },
    {
        "x": "378",
        "y": "111",
        "Time": "09:36:44.872",
        "InArea": "True"
    },
    {
        "x": "376",
        "y": "110",
        "Time": "09:36:44.928",
        "InArea": "False"
    },
    {
        "x": "373",
        "y": "109",
        "Time": "09:36:44.974",
        "InArea": "False"
    }
]