[
    {
        "x": "401",
        "y": "132",
        "Time": "09:22:00.384",
        "InArea": "True"
    },
    {
        "x": "401",
        "y": "132",
        "Time": "09:22:00.434",
        "InArea": "True"
    },
    {
        "x": "398",
        "y": "130",
        "Time": "09:22:00.486",
        "InArea": "True"
    },
    {
        "x": "397",
        "y": "129",
        "Time": "09:22:00.534",
        "InArea": "True"
    },
    {
        "x": "394",
        "y": "128",
        "Time": "09:22:00.576",
        "InArea": "True"
    },
    {
        "x": "393",
        "y": "127",
        "Time": "09:22:00.614",
        "InArea": "True"
    },
    {
        "x": "392",
        "y": "127",
        "Time": "09:22:00.659",
        "InArea": "True"
    },
    {
        "x": "390",
        "y": "125",
        "Time": "09:22:00.710",
        "InArea": "True"
    },
    {
        "x": "389",
        "y": "124",
        "Time": "09:22:00.757",
        "InArea": "True"
    },
    {
        "x": "387",
        "y": "123",
        "Time": "09:22:00.797",
        "InArea": "True"
    },
    {
        "x": "386",
        "y": "122",
        "Time": "09:22:00.839",
        "InArea": "True"
    },
    {
        "x": "384",
        "y": "121",
        "Time": "09:22:00.886",
        "InArea": "True"
    },
    {
        "x": "383",
        "y": "120",
        "Time": "09:22:00.929",
        "InArea": "True"
    },
    {
        "x": "382",
        "y": "120",
        "Time": "09:22:00.966",
        "InArea": "True"
    },
    {
        "x": "381",
        "y": "120",
        "Time": "09:22:01.022",
        "InArea": "True"
    },
    {
        "x": "380",
        "y": "120",
        "Time": "09:22:01.077",
        "InArea": "True"
    },
    {
        "x": "379",
        "y": "120",
        "Time": "09:22:01.119",
        "InArea": "True"
    },
    {
        "x": "379",
        "y": "120",
        "Time": "09:22:01.157",
        "InArea": "True"
    },
    {
        "x": "378",
        "y": "119",
        "Time": "09:22:01.201",
        "InArea": "True"
    },
    {
        "x": "378",
        "y": "119",
        "Time": "09:22:01.247",
        "InArea": "True"
    },
    {
        "x": "376",
        "y": "117",
        "Time": "09:22:01.293",
        "InArea": "True"
    },
    {
        "x": "375",
        "y": "116",
        "Time": "09:22:01.339",
        "InArea": "True"
    },
    {
        "x": "374",
        "y": "116",
        "Time": "09:22:01.392",
        "InArea": "True"
    },
    {
        "x": "374",
        "y": "116",
        "Time": "09:22:01.438",
        "InArea": "True"
    },
    {
        "x": "373",
        "y": "115",
        "Time": "09:22:01.479",
        "InArea": "True"
    },
    {
        "x": "373",
        "y": "114",
        "Time": "09:22:01.521",
        "InArea": "True"
    },
    {
        "x": "373",
        "y": "114",
        "Time": "09:22:01.571",
        "InArea": "True"
    },
    {
        "x": "372",
        "y": "113",
        "Time": "09:22:01.624",
        "InArea": "True"
    },
    {
        "x": "372",
        "y": "113",
        "Time": "09:22:01.672",
        "InArea": "True"
    },
    {
        "x": "371",
        "y": "111",
        "Time": "09:22:01.715",
        "InArea": "False"
    },
    {
        "x": "371",
        "y": "110",
        "Time": "09:22:01.758",
        "InArea": "False"
    },
    {
        "x": "368",
        "y": "109",
        "Time": "09:22:01.802",
        "InArea": "False"
    }
]