[
    {
        "x": "400",
        "y": "126",
        "Time": "08:47:11.016",
        "InArea": "True"
    },
    {
        "x": "400",
        "y": "125",
        "Time": "08:47:11.063",
        "InArea": "True"
    },
    {
        "x": "400",
        "y": "125",
        "Time": "08:47:11.104",
        "InArea": "True"
    },
    {
        "x": "397",
        "y": "124",
        "Time": "08:47:11.158",
        "InArea": "True"
    },
    {
        "x": "395",
        "y": "124",
        "Time": "08:47:11.212",
        "InArea": "True"
    },
    {
        "x": "392",
        "y": "124",
        "Time": "08:47:11.259",
        "InArea": "True"
    },
    {
        "x": "391",
        "y": "124",
        "Time": "08:47:11.307",
        "InArea": "True"
    },
    {
        "x": "389",
        "y": "124",
        "Time": "08:47:11.354",
        "InArea": "True"
    },
    {
        "x": "388",
        "y": "124",
        "Time": "08:47:11.399",
        "InArea": "True"
    },
    {
        "x": "387",
        "y": "123",
        "Time": "08:47:11.447",
        "InArea": "True"
    },
    {
        "x": "387",
        "y": "123",
        "Time": "08:47:11.496",
        "InArea": "True"
    },
    {
        "x": "387",
        "y": "122",
        "Time": "08:47:11.555",
        "InArea": "True"
    },
    {
        "x": "387",
        "y": "122",
        "Time": "08:47:11.594",
        "InArea": "True"
    },
    {
        "x": "387",
        "y": "121",
        "Time": "08:47:11.633",
        "InArea": "True"
    },
    {
        "x": "387",
        "y": "121",
        "Time": "08:47:11.681",
        "InArea": "True"
    },
    {
        "x": "387",
        "y": "121",
        "Time": "08:47:11.727",
        "InArea": "True"
    },
    {
        "x": "385",
        "y": "120",
        "Time": "08:47:11.771",
        "InArea": "True"
    },
    {
        "x": "384",
        "y": "120",
        "Time": "08:47:11.812",
        "InArea": "True"
    },
    {
        "x": "383",
        "y": "120",
        "Time": "08:47:11.864",
        "InArea": "True"
    },
    {
        "x": "383",
        "y": "120",
        "Time": "08:47:11.920",
        "InArea": "True"
    },
    {
        "x": "381",
        "y": "119",
        "Time": "08:47:11.968",
        "InArea": "True"
    },
    {
        "x": "380",
        "y": "119",
        "Time": "08:47:12.020",
        "InArea": "True"
    },
    {
        "x": "378",
        "y": "118",
        "Time": "08:47:12.075",
        "InArea": "True"
    },
    {
        "x": "377",
        "y": "118",
        "Time": "08:47:12.124",
        "InArea": "True"
    },
    {
        "x": "376",
        "y": "117",
        "Time": "08:47:12.176",
        "InArea": "True"
    },
    {
        "x": "376",
        "y": "116",
        "Time": "08:47:12.228",
        "InArea": "True"
    },
    {
        "x": "376",
        "y": "115",
        "Time": "08:47:12.286",
        "InArea": "True"
    },
    {
        "x": "375",
        "y": "113",
        "Time": "08:47:12.342",
        "InArea": "True"
    },
    {
        "x": "374",
        "y": "112",
        "Time": "08:47:12.398",
        "InArea": "True"
    },
    {
        "x": "374",
        "y": "111",
        "Time": "08:47:12.450",
        "InArea": "True"
    },
    {
        "x": "374",
        "y": "110",
        "Time": "08:47:12.490",
        "InArea": "True"
    },
    {
        "x": "374",
        "y": "109",
        "Time": "08:47:12.544",
        "InArea": "False"
    }
]