[
    {
        "x": "401",
        "y": "130",
        "Time": "13:38:22.832",
        "InArea": "True"
    },
    {
        "x": "400",
        "y": "129",
        "Time": "13:38:22.880",
        "InArea": "True"
    },
    {
        "x": "399",
        "y": "128",
        "Time": "13:38:22.926",
        "InArea": "True"
    },
    {
        "x": "399",
        "y": "127",
        "Time": "13:38:22.973",
        "InArea": "True"
    },
    {
        "x": "399",
        "y": "127",
        "Time": "13:38:23.017",
        "InArea": "True"
    },
    {
        "x": "397",
        "y": "127",
        "Time": "13:38:23.067",
        "InArea": "True"
    },
    {
        "x": "395",
        "y": "127",
        "Time": "13:38:23.117",
        "InArea": "True"
    },
    {
        "x": "394",
        "y": "127",
        "Time": "13:38:23.159",
        "InArea": "True"
    },
    {
        "x": "393",
        "y": "127",
        "Time": "13:38:23.207",
        "InArea": "True"
    },
    {
        "x": "391",
        "y": "125",
        "Time": "13:38:23.254",
        "InArea": "True"
    },
    {
        "x": "389",
        "y": "124",
        "Time": "13:38:23.309",
        "InArea": "True"
    },
    {
        "x": "388",
        "y": "124",
        "Time": "13:38:23.363",
        "InArea": "True"
    },
    {
        "x": "388",
        "y": "124",
        "Time": "13:38:23.406",
        "InArea": "True"
    },
    {
        "x": "386",
        "y": "123",
        "Time": "13:38:23.459",
        "InArea": "True"
    },
    {
        "x": "384",
        "y": "123",
        "Time": "13:38:23.513",
        "InArea": "True"
    },
    {
        "x": "383",
        "y": "123",
        "Time": "13:38:23.557",
        "InArea": "True"
    },
    {
        "x": "382",
        "y": "123",
        "Time": "13:38:23.600",
        "InArea": "True"
    },
    {
        "x": "382",
        "y": "121",
        "Time": "13:38:23.650",
        "InArea": "True"
    },
    {
        "x": "382",
        "y": "120",
        "Time": "13:38:23.693",
        "InArea": "True"
    },
    {
        "x": "380",
        "y": "120",
        "Time": "13:38:23.739",
        "InArea": "True"
    },
    {
        "x": "379",
        "y": "120",
        "Time": "13:38:23.788",
        "InArea": "True"
    },
    {
        "x": "378",
        "y": "119",
        "Time": "13:38:23.832",
        "InArea": "True"
    },
    {
        "x": "378",
        "y": "118",
        "Time": "13:38:23.872",
        "InArea": "True"
    },
    {
        "x": "377",
        "y": "116",
        "Time": "13:38:23.912",
        "InArea": "True"
    },
    {
        "x": "377",
        "y": "115",
        "Time": "13:38:23.952",
        "InArea": "True"
    },
    {
        "x": "377",
        "y": "114",
        "Time": "13:38:24.003",
        "InArea": "True"
    },
    {
        "x": "375",
        "y": "113",
        "Time": "13:38:24.044",
        "InArea": "True"
    },
    {
        "x": "373",
        "y": "112",
        "Time": "13:38:24.088",
        "InArea": "True"
    },
    {
        "x": "372",
        "y": "111",
        "Time": "13:38:24.129",
        "InArea": "True"
    },
    {
        "x": "372",
        "y": "111",
        "Time": "13:38:24.221",
        "InArea": "True"
    },
    {
        "x": "372",
        "y": "110",
        "Time": "13:38:24.270",
        "InArea": "True"
    },
    {
        "x": "372",
        "y": "109",
        "Time": "13:38:24.329",
        "InArea": "False"
    }
]