[
    {
        "x": "407",
        "y": "123",
        "Time": "08:05:47.688",
        "InArea": "True"
    },
    {
        "x": "405",
        "y": "123",
        "Time": "08:05:47.742",
        "InArea": "True"
    },
    {
        "x": "404",
        "y": "123",
        "Time": "08:05:47.785",
        "InArea": "True"
    },
    {
        "x": "401",
        "y": "121",
        "Time": "08:05:47.832",
        "InArea": "True"
    },
    {
        "x": "399",
        "y": "120",
        "Time": "08:05:47.878",
        "InArea": "True"
    },
    {
        "x": "398",
        "y": "121",
        "Time": "08:05:47.928",
        "InArea": "True"
    },
    {
        "x": "398",
        "y": "121",
        "Time": "08:05:47.982",
        "InArea": "True"
    },
    {
        "x": "396",
        "y": "121",
        "Time": "08:05:48.041",
        "InArea": "True"
    },
    {
        "x": "395",
        "y": "121",
        "Time": "08:05:48.088",
        "InArea": "True"
    },
    {
        "x": "394",
        "y": "120",
        "Time": "08:05:48.128",
        "InArea": "True"
    },
    {
        "x": "393",
        "y": "119",
        "Time": "08:05:48.170",
        "InArea": "True"
    },
    {
        "x": "393",
        "y": "119",
        "Time": "08:05:48.299",
        "InArea": "True"
    },
    {
        "x": "391",
        "y": "118",
        "Time": "08:05:48.340",
        "InArea": "True"
    },
    {
        "x": "390",
        "y": "118",
        "Time": "08:05:48.381",
        "InArea": "True"
    },
    {
        "x": "388",
        "y": "119",
        "Time": "08:05:48.427",
        "InArea": "True"
    },
    {
        "x": "387",
        "y": "119",
        "Time": "08:05:48.468",
        "InArea": "True"
    },
    {
        "x": "386",
        "y": "119",
        "Time": "08:05:48.516",
        "InArea": "True"
    },
    {
        "x": "385",
        "y": "119",
        "Time": "08:05:48.557",
        "InArea": "True"
    },
    {
        "x": "385",
        "y": "119",
        "Time": "08:05:48.598",
        "InArea": "True"
    },
    {
        "x": "383",
        "y": "119",
        "Time": "08:05:48.645",
        "InArea": "True"
    },
    {
        "x": "382",
        "y": "119",
        "Time": "08:05:48.689",
        "InArea": "True"
    },
    {
        "x": "379",
        "y": "118",
        "Time": "08:05:48.735",
        "InArea": "True"
    },
    {
        "x": "378",
        "y": "117",
        "Time": "08:05:48.780",
        "InArea": "True"
    },
    {
        "x": "377",
        "y": "117",
        "Time": "08:05:48.827",
        "InArea": "True"
    },
    {
        "x": "376",
        "y": "117",
        "Time": "08:05:48.872",
        "InArea": "True"
    },
    {
        "x": "375",
        "y": "115",
        "Time": "08:05:48.926",
        "InArea": "True"
    },
    {
        "x": "374",
        "y": "114",
        "Time": "08:05:48.970",
        "InArea": "True"
    },
    {
        "x": "373",
        "y": "113",
        "Time": "08:05:49.026",
        "InArea": "True"
    },
    {
        "x": "373",
        "y": "112",
        "Time": "08:05:49.076",
        "InArea": "True"
    },
    {
        "x": "373",
        "y": "112",
        "Time": "08:05:49.125",
        "InArea": "True"
    },
    {
        "x": "369",
        "y": "110",
        "Time": "08:05:49.176",
        "InArea": "False"
    },
    {
        "x": "367",
        "y": "108",
        "Time": "08:05:49.229",
        "InArea": "False"
    }
]