[
    {
        "x": "399",
        "y": "129",
        "Time": "09:22:47.012",
        "InArea": "True"
    },
    {
        "x": "398",
        "y": "129",
        "Time": "09:22:47.052",
        "InArea": "True"
    },
    {
        "x": "396",
        "y": "126",
        "Time": "09:22:47.094",
        "InArea": "True"
    },
    {
        "x": "395",
        "y": "125",
        "Time": "09:22:47.135",
        "InArea": "True"
    },
    {
        "x": "393",
        "y": "125",
        "Time": "09:22:47.177",
        "InArea": "True"
    },
    {
        "x": "392",
        "y": "125",
        "Time": "09:22:47.219",
        "InArea": "True"
    },
    {
        "x": "391",
        "y": "125",
        "Time": "09:22:47.267",
        "InArea": "True"
    },
    {
        "x": "389",
        "y": "124",
        "Time": "09:22:47.321",
        "InArea": "True"
    },
    {
        "x": "388",
        "y": "124",
        "Time": "09:22:47.364",
        "InArea": "True"
    },
    {
        "x": "385",
        "y": "123",
        "Time": "09:22:47.416",
        "InArea": "True"
    },
    {
        "x": "384",
        "y": "123",
        "Time": "09:22:47.458",
        "InArea": "True"
    },
    {
        "x": "383",
        "y": "122",
        "Time": "09:22:47.503",
        "InArea": "True"
    },
    {
        "x": "382",
        "y": "121",
        "Time": "09:22:47.548",
        "InArea": "True"
    },
    {
        "x": "381",
        "y": "119",
        "Time": "09:22:47.589",
        "InArea": "True"
    },
    {
        "x": "381",
        "y": "118",
        "Time": "09:22:47.633",
        "InArea": "True"
    },
    {
        "x": "379",
        "y": "117",
        "Time": "09:22:47.674",
        "InArea": "True"
    },
    {
        "x": "378",
        "y": "117",
        "Time": "09:22:47.718",
        "InArea": "True"
    },
    {
        "x": "377",
        "y": "117",
        "Time": "09:22:47.762",
        "InArea": "True"
    },
    {
        "x": "376",
        "y": "117",
        "Time": "09:22:47.812",
        "InArea": "True"
    },
    {
        "x": "375",
        "y": "117",
        "Time": "09:22:47.857",
        "InArea": "True"
    },
    {
        "x": "375",
        "y": "117",
        "Time": "09:22:47.939",
        "InArea": "True"
    },
    {
        "x": "374",
        "y": "117",
        "Time": "09:22:47.987",
        "InArea": "True"
    },
    {
        "x": "374",
        "y": "117",
        "Time": "09:22:48.035",
        "InArea": "True"
    },
    {
        "x": "373",
        "y": "116",
        "Time": "09:22:48.082",
        "InArea": "True"
    },
    {
        "x": "372",
        "y": "116",
        "Time": "09:22:48.128",
        "InArea": "True"
    },
    {
        "x": "372",
        "y": "116",
        "Time": "09:22:48.164",
        "InArea": "True"
    },
    {
        "x": "371",
        "y": "115",
        "Time": "09:22:48.215",
        "InArea": "True"
    },
    {
        "x": "371",
        "y": "115",
        "Time": "09:22:48.265",
        "InArea": "True"
    },
    {
        "x": "368",
        "y": "112",
        "Time": "09:22:48.313",
        "InArea": "True"
    },
    {
        "x": "367",
        "y": "111",
        "Time": "09:22:48.353",
        "InArea": "True"
    },
    {
        "x": "366",
        "y": "109",
        "Time": "09:22:48.407",
        "InArea": "False"
    },
    {
        "x": "366",
        "y": "108",
        "Time": "09:22:48.459",
        "InArea": "False"
    }
]