[
    {
        "x": "422",
        "y": "136",
        "Time": "08:17:35.789",
        "InArea": "True"
    },
    {
        "x": "421",
        "y": "135",
        "Time": "08:17:35.831",
        "InArea": "True"
    },
    {
        "x": "421",
        "y": "134",
        "Time": "08:17:35.872",
        "InArea": "True"
    },
    {
        "x": "419",
        "y": "134",
        "Time": "08:17:35.921",
        "InArea": "True"
    },
    {
        "x": "418",
        "y": "134",
        "Time": "08:17:35.967",
        "InArea": "True"
    },
    {
        "x": "417",
        "y": "134",
        "Time": "08:17:36.019",
        "InArea": "True"
    },
    {
        "x": "416",
        "y": "134",
        "Time": "08:17:36.070",
        "InArea": "True"
    },
    {
        "x": "415",
        "y": "134",
        "Time": "08:17:36.120",
        "InArea": "True"
    },
    {
        "x": "415",
        "y": "134",
        "Time": "08:17:36.167",
        "InArea": "True"
    },
    {
        "x": "412",
        "y": "132",
        "Time": "08:17:36.227",
        "InArea": "True"
    },
    {
        "x": "411",
        "y": "131",
        "Time": "08:17:36.279",
        "InArea": "True"
    },
    {
        "x": "409",
        "y": "130",
        "Time": "08:17:36.336",
        "InArea": "True"
    },
    {
        "x": "407",
        "y": "129",
        "Time": "08:17:36.391",
        "InArea": "True"
    },
    {
        "x": "406",
        "y": "128",
        "Time": "08:17:36.443",
        "InArea": "True"
    },
    {
        "x": "404",
        "y": "127",
        "Time": "08:17:36.486",
        "InArea": "True"
    },
    {
        "x": "403",
        "y": "127",
        "Time": "08:17:36.533",
        "InArea": "True"
    },
    {
        "x": "401",
        "y": "125",
        "Time": "08:17:36.586",
        "InArea": "True"
    },
    {
        "x": "400",
        "y": "124",
        "Time": "08:17:36.627",
        "InArea": "True"
    },
    {
        "x": "399",
        "y": "124",
        "Time": "08:17:36.671",
        "InArea": "True"
    },
    {
        "x": "398",
        "y": "123",
        "Time": "08:17:36.713",
        "InArea": "True"
    },
    {
        "x": "397",
        "y": "122",
        "Time": "08:17:36.759",
        "InArea": "True"
    },
    {
        "x": "395",
        "y": "120",
        "Time": "08:17:36.811",
        "InArea": "True"
    },
    {
        "x": "394",
        "y": "119",
        "Time": "08:17:36.860",
        "InArea": "True"
    },
    {
        "x": "392",
        "y": "117",
        "Time": "08:17:36.910",
        "InArea": "True"
    },
    {
        "x": "391",
        "y": "116",
        "Time": "08:17:36.957",
        "InArea": "True"
    },
    {
        "x": "388",
        "y": "115",
        "Time": "08:17:37.009",
        "InArea": "True"
    },
    {
        "x": "387",
        "y": "115",
        "Time": "08:17:37.053",
        "InArea": "True"
    },
    {
        "x": "384",
        "y": "114",
        "Time": "08:17:37.092",
        "InArea": "True"
    },
    {
        "x": "382",
        "y": "114",
        "Time": "08:17:37.135",
        "InArea": "True"
    },
    {
        "x": "380",
        "y": "111",
        "Time": "08:17:37.182",
        "InArea": "False"
    },
    {
        "x": "379",
        "y": "110",
        "Time": "08:17:37.229",
        "InArea": "False"
    },
    {
        "x": "378",
        "y": "109",
        "Time": "08:17:37.272",
        "InArea": "False"
    }
]