[
    {
        "x": "388",
        "y": "133",
        "Time": "08:14:03.427",
        "InArea": "True"
    },
    {
        "x": "388",
        "y": "133",
        "Time": "08:14:03.474",
        "InArea": "True"
    },
    {
        "x": "386",
        "y": "133",
        "Time": "08:14:03.514",
        "InArea": "True"
    },
    {
        "x": "385",
        "y": "133",
        "Time": "08:14:03.557",
        "InArea": "True"
    },
    {
        "x": "385",
        "y": "133",
        "Time": "08:14:03.594",
        "InArea": "True"
    },
    {
        "x": "383",
        "y": "132",
        "Time": "08:14:03.642",
        "InArea": "True"
    },
    {
        "x": "380",
        "y": "131",
        "Time": "08:14:03.686",
        "InArea": "True"
    },
    {
        "x": "379",
        "y": "130",
        "Time": "08:14:03.729",
        "InArea": "True"
    },
    {
        "x": "378",
        "y": "130",
        "Time": "08:14:03.775",
        "InArea": "True"
    },
    {
        "x": "377",
        "y": "129",
        "Time": "08:14:03.817",
        "InArea": "True"
    },
    {
        "x": "376",
        "y": "128",
        "Time": "08:14:03.862",
        "InArea": "True"
    },
    {
        "x": "375",
        "y": "127",
        "Time": "08:14:03.909",
        "InArea": "True"
    },
    {
        "x": "374",
        "y": "126",
        "Time": "08:14:03.957",
        "InArea": "True"
    },
    {
        "x": "373",
        "y": "125",
        "Time": "08:14:04.004",
        "InArea": "True"
    },
    {
        "x": "373",
        "y": "125",
        "Time": "08:14:04.097",
        "InArea": "True"
    },
    {
        "x": "372",
        "y": "124",
        "Time": "08:14:04.149",
        "InArea": "True"
    },
    {
        "x": "369",
        "y": "121",
        "Time": "08:14:04.197",
        "InArea": "True"
    },
    {
        "x": "368",
        "y": "120",
        "Time": "08:14:04.245",
        "InArea": "True"
    },
    {
        "x": "367",
        "y": "118",
        "Time": "08:14:04.293",
        "InArea": "True"
    },
    {
        "x": "367",
        "y": "117",
        "Time": "08:14:04.335",
        "InArea": "True"
    },
    {
        "x": "367",
        "y": "117",
        "Time": "08:14:04.379",
        "InArea": "True"
    },
    {
        "x": "365",
        "y": "117",
        "Time": "08:14:04.420",
        "InArea": "True"
    },
    {
        "x": "364",
        "y": "117",
        "Time": "08:14:04.463",
        "InArea": "True"
    },
    {
        "x": "362",
        "y": "116",
        "Time": "08:14:04.506",
        "InArea": "True"
    },
    {
        "x": "361",
        "y": "116",
        "Time": "08:14:04.549",
        "InArea": "True"
    },
    {
        "x": "360",
        "y": "115",
        "Time": "08:14:04.594",
        "InArea": "True"
    },
    {
        "x": "359",
        "y": "115",
        "Time": "08:14:04.642",
        "InArea": "True"
    },
    {
        "x": "357",
        "y": "113",
        "Time": "08:14:04.691",
        "InArea": "True"
    },
    {
        "x": "356",
        "y": "112",
        "Time": "08:14:04.736",
        "InArea": "True"
    },
    {
        "x": "355",
        "y": "112",
        "Time": "08:14:04.783",
        "InArea": "True"
    },
    {
        "x": "353",
        "y": "110",
        "Time": "08:14:04.833",
        "InArea": "False"
    },
    {
        "x": "352",
        "y": "109",
        "Time": "08:14:04.877",
        "InArea": "False"
    }
]