[
    {
        "x": "402",
        "y": "132",
        "Time": "08:55:44.819",
        "InArea": "True"
    },
    {
        "x": "402",
        "y": "132",
        "Time": "08:55:44.906",
        "InArea": "True"
    },
    {
        "x": "401",
        "y": "132",
        "Time": "08:55:44.951",
        "InArea": "True"
    },
    {
        "x": "401",
        "y": "132",
        "Time": "08:55:44.994",
        "InArea": "True"
    },
    {
        "x": "400",
        "y": "132",
        "Time": "08:55:45.038",
        "InArea": "True"
    },
    {
        "x": "400",
        "y": "132",
        "Time": "08:55:45.127",
        "InArea": "True"
    },
    {
        "x": "399",
        "y": "131",
        "Time": "08:55:45.169",
        "InArea": "True"
    },
    {
        "x": "398",
        "y": "130",
        "Time": "08:55:45.217",
        "InArea": "True"
    },
    {
        "x": "397",
        "y": "130",
        "Time": "08:55:45.265",
        "InArea": "True"
    },
    {
        "x": "396",
        "y": "130",
        "Time": "08:55:45.305",
        "InArea": "True"
    },
    {
        "x": "393",
        "y": "129",
        "Time": "08:55:45.355",
        "InArea": "True"
    },
    {
        "x": "392",
        "y": "128",
        "Time": "08:55:45.400",
        "InArea": "True"
    },
    {
        "x": "391",
        "y": "126",
        "Time": "08:55:45.448",
        "InArea": "True"
    },
    {
        "x": "391",
        "y": "125",
        "Time": "08:55:45.504",
        "InArea": "True"
    },
    {
        "x": "387",
        "y": "125",
        "Time": "08:55:45.547",
        "InArea": "True"
    },
    {
        "x": "385",
        "y": "125",
        "Time": "08:55:45.597",
        "InArea": "True"
    },
    {
        "x": "383",
        "y": "123",
        "Time": "08:55:45.640",
        "InArea": "True"
    },
    {
        "x": "382",
        "y": "122",
        "Time": "08:55:45.682",
        "InArea": "True"
    },
    {
        "x": "381",
        "y": "122",
        "Time": "08:55:45.725",
        "InArea": "True"
    },
    {
        "x": "381",
        "y": "121",
        "Time": "08:55:45.768",
        "InArea": "True"
    },
    {
        "x": "381",
        "y": "121",
        "Time": "08:55:45.809",
        "InArea": "True"
    },
    {
        "x": "379",
        "y": "121",
        "Time": "08:55:45.852",
        "InArea": "True"
    },
    {
        "x": "378",
        "y": "121",
        "Time": "08:55:45.896",
        "InArea": "True"
    },
    {
        "x": "378",
        "y": "121",
        "Time": "08:55:45.940",
        "InArea": "True"
    },
    {
        "x": "376",
        "y": "119",
        "Time": "08:55:45.991",
        "InArea": "True"
    },
    {
        "x": "376",
        "y": "117",
        "Time": "08:55:46.032",
        "InArea": "True"
    },
    {
        "x": "376",
        "y": "116",
        "Time": "08:55:46.072",
        "InArea": "True"
    },
    {
        "x": "376",
        "y": "115",
        "Time": "08:55:46.117",
        "InArea": "True"
    },
    {
        "x": "374",
        "y": "113",
        "Time": "08:55:46.155",
        "InArea": "True"
    },
    {
        "x": "373",
        "y": "112",
        "Time": "08:55:46.198",
        "InArea": "True"
    },
    {
        "x": "370",
        "y": "109",
        "Time": "08:55:46.249",
        "InArea": "False"
    },
    {
        "x": "368",
        "y": "108",
        "Time": "08:55:46.292",
        "InArea": "False"
    }
]