[
    {
        "x": "402",
        "y": "134",
        "Time": "08:45:34.590",
        "InArea": "True"
    },
    {
        "x": "401",
        "y": "133",
        "Time": "08:45:34.646",
        "InArea": "True"
    },
    {
        "x": "401",
        "y": "133",
        "Time": "08:45:34.740",
        "InArea": "True"
    },
    {
        "x": "401",
        "y": "132",
        "Time": "08:45:34.795",
        "InArea": "True"
    },
    {
        "x": "401",
        "y": "131",
        "Time": "08:45:34.853",
        "InArea": "True"
    },
    {
        "x": "401",
        "y": "131",
        "Time": "08:45:34.909",
        "InArea": "True"
    },
    {
        "x": "400",
        "y": "130",
        "Time": "08:45:34.960",
        "InArea": "True"
    },
    {
        "x": "400",
        "y": "130",
        "Time": "08:45:35.005",
        "InArea": "True"
    },
    {
        "x": "398",
        "y": "129",
        "Time": "08:45:35.047",
        "InArea": "True"
    },
    {
        "x": "397",
        "y": "129",
        "Time": "08:45:35.087",
        "InArea": "True"
    },
    {
        "x": "395",
        "y": "127",
        "Time": "08:45:35.139",
        "InArea": "True"
    },
    {
        "x": "394",
        "y": "126",
        "Time": "08:45:35.192",
        "InArea": "True"
    },
    {
        "x": "391",
        "y": "125",
        "Time": "08:45:35.246",
        "InArea": "True"
    },
    {
        "x": "390",
        "y": "124",
        "Time": "08:45:35.288",
        "InArea": "True"
    },
    {
        "x": "386",
        "y": "123",
        "Time": "08:45:35.334",
        "InArea": "True"
    },
    {
        "x": "384",
        "y": "123",
        "Time": "08:45:35.383",
        "InArea": "True"
    },
    {
        "x": "383",
        "y": "123",
        "Time": "08:45:35.429",
        "InArea": "True"
    },
    {
        "x": "382",
        "y": "122",
        "Time": "08:45:35.477",
        "InArea": "True"
    },
    {
        "x": "381",
        "y": "122",
        "Time": "08:45:35.524",
        "InArea": "True"
    },
    {
        "x": "380",
        "y": "122",
        "Time": "08:45:35.572",
        "InArea": "True"
    },
    {
        "x": "380",
        "y": "122",
        "Time": "08:45:35.621",
        "InArea": "True"
    },
    {
        "x": "379",
        "y": "121",
        "Time": "08:45:35.681",
        "InArea": "True"
    },
    {
        "x": "379",
        "y": "121",
        "Time": "08:45:35.730",
        "InArea": "True"
    },
    {
        "x": "376",
        "y": "119",
        "Time": "08:45:35.781",
        "InArea": "True"
    },
    {
        "x": "375",
        "y": "118",
        "Time": "08:45:35.828",
        "InArea": "True"
    },
    {
        "x": "374",
        "y": "116",
        "Time": "08:45:35.877",
        "InArea": "True"
    },
    {
        "x": "374",
        "y": "115",
        "Time": "08:45:35.918",
        "InArea": "True"
    },
    {
        "x": "372",
        "y": "114",
        "Time": "08:45:35.965",
        "InArea": "True"
    },
    {
        "x": "371",
        "y": "113",
        "Time": "08:45:36.016",
        "InArea": "True"
    },
    {
        "x": "369",
        "y": "111",
        "Time": "08:45:36.069",
        "InArea": "True"
    },
    {
        "x": "368",
        "y": "110",
        "Time": "08:45:36.113",
        "InArea": "True"
    },
    {
        "x": "367",
        "y": "109",
        "Time": "08:45:36.161",
        "InArea": "False"
    }
]