[
    {
        "x": "399",
        "y": "127",
        "Time": "09:56:20.653",
        "InArea": "True"
    },
    {
        "x": "399",
        "y": "127",
        "Time": "09:56:20.700",
        "InArea": "True"
    },
    {
        "x": "397",
        "y": "126",
        "Time": "09:56:20.756",
        "InArea": "True"
    },
    {
        "x": "396",
        "y": "126",
        "Time": "09:56:20.810",
        "InArea": "True"
    },
    {
        "x": "395",
        "y": "126",
        "Time": "09:56:20.870",
        "InArea": "True"
    },
    {
        "x": "394",
        "y": "126",
        "Time": "09:56:20.932",
        "InArea": "True"
    },
    {
        "x": "391",
        "y": "125",
        "Time": "09:56:20.990",
        "InArea": "True"
    },
    {
        "x": "389",
        "y": "125",
        "Time": "09:56:21.049",
        "InArea": "True"
    },
    {
        "x": "388",
        "y": "125",
        "Time": "09:56:21.098",
        "InArea": "True"
    },
    {
        "x": "387",
        "y": "125",
        "Time": "09:56:21.147",
        "InArea": "True"
    },
    {
        "x": "387",
        "y": "124",
        "Time": "09:56:21.207",
        "InArea": "True"
    },
    {
        "x": "386",
        "y": "122",
        "Time": "09:56:21.259",
        "InArea": "True"
    },
    {
        "x": "385",
        "y": "121",
        "Time": "09:56:21.307",
        "InArea": "True"
    },
    {
        "x": "384",
        "y": "120",
        "Time": "09:56:21.361",
        "InArea": "True"
    },
    {
        "x": "382",
        "y": "119",
        "Time": "09:56:21.425",
        "InArea": "True"
    },
    {
        "x": "381",
        "y": "118",
        "Time": "09:56:21.474",
        "InArea": "True"
    },
    {
        "x": "381",
        "y": "118",
        "Time": "09:56:21.517",
        "InArea": "True"
    },
    {
        "x": "379",
        "y": "118",
        "Time": "09:56:21.566",
        "InArea": "True"
    },
    {
        "x": "378",
        "y": "117",
        "Time": "09:56:21.623",
        "InArea": "True"
    },
    {
        "x": "377",
        "y": "117",
        "Time": "09:56:21.678",
        "InArea": "True"
    },
    {
        "x": "377",
        "y": "117",
        "Time": "09:56:21.726",
        "InArea": "True"
    },
    {
        "x": "376",
        "y": "115",
        "Time": "09:56:21.774",
        "InArea": "True"
    },
    {
        "x": "376",
        "y": "114",
        "Time": "09:56:21.817",
        "InArea": "True"
    },
    {
        "x": "375",
        "y": "114",
        "Time": "09:56:21.872",
        "InArea": "True"
    },
    {
        "x": "375",
        "y": "114",
        "Time": "09:56:21.915",
        "InArea": "True"
    },
    {
        "x": "374",
        "y": "113",
        "Time": "09:56:21.965",
        "InArea": "True"
    },
    {
        "x": "374",
        "y": "112",
        "Time": "09:56:22.012",
        "InArea": "True"
    },
    {
        "x": "373",
        "y": "112",
        "Time": "09:56:22.065",
        "InArea": "True"
    },
    {
        "x": "372",
        "y": "112",
        "Time": "09:56:22.121",
        "InArea": "True"
    },
    {
        "x": "371",
        "y": "111",
        "Time": "09:56:22.167",
        "InArea": "True"
    },
    {
        "x": "371",
        "y": "109",
        "Time": "09:56:22.219",
        "InArea": "False"
    },
    {
        "x": "371",
        "y": "108",
        "Time": "09:56:22.268",
        "InArea": "False"
    }
]