[
    {
        "x": "408",
        "y": "132",
        "Time": "09:01:23.004",
        "InArea": "True"
    },
    {
        "x": "408",
        "y": "132",
        "Time": "09:01:23.056",
        "InArea": "True"
    },
    {
        "x": "408",
        "y": "132",
        "Time": "09:01:23.099",
        "InArea": "True"
    },
    {
        "x": "408",
        "y": "131",
        "Time": "09:01:23.142",
        "InArea": "True"
    },
    {
        "x": "408",
        "y": "131",
        "Time": "09:01:23.193",
        "InArea": "True"
    },
    {
        "x": "408",
        "y": "130",
        "Time": "09:01:23.236",
        "InArea": "True"
    },
    {
        "x": "408",
        "y": "129",
        "Time": "09:01:23.283",
        "InArea": "True"
    },
    {
        "x": "408",
        "y": "129",
        "Time": "09:01:23.331",
        "InArea": "True"
    },
    {
        "x": "407",
        "y": "128",
        "Time": "09:01:23.375",
        "InArea": "True"
    },
    {
        "x": "405",
        "y": "127",
        "Time": "09:01:23.418",
        "InArea": "True"
    },
    {
        "x": "404",
        "y": "126",
        "Time": "09:01:23.460",
        "InArea": "True"
    },
    {
        "x": "403",
        "y": "126",
        "Time": "09:01:23.508",
        "InArea": "True"
    },
    {
        "x": "402",
        "y": "124",
        "Time": "09:01:23.553",
        "InArea": "True"
    },
    {
        "x": "401",
        "y": "123",
        "Time": "09:01:23.599",
        "InArea": "True"
    },
    {
        "x": "399",
        "y": "121",
        "Time": "09:01:23.639",
        "InArea": "True"
    },
    {
        "x": "398",
        "y": "120",
        "Time": "09:01:23.681",
        "InArea": "True"
    },
    {
        "x": "397",
        "y": "120",
        "Time": "09:01:23.724",
        "InArea": "True"
    },
    {
        "x": "393",
        "y": "119",
        "Time": "09:01:23.767",
        "InArea": "True"
    },
    {
        "x": "391",
        "y": "119",
        "Time": "09:01:23.810",
        "InArea": "True"
    },
    {
        "x": "389",
        "y": "119",
        "Time": "09:01:23.849",
        "InArea": "True"
    },
    {
        "x": "388",
        "y": "119",
        "Time": "09:01:23.900",
        "InArea": "True"
    },
    {
        "x": "386",
        "y": "117",
        "Time": "09:01:23.943",
        "InArea": "True"
    },
    {
        "x": "385",
        "y": "116",
        "Time": "09:01:23.985",
        "InArea": "True"
    },
    {
        "x": "384",
        "y": "115",
        "Time": "09:01:24.034",
        "InArea": "True"
    },
    {
        "x": "384",
        "y": "115",
        "Time": "09:01:24.124",
        "InArea": "True"
    },
    {
        "x": "381",
        "y": "114",
        "Time": "09:01:24.166",
        "InArea": "True"
    },
    {
        "x": "378",
        "y": "113",
        "Time": "09:01:24.211",
        "InArea": "True"
    },
    {
        "x": "377",
        "y": "113",
        "Time": "09:01:24.258",
        "InArea": "True"
    },
    {
        "x": "376",
        "y": "113",
        "Time": "09:01:24.321",
        "InArea": "True"
    },
    {
        "x": "375",
        "y": "111",
        "Time": "09:01:24.369",
        "InArea": "False"
    },
    {
        "x": "374",
        "y": "110",
        "Time": "09:01:24.408",
        "InArea": "False"
    },
    {
        "x": "373",
        "y": "109",
        "Time": "09:01:24.455",
        "InArea": "False"
    }
]