[
    {
        "x": "394",
        "y": "126",
        "Time": "09:33:31.347",
        "InArea": "True"
    },
    {
        "x": "393",
        "y": "126",
        "Time": "09:33:31.392",
        "InArea": "True"
    },
    {
        "x": "392",
        "y": "126",
        "Time": "09:33:31.436",
        "InArea": "True"
    },
    {
        "x": "389",
        "y": "124",
        "Time": "09:33:31.482",
        "InArea": "True"
    },
    {
        "x": "388",
        "y": "123",
        "Time": "09:33:31.530",
        "InArea": "True"
    },
    {
        "x": "386",
        "y": "123",
        "Time": "09:33:31.570",
        "InArea": "True"
    },
    {
        "x": "385",
        "y": "123",
        "Time": "09:33:31.613",
        "InArea": "True"
    },
    {
        "x": "384",
        "y": "123",
        "Time": "09:33:31.656",
        "InArea": "True"
    },
    {
        "x": "383",
        "y": "122",
        "Time": "09:33:31.697",
        "InArea": "True"
    },
    {
        "x": "382",
        "y": "122",
        "Time": "09:33:31.740",
        "InArea": "True"
    },
    {
        "x": "380",
        "y": "122",
        "Time": "09:33:31.786",
        "InArea": "True"
    },
    {
        "x": "379",
        "y": "122",
        "Time": "09:33:31.833",
        "InArea": "True"
    },
    {
        "x": "379",
        "y": "122",
        "Time": "09:33:31.881",
        "InArea": "True"
    },
    {
        "x": "377",
        "y": "120",
        "Time": "09:33:31.930",
        "InArea": "True"
    },
    {
        "x": "376",
        "y": "120",
        "Time": "09:33:31.974",
        "InArea": "True"
    },
    {
        "x": "376",
        "y": "120",
        "Time": "09:33:32.021",
        "InArea": "True"
    },
    {
        "x": "376",
        "y": "120",
        "Time": "09:33:32.065",
        "InArea": "True"
    },
    {
        "x": "375",
        "y": "120",
        "Time": "09:33:32.114",
        "InArea": "True"
    },
    {
        "x": "374",
        "y": "119",
        "Time": "09:33:32.159",
        "InArea": "True"
    },
    {
        "x": "374",
        "y": "119",
        "Time": "09:33:32.251",
        "InArea": "True"
    },
    {
        "x": "373",
        "y": "118",
        "Time": "09:33:32.297",
        "InArea": "True"
    },
    {
        "x": "372",
        "y": "118",
        "Time": "09:33:32.344",
        "InArea": "True"
    },
    {
        "x": "371",
        "y": "117",
        "Time": "09:33:32.389",
        "InArea": "True"
    },
    {
        "x": "371",
        "y": "116",
        "Time": "09:33:32.441",
        "InArea": "True"
    },
    {
        "x": "371",
        "y": "116",
        "Time": "09:33:32.483",
        "InArea": "True"
    },
    {
        "x": "369",
        "y": "115",
        "Time": "09:33:32.527",
        "InArea": "True"
    },
    {
        "x": "368",
        "y": "114",
        "Time": "09:33:32.567",
        "InArea": "True"
    },
    {
        "x": "368",
        "y": "114",
        "Time": "09:33:32.661",
        "InArea": "True"
    },
    {
        "x": "367",
        "y": "112",
        "Time": "09:33:32.703",
        "InArea": "True"
    },
    {
        "x": "366",
        "y": "111",
        "Time": "09:33:32.743",
        "InArea": "True"
    },
    {
        "x": "365",
        "y": "110",
        "Time": "09:33:32.790",
        "InArea": "False"
    },
    {
        "x": "365",
        "y": "109",
        "Time": "09:33:32.843",
        "InArea": "False"
    }
]