[
    {
        "x": "399",
        "y": "134",
        "Time": "09:02:45.283",
        "InArea": "True"
    },
    {
        "x": "398",
        "y": "134",
        "Time": "09:02:45.330",
        "InArea": "True"
    },
    {
        "x": "397",
        "y": "134",
        "Time": "09:02:45.375",
        "InArea": "True"
    },
    {
        "x": "397",
        "y": "133",
        "Time": "09:02:45.416",
        "InArea": "True"
    },
    {
        "x": "397",
        "y": "133",
        "Time": "09:02:45.499",
        "InArea": "True"
    },
    {
        "x": "396",
        "y": "132",
        "Time": "09:02:45.543",
        "InArea": "True"
    },
    {
        "x": "395",
        "y": "132",
        "Time": "09:02:45.593",
        "InArea": "True"
    },
    {
        "x": "393",
        "y": "130",
        "Time": "09:02:45.644",
        "InArea": "True"
    },
    {
        "x": "392",
        "y": "129",
        "Time": "09:02:45.697",
        "InArea": "True"
    },
    {
        "x": "389",
        "y": "128",
        "Time": "09:02:45.744",
        "InArea": "True"
    },
    {
        "x": "388",
        "y": "128",
        "Time": "09:02:45.784",
        "InArea": "True"
    },
    {
        "x": "386",
        "y": "126",
        "Time": "09:02:45.829",
        "InArea": "True"
    },
    {
        "x": "385",
        "y": "125",
        "Time": "09:02:45.872",
        "InArea": "True"
    },
    {
        "x": "384",
        "y": "124",
        "Time": "09:02:45.923",
        "InArea": "True"
    },
    {
        "x": "383",
        "y": "124",
        "Time": "09:02:45.971",
        "InArea": "True"
    },
    {
        "x": "381",
        "y": "123",
        "Time": "09:02:46.022",
        "InArea": "True"
    },
    {
        "x": "380",
        "y": "122",
        "Time": "09:02:46.073",
        "InArea": "True"
    },
    {
        "x": "379",
        "y": "121",
        "Time": "09:02:46.117",
        "InArea": "True"
    },
    {
        "x": "379",
        "y": "121",
        "Time": "09:02:46.167",
        "InArea": "True"
    },
    {
        "x": "377",
        "y": "119",
        "Time": "09:02:46.208",
        "InArea": "True"
    },
    {
        "x": "376",
        "y": "118",
        "Time": "09:02:46.252",
        "InArea": "True"
    },
    {
        "x": "375",
        "y": "118",
        "Time": "09:02:46.299",
        "InArea": "True"
    },
    {
        "x": "374",
        "y": "117",
        "Time": "09:02:46.361",
        "InArea": "True"
    },
    {
        "x": "373",
        "y": "115",
        "Time": "09:02:46.408",
        "InArea": "True"
    },
    {
        "x": "372",
        "y": "114",
        "Time": "09:02:46.462",
        "InArea": "True"
    },
    {
        "x": "372",
        "y": "114",
        "Time": "09:02:46.505",
        "InArea": "True"
    },
    {
        "x": "371",
        "y": "113",
        "Time": "09:02:46.548",
        "InArea": "True"
    },
    {
        "x": "371",
        "y": "112",
        "Time": "09:02:46.593",
        "InArea": "True"
    },
    {
        "x": "369",
        "y": "111",
        "Time": "09:02:46.636",
        "InArea": "True"
    },
    {
        "x": "368",
        "y": "111",
        "Time": "09:02:46.677",
        "InArea": "True"
    },
    {
        "x": "367",
        "y": "109",
        "Time": "09:02:46.724",
        "InArea": "False"
    },
    {
        "x": "366",
        "y": "108",
        "Time": "09:02:46.767",
        "InArea": "False"
    }
]