[
    {
        "x": "398",
        "y": "132",
        "Time": "19:01:36.780",
        "InArea": "True"
    },
    {
        "x": "398",
        "y": "131",
        "Time": "19:01:36.829",
        "InArea": "True"
    },
    {
        "x": "398",
        "y": "130",
        "Time": "19:01:36.871",
        "InArea": "True"
    },
    {
        "x": "398",
        "y": "129",
        "Time": "19:01:36.924",
        "InArea": "True"
    },
    {
        "x": "398",
        "y": "128",
        "Time": "19:01:36.971",
        "InArea": "True"
    },
    {
        "x": "396",
        "y": "127",
        "Time": "19:01:37.018",
        "InArea": "True"
    },
    {
        "x": "395",
        "y": "127",
        "Time": "19:01:37.065",
        "InArea": "True"
    },
    {
        "x": "395",
        "y": "127",
        "Time": "19:01:37.108",
        "InArea": "True"
    },
    {
        "x": "393",
        "y": "126",
        "Time": "19:01:37.153",
        "InArea": "True"
    },
    {
        "x": "389",
        "y": "126",
        "Time": "19:01:37.194",
        "InArea": "True"
    },
    {
        "x": "387",
        "y": "126",
        "Time": "19:01:37.241",
        "InArea": "True"
    },
    {
        "x": "386",
        "y": "126",
        "Time": "19:01:37.291",
        "InArea": "True"
    },
    {
        "x": "383",
        "y": "125",
        "Time": "19:01:37.335",
        "InArea": "True"
    },
    {
        "x": "381",
        "y": "125",
        "Time": "19:01:37.377",
        "InArea": "True"
    },
    {
        "x": "380",
        "y": "124",
        "Time": "19:01:37.426",
        "InArea": "True"
    },
    {
        "x": "379",
        "y": "123",
        "Time": "19:01:37.472",
        "InArea": "True"
    },
    {
        "x": "379",
        "y": "123",
        "Time": "19:01:37.516",
        "InArea": "True"
    },
    {
        "x": "377",
        "y": "122",
        "Time": "19:01:37.558",
        "InArea": "True"
    },
    {
        "x": "376",
        "y": "122",
        "Time": "19:01:37.596",
        "InArea": "True"
    },
    {
        "x": "375",
        "y": "121",
        "Time": "19:01:37.639",
        "InArea": "True"
    },
    {
        "x": "374",
        "y": "120",
        "Time": "19:01:37.681",
        "InArea": "True"
    },
    {
        "x": "374",
        "y": "120",
        "Time": "19:01:37.726",
        "InArea": "True"
    },
    {
        "x": "372",
        "y": "120",
        "Time": "19:01:37.789",
        "InArea": "True"
    },
    {
        "x": "372",
        "y": "119",
        "Time": "19:01:37.843",
        "InArea": "True"
    },
    {
        "x": "372",
        "y": "118",
        "Time": "19:01:37.893",
        "InArea": "True"
    },
    {
        "x": "372",
        "y": "117",
        "Time": "19:01:37.944",
        "InArea": "True"
    },
    {
        "x": "372",
        "y": "116",
        "Time": "19:01:37.996",
        "InArea": "True"
    },
    {
        "x": "370",
        "y": "114",
        "Time": "19:01:38.047",
        "InArea": "True"
    },
    {
        "x": "369",
        "y": "113",
        "Time": "19:01:38.098",
        "InArea": "True"
    },
    {
        "x": "366",
        "y": "111",
        "Time": "19:01:38.149",
        "InArea": "False"
    },
    {
        "x": "365",
        "y": "110",
        "Time": "19:01:38.196",
        "InArea": "False"
    },
    {
        "x": "364",
        "y": "108",
        "Time": "19:01:38.240",
        "InArea": "False"
    }
]