[
    {
        "x": "402",
        "y": "129",
        "Time": "07:49:55.331",
        "InArea": "True"
    },
    {
        "x": "401",
        "y": "129",
        "Time": "07:49:55.374",
        "InArea": "True"
    },
    {
        "x": "399",
        "y": "128",
        "Time": "07:49:55.412",
        "InArea": "True"
    },
    {
        "x": "398",
        "y": "128",
        "Time": "07:49:55.454",
        "InArea": "True"
    },
    {
        "x": "398",
        "y": "128",
        "Time": "07:49:55.504",
        "InArea": "True"
    },
    {
        "x": "395",
        "y": "126",
        "Time": "07:49:55.547",
        "InArea": "True"
    },
    {
        "x": "394",
        "y": "125",
        "Time": "07:49:55.591",
        "InArea": "True"
    },
    {
        "x": "391",
        "y": "124",
        "Time": "07:49:55.630",
        "InArea": "True"
    },
    {
        "x": "390",
        "y": "123",
        "Time": "07:49:55.676",
        "InArea": "True"
    },
    {
        "x": "389",
        "y": "123",
        "Time": "07:49:55.716",
        "InArea": "True"
    },
    {
        "x": "387",
        "y": "123",
        "Time": "07:49:55.756",
        "InArea": "True"
    },
    {
        "x": "385",
        "y": "123",
        "Time": "07:49:55.803",
        "InArea": "True"
    },
    {
        "x": "384",
        "y": "123",
        "Time": "07:49:55.852",
        "InArea": "True"
    },
    {
        "x": "383",
        "y": "123",
        "Time": "07:49:55.896",
        "InArea": "True"
    },
    {
        "x": "382",
        "y": "122",
        "Time": "07:49:55.941",
        "InArea": "True"
    },
    {
        "x": "381",
        "y": "121",
        "Time": "07:49:55.985",
        "InArea": "True"
    },
    {
        "x": "380",
        "y": "121",
        "Time": "07:49:56.033",
        "InArea": "True"
    },
    {
        "x": "380",
        "y": "121",
        "Time": "07:49:56.108",
        "InArea": "True"
    },
    {
        "x": "378",
        "y": "119",
        "Time": "07:49:56.160",
        "InArea": "True"
    },
    {
        "x": "377",
        "y": "118",
        "Time": "07:49:56.206",
        "InArea": "True"
    },
    {
        "x": "376",
        "y": "118",
        "Time": "07:49:56.254",
        "InArea": "True"
    },
    {
        "x": "376",
        "y": "118",
        "Time": "07:49:56.299",
        "InArea": "True"
    },
    {
        "x": "375",
        "y": "117",
        "Time": "07:49:56.345",
        "InArea": "True"
    },
    {
        "x": "375",
        "y": "116",
        "Time": "07:49:56.392",
        "InArea": "True"
    },
    {
        "x": "375",
        "y": "116",
        "Time": "07:49:56.493",
        "InArea": "True"
    },
    {
        "x": "373",
        "y": "114",
        "Time": "07:49:56.537",
        "InArea": "True"
    },
    {
        "x": "372",
        "y": "113",
        "Time": "07:49:56.580",
        "InArea": "True"
    },
    {
        "x": "371",
        "y": "112",
        "Time": "07:49:56.621",
        "InArea": "True"
    },
    {
        "x": "371",
        "y": "111",
        "Time": "07:49:56.669",
        "InArea": "True"
    },
    {
        "x": "371",
        "y": "111",
        "Time": "07:49:56.717",
        "InArea": "True"
    },
    {
        "x": "371",
        "y": "110",
        "Time": "07:49:56.764",
        "InArea": "True"
    },
    {
        "x": "369",
        "y": "108",
        "Time": "07:49:56.817",
        "InArea": "False"
    }
]