[
    {
        "x": "395",
        "y": "132",
        "Time": "08:36:57.631",
        "InArea": "True"
    },
    {
        "x": "395",
        "y": "131",
        "Time": "08:36:57.677",
        "InArea": "True"
    },
    {
        "x": "395",
        "y": "131",
        "Time": "08:36:57.731",
        "InArea": "True"
    },
    {
        "x": "394",
        "y": "131",
        "Time": "08:36:57.782",
        "InArea": "True"
    },
    {
        "x": "393",
        "y": "131",
        "Time": "08:36:57.830",
        "InArea": "True"
    },
    {
        "x": "393",
        "y": "131",
        "Time": "08:36:57.871",
        "InArea": "True"
    },
    {
        "x": "391",
        "y": "130",
        "Time": "08:36:57.916",
        "InArea": "True"
    },
    {
        "x": "389",
        "y": "129",
        "Time": "08:36:57.964",
        "InArea": "True"
    },
    {
        "x": "388",
        "y": "129",
        "Time": "08:36:58.007",
        "InArea": "True"
    },
    {
        "x": "387",
        "y": "129",
        "Time": "08:36:58.046",
        "InArea": "True"
    },
    {
        "x": "386",
        "y": "127",
        "Time": "08:36:58.089",
        "InArea": "True"
    },
    {
        "x": "386",
        "y": "126",
        "Time": "08:36:58.135",
        "InArea": "True"
    },
    {
        "x": "385",
        "y": "125",
        "Time": "08:36:58.174",
        "InArea": "True"
    },
    {
        "x": "384",
        "y": "125",
        "Time": "08:36:58.215",
        "InArea": "True"
    },
    {
        "x": "384",
        "y": "125",
        "Time": "08:36:58.265",
        "InArea": "True"
    },
    {
        "x": "381",
        "y": "124",
        "Time": "08:36:58.308",
        "InArea": "True"
    },
    {
        "x": "379",
        "y": "122",
        "Time": "08:36:58.359",
        "InArea": "True"
    },
    {
        "x": "378",
        "y": "121",
        "Time": "08:36:58.407",
        "InArea": "True"
    },
    {
        "x": "378",
        "y": "121",
        "Time": "08:36:58.459",
        "InArea": "True"
    },
    {
        "x": "376",
        "y": "120",
        "Time": "08:36:58.509",
        "InArea": "True"
    },
    {
        "x": "375",
        "y": "119",
        "Time": "08:36:58.570",
        "InArea": "True"
    },
    {
        "x": "375",
        "y": "119",
        "Time": "08:36:58.671",
        "InArea": "True"
    },
    {
        "x": "373",
        "y": "118",
        "Time": "08:36:58.710",
        "InArea": "True"
    },
    {
        "x": "372",
        "y": "118",
        "Time": "08:36:58.759",
        "InArea": "True"
    },
    {
        "x": "371",
        "y": "118",
        "Time": "08:36:58.802",
        "InArea": "True"
    },
    {
        "x": "371",
        "y": "118",
        "Time": "08:36:58.845",
        "InArea": "True"
    },
    {
        "x": "368",
        "y": "115",
        "Time": "08:36:58.897",
        "InArea": "True"
    },
    {
        "x": "367",
        "y": "114",
        "Time": "08:36:58.945",
        "InArea": "True"
    },
    {
        "x": "366",
        "y": "112",
        "Time": "08:36:58.992",
        "InArea": "True"
    },
    {
        "x": "365",
        "y": "111",
        "Time": "08:36:59.044",
        "InArea": "True"
    },
    {
        "x": "363",
        "y": "109",
        "Time": "08:36:59.093",
        "InArea": "False"
    },
    {
        "x": "362",
        "y": "108",
        "Time": "08:36:59.138",
        "InArea": "False"
    }
]