[
    {
        "x": "412",
        "y": "126",
        "Time": "08:45:09.094",
        "InArea": "True"
    },
    {
        "x": "412",
        "y": "126",
        "Time": "08:45:09.142",
        "InArea": "True"
    },
    {
        "x": "412",
        "y": "126",
        "Time": "08:45:09.192",
        "InArea": "True"
    },
    {
        "x": "412",
        "y": "127",
        "Time": "08:45:09.244",
        "InArea": "True"
    },
    {
        "x": "412",
        "y": "127",
        "Time": "08:45:09.290",
        "InArea": "True"
    },
    {
        "x": "412",
        "y": "127",
        "Time": "08:45:09.341",
        "InArea": "True"
    },
    {
        "x": "412",
        "y": "127",
        "Time": "08:45:09.394",
        "InArea": "True"
    },
    {
        "x": "412",
        "y": "127",
        "Time": "08:45:09.448",
        "InArea": "True"
    },
    {
        "x": "412",
        "y": "127",
        "Time": "08:45:09.501",
        "InArea": "True"
    },
    {
        "x": "411",
        "y": "126",
        "Time": "08:45:09.550",
        "InArea": "True"
    },
    {
        "x": "411",
        "y": "126",
        "Time": "08:45:09.731",
        "InArea": "True"
    },
    {
        "x": "410",
        "y": "126",
        "Time": "08:45:09.779",
        "InArea": "True"
    },
    {
        "x": "410",
        "y": "126",
        "Time": "08:45:09.823",
        "InArea": "True"
    },
    {
        "x": "410",
        "y": "126",
        "Time": "08:45:09.873",
        "InArea": "True"
    },
    {
        "x": "410",
        "y": "126",
        "Time": "08:45:10.004",
        "InArea": "True"
    },
    {
        "x": "409",
        "y": "126",
        "Time": "08:45:10.052",
        "InArea": "True"
    },
    {
        "x": "408",
        "y": "126",
        "Time": "08:45:10.097",
        "InArea": "True"
    },
    {
        "x": "408",
        "y": "125",
        "Time": "08:45:10.151",
        "InArea": "True"
    },
    {
        "x": "408",
        "y": "124",
        "Time": "08:45:10.195",
        "InArea": "True"
    },
    {
        "x": "408",
        "y": "124",
        "Time": "08:45:10.241",
        "InArea": "True"
    },
    {
        "x": "409",
        "y": "123",
        "Time": "08:45:10.291",
        "InArea": "True"
    },
    {
        "x": "408",
        "y": "120",
        "Time": "08:45:10.342",
        "InArea": "True"
    },
    {
        "x": "408",
        "y": "119",
        "Time": "08:45:10.388",
        "InArea": "True"
    },
    {
        "x": "408",
        "y": "118",
        "Time": "08:45:10.431",
        "InArea": "True"
    },
    {
        "x": "409",
        "y": "117",
        "Time": "08:45:10.474",
        "InArea": "True"
    },
    {
        "x": "409",
        "y": "117",
        "Time": "08:45:10.520",
        "InArea": "True"
    },
    {
        "x": "409",
        "y": "116",
        "Time": "08:45:10.570",
        "InArea": "True"
    },
    {
        "x": "409",
        "y": "115",
        "Time": "08:45:10.616",
        "InArea": "True"
    },
    {
        "x": "409",
        "y": "113",
        "Time": "08:45:10.664",
        "InArea": "True"
    },
    {
        "x": "409",
        "y": "112",
        "Time": "08:45:10.711",
        "InArea": "True"
    },
    {
        "x": "411",
        "y": "109",
        "Time": "08:45:10.761",
        "InArea": "False"
    },
    {
        "x": "412",
        "y": "107",
        "Time": "08:45:10.807",
        "InArea": "False"
    }
]