[
    {
        "x": "399",
        "y": "129",
        "Time": "09:23:28.033",
        "InArea": "True"
    },
    {
        "x": "399",
        "y": "128",
        "Time": "09:23:28.080",
        "InArea": "True"
    },
    {
        "x": "399",
        "y": "127",
        "Time": "09:23:28.138",
        "InArea": "True"
    },
    {
        "x": "399",
        "y": "127",
        "Time": "09:23:28.230",
        "InArea": "True"
    },
    {
        "x": "398",
        "y": "126",
        "Time": "09:23:28.274",
        "InArea": "True"
    },
    {
        "x": "398",
        "y": "126",
        "Time": "09:23:28.354",
        "InArea": "True"
    },
    {
        "x": "397",
        "y": "124",
        "Time": "09:23:28.399",
        "InArea": "True"
    },
    {
        "x": "396",
        "y": "123",
        "Time": "09:23:28.444",
        "InArea": "True"
    },
    {
        "x": "393",
        "y": "123",
        "Time": "09:23:28.495",
        "InArea": "True"
    },
    {
        "x": "391",
        "y": "123",
        "Time": "09:23:28.537",
        "InArea": "True"
    },
    {
        "x": "389",
        "y": "123",
        "Time": "09:23:28.584",
        "InArea": "True"
    },
    {
        "x": "388",
        "y": "123",
        "Time": "09:23:28.638",
        "InArea": "True"
    },
    {
        "x": "387",
        "y": "123",
        "Time": "09:23:28.691",
        "InArea": "True"
    },
    {
        "x": "387",
        "y": "123",
        "Time": "09:23:28.742",
        "InArea": "True"
    },
    {
        "x": "384",
        "y": "122",
        "Time": "09:23:28.789",
        "InArea": "True"
    },
    {
        "x": "383",
        "y": "122",
        "Time": "09:23:28.836",
        "InArea": "True"
    },
    {
        "x": "383",
        "y": "121",
        "Time": "09:23:28.885",
        "InArea": "True"
    },
    {
        "x": "383",
        "y": "120",
        "Time": "09:23:28.928",
        "InArea": "True"
    },
    {
        "x": "383",
        "y": "120",
        "Time": "09:23:28.971",
        "InArea": "True"
    },
    {
        "x": "382",
        "y": "119",
        "Time": "09:23:29.026",
        "InArea": "True"
    },
    {
        "x": "380",
        "y": "117",
        "Time": "09:23:29.076",
        "InArea": "True"
    },
    {
        "x": "379",
        "y": "116",
        "Time": "09:23:29.119",
        "InArea": "True"
    },
    {
        "x": "378",
        "y": "116",
        "Time": "09:23:29.168",
        "InArea": "True"
    },
    {
        "x": "377",
        "y": "115",
        "Time": "09:23:29.222",
        "InArea": "True"
    },
    {
        "x": "377",
        "y": "115",
        "Time": "09:23:29.276",
        "InArea": "True"
    },
    {
        "x": "377",
        "y": "115",
        "Time": "09:23:29.331",
        "InArea": "True"
    },
    {
        "x": "375",
        "y": "114",
        "Time": "09:23:29.378",
        "InArea": "True"
    },
    {
        "x": "374",
        "y": "114",
        "Time": "09:23:29.419",
        "InArea": "True"
    },
    {
        "x": "373",
        "y": "114",
        "Time": "09:23:29.459",
        "InArea": "True"
    },
    {
        "x": "373",
        "y": "111",
        "Time": "09:23:29.508",
        "InArea": "False"
    },
    {
        "x": "373",
        "y": "109",
        "Time": "09:23:29.557",
        "InArea": "False"
    },
    {
        "x": "372",
        "y": "108",
        "Time": "09:23:29.601",
        "InArea": "False"
    }
]