[
    {
        "x": "390",
        "y": "131",
        "Time": "08:42:20.888",
        "InArea": "True"
    },
    {
        "x": "389",
        "y": "130",
        "Time": "08:42:20.930",
        "InArea": "True"
    },
    {
        "x": "387",
        "y": "129",
        "Time": "08:42:20.972",
        "InArea": "True"
    },
    {
        "x": "386",
        "y": "128",
        "Time": "08:42:21.012",
        "InArea": "True"
    },
    {
        "x": "385",
        "y": "128",
        "Time": "08:42:21.051",
        "InArea": "True"
    },
    {
        "x": "384",
        "y": "128",
        "Time": "08:42:21.092",
        "InArea": "True"
    },
    {
        "x": "382",
        "y": "126",
        "Time": "08:42:21.137",
        "InArea": "True"
    },
    {
        "x": "381",
        "y": "125",
        "Time": "08:42:21.187",
        "InArea": "True"
    },
    {
        "x": "381",
        "y": "124",
        "Time": "08:42:21.229",
        "InArea": "True"
    },
    {
        "x": "380",
        "y": "124",
        "Time": "08:42:21.280",
        "InArea": "True"
    },
    {
        "x": "379",
        "y": "124",
        "Time": "08:42:21.324",
        "InArea": "True"
    },
    {
        "x": "379",
        "y": "123",
        "Time": "08:42:21.369",
        "InArea": "True"
    },
    {
        "x": "379",
        "y": "123",
        "Time": "08:42:21.409",
        "InArea": "True"
    },
    {
        "x": "379",
        "y": "123",
        "Time": "08:42:21.450",
        "InArea": "True"
    },
    {
        "x": "378",
        "y": "122",
        "Time": "08:42:21.491",
        "InArea": "True"
    },
    {
        "x": "377",
        "y": "121",
        "Time": "08:42:21.534",
        "InArea": "True"
    },
    {
        "x": "376",
        "y": "121",
        "Time": "08:42:21.593",
        "InArea": "True"
    },
    {
        "x": "375",
        "y": "121",
        "Time": "08:42:21.634",
        "InArea": "True"
    },
    {
        "x": "374",
        "y": "119",
        "Time": "08:42:21.677",
        "InArea": "True"
    },
    {
        "x": "373",
        "y": "118",
        "Time": "08:42:21.717",
        "InArea": "True"
    },
    {
        "x": "372",
        "y": "117",
        "Time": "08:42:21.767",
        "InArea": "True"
    },
    {
        "x": "372",
        "y": "117",
        "Time": "08:42:21.848",
        "InArea": "True"
    },
    {
        "x": "371",
        "y": "116",
        "Time": "08:42:21.892",
        "InArea": "True"
    },
    {
        "x": "371",
        "y": "116",
        "Time": "08:42:21.933",
        "InArea": "True"
    },
    {
        "x": "369",
        "y": "116",
        "Time": "08:42:21.979",
        "InArea": "True"
    },
    {
        "x": "368",
        "y": "116",
        "Time": "08:42:22.025",
        "InArea": "True"
    },
    {
        "x": "367",
        "y": "114",
        "Time": "08:42:22.072",
        "InArea": "True"
    },
    {
        "x": "367",
        "y": "113",
        "Time": "08:42:22.117",
        "InArea": "True"
    },
    {
        "x": "367",
        "y": "111",
        "Time": "08:42:22.156",
        "InArea": "True"
    },
    {
        "x": "367",
        "y": "110",
        "Time": "08:42:22.201",
        "InArea": "True"
    },
    {
        "x": "367",
        "y": "110",
        "Time": "08:42:22.247",
        "InArea": "True"
    },
    {
        "x": "365",
        "y": "108",
        "Time": "08:42:22.288",
        "InArea": "False"
    }
]