[
    {
        "x": "397",
        "y": "131",
        "Time": "09:21:49.794",
        "InArea": "True"
    },
    {
        "x": "397",
        "y": "131",
        "Time": "09:21:49.833",
        "InArea": "True"
    },
    {
        "x": "397",
        "y": "130",
        "Time": "09:21:49.877",
        "InArea": "True"
    },
    {
        "x": "397",
        "y": "130",
        "Time": "09:21:49.928",
        "InArea": "True"
    },
    {
        "x": "396",
        "y": "129",
        "Time": "09:21:49.984",
        "InArea": "True"
    },
    {
        "x": "395",
        "y": "129",
        "Time": "09:21:50.030",
        "InArea": "True"
    },
    {
        "x": "395",
        "y": "128",
        "Time": "09:21:50.086",
        "InArea": "True"
    },
    {
        "x": "395",
        "y": "128",
        "Time": "09:21:50.135",
        "InArea": "True"
    },
    {
        "x": "394",
        "y": "127",
        "Time": "09:21:50.183",
        "InArea": "True"
    },
    {
        "x": "393",
        "y": "127",
        "Time": "09:21:50.224",
        "InArea": "True"
    },
    {
        "x": "393",
        "y": "127",
        "Time": "09:21:50.270",
        "InArea": "True"
    },
    {
        "x": "390",
        "y": "126",
        "Time": "09:21:50.319",
        "InArea": "True"
    },
    {
        "x": "389",
        "y": "125",
        "Time": "09:21:50.364",
        "InArea": "True"
    },
    {
        "x": "389",
        "y": "125",
        "Time": "09:21:50.452",
        "InArea": "True"
    },
    {
        "x": "387",
        "y": "124",
        "Time": "09:21:50.494",
        "InArea": "True"
    },
    {
        "x": "386",
        "y": "123",
        "Time": "09:21:50.537",
        "InArea": "True"
    },
    {
        "x": "384",
        "y": "121",
        "Time": "09:21:50.582",
        "InArea": "True"
    },
    {
        "x": "383",
        "y": "120",
        "Time": "09:21:50.629",
        "InArea": "True"
    },
    {
        "x": "381",
        "y": "119",
        "Time": "09:21:50.675",
        "InArea": "True"
    },
    {
        "x": "380",
        "y": "118",
        "Time": "09:21:50.715",
        "InArea": "True"
    },
    {
        "x": "379",
        "y": "118",
        "Time": "09:21:50.757",
        "InArea": "True"
    },
    {
        "x": "377",
        "y": "117",
        "Time": "09:21:50.799",
        "InArea": "True"
    },
    {
        "x": "376",
        "y": "117",
        "Time": "09:21:50.838",
        "InArea": "True"
    },
    {
        "x": "375",
        "y": "117",
        "Time": "09:21:50.892",
        "InArea": "True"
    },
    {
        "x": "375",
        "y": "117",
        "Time": "09:21:50.976",
        "InArea": "True"
    },
    {
        "x": "375",
        "y": "116",
        "Time": "09:21:51.025",
        "InArea": "True"
    },
    {
        "x": "375",
        "y": "115",
        "Time": "09:21:51.064",
        "InArea": "True"
    },
    {
        "x": "373",
        "y": "114",
        "Time": "09:21:51.104",
        "InArea": "True"
    },
    {
        "x": "372",
        "y": "114",
        "Time": "09:21:51.150",
        "InArea": "True"
    },
    {
        "x": "372",
        "y": "111",
        "Time": "09:21:51.194",
        "InArea": "False"
    },
    {
        "x": "372",
        "y": "110",
        "Time": "09:21:51.233",
        "InArea": "False"
    },
    {
        "x": "371",
        "y": "109",
        "Time": "09:21:51.278",
        "InArea": "False"
    }
]