[
    {
        "x": "399",
        "y": "130",
        "Time": "08:46:33.543",
        "InArea": "True"
    },
    {
        "x": "399",
        "y": "130",
        "Time": "08:46:33.586",
        "InArea": "True"
    },
    {
        "x": "399",
        "y": "130",
        "Time": "08:46:33.629",
        "InArea": "True"
    },
    {
        "x": "399",
        "y": "129",
        "Time": "08:46:33.672",
        "InArea": "True"
    },
    {
        "x": "399",
        "y": "129",
        "Time": "08:46:33.713",
        "InArea": "True"
    },
    {
        "x": "397",
        "y": "128",
        "Time": "08:46:33.763",
        "InArea": "True"
    },
    {
        "x": "396",
        "y": "128",
        "Time": "08:46:33.810",
        "InArea": "True"
    },
    {
        "x": "395",
        "y": "128",
        "Time": "08:46:33.854",
        "InArea": "True"
    },
    {
        "x": "395",
        "y": "128",
        "Time": "08:46:33.901",
        "InArea": "True"
    },
    {
        "x": "393",
        "y": "128",
        "Time": "08:46:33.954",
        "InArea": "True"
    },
    {
        "x": "392",
        "y": "128",
        "Time": "08:46:34.003",
        "InArea": "True"
    },
    {
        "x": "392",
        "y": "126",
        "Time": "08:46:34.050",
        "InArea": "True"
    },
    {
        "x": "392",
        "y": "125",
        "Time": "08:46:34.100",
        "InArea": "True"
    },
    {
        "x": "392",
        "y": "125",
        "Time": "08:46:34.141",
        "InArea": "True"
    },
    {
        "x": "389",
        "y": "125",
        "Time": "08:46:34.187",
        "InArea": "True"
    },
    {
        "x": "386",
        "y": "123",
        "Time": "08:46:34.236",
        "InArea": "True"
    },
    {
        "x": "385",
        "y": "122",
        "Time": "08:46:34.287",
        "InArea": "True"
    },
    {
        "x": "383",
        "y": "121",
        "Time": "08:46:34.340",
        "InArea": "True"
    },
    {
        "x": "382",
        "y": "121",
        "Time": "08:46:34.384",
        "InArea": "True"
    },
    {
        "x": "382",
        "y": "120",
        "Time": "08:46:34.443",
        "InArea": "True"
    },
    {
        "x": "382",
        "y": "120",
        "Time": "08:46:34.500",
        "InArea": "True"
    },
    {
        "x": "379",
        "y": "119",
        "Time": "08:46:34.542",
        "InArea": "True"
    },
    {
        "x": "378",
        "y": "118",
        "Time": "08:46:34.586",
        "InArea": "True"
    },
    {
        "x": "376",
        "y": "117",
        "Time": "08:46:34.635",
        "InArea": "True"
    },
    {
        "x": "375",
        "y": "117",
        "Time": "08:46:34.678",
        "InArea": "True"
    },
    {
        "x": "374",
        "y": "117",
        "Time": "08:46:34.724",
        "InArea": "True"
    },
    {
        "x": "373",
        "y": "116",
        "Time": "08:46:34.778",
        "InArea": "True"
    },
    {
        "x": "373",
        "y": "115",
        "Time": "08:46:34.837",
        "InArea": "True"
    },
    {
        "x": "372",
        "y": "113",
        "Time": "08:46:34.877",
        "InArea": "True"
    },
    {
        "x": "371",
        "y": "112",
        "Time": "08:46:34.919",
        "InArea": "True"
    },
    {
        "x": "371",
        "y": "110",
        "Time": "08:46:34.962",
        "InArea": "False"
    },
    {
        "x": "371",
        "y": "109",
        "Time": "08:46:35.003",
        "InArea": "False"
    }
]