[
    {
        "x": "399",
        "y": "129",
        "Time": "08:25:35.080",
        "InArea": "True"
    },
    {
        "x": "399",
        "y": "129",
        "Time": "08:25:35.121",
        "InArea": "True"
    },
    {
        "x": "399",
        "y": "129",
        "Time": "08:25:35.163",
        "InArea": "True"
    },
    {
        "x": "398",
        "y": "129",
        "Time": "08:25:35.207",
        "InArea": "True"
    },
    {
        "x": "398",
        "y": "129",
        "Time": "08:25:35.248",
        "InArea": "True"
    },
    {
        "x": "397",
        "y": "129",
        "Time": "08:25:35.293",
        "InArea": "True"
    },
    {
        "x": "396",
        "y": "129",
        "Time": "08:25:35.345",
        "InArea": "True"
    },
    {
        "x": "395",
        "y": "128",
        "Time": "08:25:35.394",
        "InArea": "True"
    },
    {
        "x": "395",
        "y": "128",
        "Time": "08:25:35.441",
        "InArea": "True"
    },
    {
        "x": "392",
        "y": "126",
        "Time": "08:25:35.482",
        "InArea": "True"
    },
    {
        "x": "391",
        "y": "125",
        "Time": "08:25:35.526",
        "InArea": "True"
    },
    {
        "x": "390",
        "y": "125",
        "Time": "08:25:35.566",
        "InArea": "True"
    },
    {
        "x": "389",
        "y": "124",
        "Time": "08:25:35.609",
        "InArea": "True"
    },
    {
        "x": "388",
        "y": "124",
        "Time": "08:25:35.654",
        "InArea": "True"
    },
    {
        "x": "387",
        "y": "123",
        "Time": "08:25:35.702",
        "InArea": "True"
    },
    {
        "x": "386",
        "y": "122",
        "Time": "08:25:35.747",
        "InArea": "True"
    },
    {
        "x": "385",
        "y": "122",
        "Time": "08:25:35.790",
        "InArea": "True"
    },
    {
        "x": "384",
        "y": "122",
        "Time": "08:25:35.829",
        "InArea": "True"
    },
    {
        "x": "383",
        "y": "120",
        "Time": "08:25:35.874",
        "InArea": "True"
    },
    {
        "x": "382",
        "y": "119",
        "Time": "08:25:35.918",
        "InArea": "True"
    },
    {
        "x": "382",
        "y": "119",
        "Time": "08:25:35.958",
        "InArea": "True"
    },
    {
        "x": "381",
        "y": "118",
        "Time": "08:25:35.999",
        "InArea": "True"
    },
    {
        "x": "381",
        "y": "117",
        "Time": "08:25:36.054",
        "InArea": "True"
    },
    {
        "x": "379",
        "y": "116",
        "Time": "08:25:36.106",
        "InArea": "True"
    },
    {
        "x": "378",
        "y": "115",
        "Time": "08:25:36.160",
        "InArea": "True"
    },
    {
        "x": "377",
        "y": "114",
        "Time": "08:25:36.208",
        "InArea": "True"
    },
    {
        "x": "376",
        "y": "113",
        "Time": "08:25:36.252",
        "InArea": "True"
    },
    {
        "x": "375",
        "y": "113",
        "Time": "08:25:36.293",
        "InArea": "True"
    },
    {
        "x": "374",
        "y": "113",
        "Time": "08:25:36.338",
        "InArea": "True"
    },
    {
        "x": "373",
        "y": "111",
        "Time": "08:25:36.384",
        "InArea": "True"
    },
    {
        "x": "372",
        "y": "110",
        "Time": "08:25:36.434",
        "InArea": "True"
    },
    {
        "x": "372",
        "y": "109",
        "Time": "08:25:36.492",
        "InArea": "False"
    }
]