[
    {
        "x": "401",
        "y": "130",
        "Time": "09:29:30.936",
        "InArea": "True"
    },
    {
        "x": "401",
        "y": "130",
        "Time": "09:29:30.978",
        "InArea": "True"
    },
    {
        "x": "401",
        "y": "130",
        "Time": "09:29:31.020",
        "InArea": "True"
    },
    {
        "x": "401",
        "y": "130",
        "Time": "09:29:31.063",
        "InArea": "True"
    },
    {
        "x": "401",
        "y": "129",
        "Time": "09:29:31.108",
        "InArea": "True"
    },
    {
        "x": "401",
        "y": "129",
        "Time": "09:29:31.244",
        "InArea": "True"
    },
    {
        "x": "399",
        "y": "128",
        "Time": "09:29:31.294",
        "InArea": "True"
    },
    {
        "x": "398",
        "y": "127",
        "Time": "09:29:31.345",
        "InArea": "True"
    },
    {
        "x": "394",
        "y": "126",
        "Time": "09:29:31.395",
        "InArea": "True"
    },
    {
        "x": "392",
        "y": "125",
        "Time": "09:29:31.446",
        "InArea": "True"
    },
    {
        "x": "391",
        "y": "125",
        "Time": "09:29:31.493",
        "InArea": "True"
    },
    {
        "x": "388",
        "y": "125",
        "Time": "09:29:31.537",
        "InArea": "True"
    },
    {
        "x": "384",
        "y": "124",
        "Time": "09:29:31.576",
        "InArea": "True"
    },
    {
        "x": "382",
        "y": "124",
        "Time": "09:29:31.615",
        "InArea": "True"
    },
    {
        "x": "381",
        "y": "124",
        "Time": "09:29:31.660",
        "InArea": "True"
    },
    {
        "x": "380",
        "y": "123",
        "Time": "09:29:31.708",
        "InArea": "True"
    },
    {
        "x": "379",
        "y": "122",
        "Time": "09:29:31.754",
        "InArea": "True"
    },
    {
        "x": "378",
        "y": "121",
        "Time": "09:29:31.803",
        "InArea": "True"
    },
    {
        "x": "378",
        "y": "120",
        "Time": "09:29:31.848",
        "InArea": "True"
    },
    {
        "x": "378",
        "y": "118",
        "Time": "09:29:31.901",
        "InArea": "True"
    },
    {
        "x": "378",
        "y": "117",
        "Time": "09:29:31.942",
        "InArea": "True"
    },
    {
        "x": "377",
        "y": "117",
        "Time": "09:29:31.989",
        "InArea": "True"
    },
    {
        "x": "377",
        "y": "117",
        "Time": "09:29:32.034",
        "InArea": "True"
    },
    {
        "x": "375",
        "y": "116",
        "Time": "09:29:32.089",
        "InArea": "True"
    },
    {
        "x": "374",
        "y": "116",
        "Time": "09:29:32.134",
        "InArea": "True"
    },
    {
        "x": "374",
        "y": "115",
        "Time": "09:29:32.176",
        "InArea": "True"
    },
    {
        "x": "374",
        "y": "114",
        "Time": "09:29:32.224",
        "InArea": "True"
    },
    {
        "x": "374",
        "y": "114",
        "Time": "09:29:32.267",
        "InArea": "True"
    },
    {
        "x": "373",
        "y": "112",
        "Time": "09:29:32.309",
        "InArea": "True"
    },
    {
        "x": "372",
        "y": "111",
        "Time": "09:29:32.350",
        "InArea": "True"
    },
    {
        "x": "371",
        "y": "109",
        "Time": "09:29:32.395",
        "InArea": "False"
    },
    {
        "x": "371",
        "y": "108",
        "Time": "09:29:32.437",
        "InArea": "False"
    }
]