[
    {
        "x": "380",
        "y": "128",
        "Time": "08:53:11.053",
        "InArea": "True"
    },
    {
        "x": "380",
        "y": "128",
        "Time": "08:53:11.144",
        "InArea": "True"
    },
    {
        "x": "379",
        "y": "127",
        "Time": "08:53:11.186",
        "InArea": "True"
    },
    {
        "x": "379",
        "y": "125",
        "Time": "08:53:11.248",
        "InArea": "True"
    },
    {
        "x": "379",
        "y": "124",
        "Time": "08:53:11.295",
        "InArea": "True"
    },
    {
        "x": "379",
        "y": "124",
        "Time": "08:53:11.335",
        "InArea": "True"
    },
    {
        "x": "377",
        "y": "123",
        "Time": "08:53:11.379",
        "InArea": "True"
    },
    {
        "x": "376",
        "y": "122",
        "Time": "08:53:11.420",
        "InArea": "True"
    },
    {
        "x": "376",
        "y": "121",
        "Time": "08:53:11.468",
        "InArea": "True"
    },
    {
        "x": "376",
        "y": "121",
        "Time": "08:53:11.513",
        "InArea": "True"
    },
    {
        "x": "375",
        "y": "120",
        "Time": "08:53:11.555",
        "InArea": "True"
    },
    {
        "x": "375",
        "y": "120",
        "Time": "08:53:11.597",
        "InArea": "True"
    },
    {
        "x": "373",
        "y": "120",
        "Time": "08:53:11.642",
        "InArea": "True"
    },
    {
        "x": "372",
        "y": "120",
        "Time": "08:53:11.686",
        "InArea": "True"
    },
    {
        "x": "372",
        "y": "120",
        "Time": "08:53:11.726",
        "InArea": "True"
    },
    {
        "x": "372",
        "y": "119",
        "Time": "08:53:11.771",
        "InArea": "True"
    },
    {
        "x": "372",
        "y": "118",
        "Time": "08:53:11.812",
        "InArea": "True"
    },
    {
        "x": "369",
        "y": "119",
        "Time": "08:53:11.854",
        "InArea": "True"
    },
    {
        "x": "368",
        "y": "119",
        "Time": "08:53:11.906",
        "InArea": "True"
    },
    {
        "x": "367",
        "y": "119",
        "Time": "08:53:11.963",
        "InArea": "True"
    },
    {
        "x": "366",
        "y": "119",
        "Time": "08:53:12.016",
        "InArea": "True"
    },
    {
        "x": "366",
        "y": "118",
        "Time": "08:53:12.060",
        "InArea": "True"
    },
    {
        "x": "366",
        "y": "118",
        "Time": "08:53:12.100",
        "InArea": "True"
    },
    {
        "x": "365",
        "y": "117",
        "Time": "08:53:12.147",
        "InArea": "True"
    },
    {
        "x": "365",
        "y": "117",
        "Time": "08:53:12.190",
        "InArea": "True"
    },
    {
        "x": "364",
        "y": "116",
        "Time": "08:53:12.236",
        "InArea": "True"
    },
    {
        "x": "364",
        "y": "115",
        "Time": "08:53:12.279",
        "InArea": "True"
    },
    {
        "x": "364",
        "y": "115",
        "Time": "08:53:12.326",
        "InArea": "True"
    },
    {
        "x": "363",
        "y": "113",
        "Time": "08:53:12.365",
        "InArea": "True"
    },
    {
        "x": "363",
        "y": "112",
        "Time": "08:53:12.412",
        "InArea": "True"
    },
    {
        "x": "362",
        "y": "110",
        "Time": "08:53:12.459",
        "InArea": "False"
    },
    {
        "x": "361",
        "y": "109",
        "Time": "08:53:12.499",
        "InArea": "False"
    }
]