[
    {
        "x": "405",
        "y": "127",
        "Time": "08:53:33.185",
        "InArea": "True"
    },
    {
        "x": "404",
        "y": "126",
        "Time": "08:53:33.227",
        "InArea": "True"
    },
    {
        "x": "403",
        "y": "126",
        "Time": "08:53:33.271",
        "InArea": "True"
    },
    {
        "x": "402",
        "y": "126",
        "Time": "08:53:33.315",
        "InArea": "True"
    },
    {
        "x": "400",
        "y": "124",
        "Time": "08:53:33.366",
        "InArea": "True"
    },
    {
        "x": "399",
        "y": "123",
        "Time": "08:53:33.413",
        "InArea": "True"
    },
    {
        "x": "400",
        "y": "122",
        "Time": "08:53:33.463",
        "InArea": "True"
    },
    {
        "x": "401",
        "y": "121",
        "Time": "08:53:33.512",
        "InArea": "True"
    },
    {
        "x": "400",
        "y": "121",
        "Time": "08:53:33.560",
        "InArea": "True"
    },
    {
        "x": "399",
        "y": "121",
        "Time": "08:53:33.614",
        "InArea": "True"
    },
    {
        "x": "395",
        "y": "121",
        "Time": "08:53:33.664",
        "InArea": "True"
    },
    {
        "x": "393",
        "y": "121",
        "Time": "08:53:33.707",
        "InArea": "True"
    },
    {
        "x": "388",
        "y": "120",
        "Time": "08:53:33.748",
        "InArea": "True"
    },
    {
        "x": "385",
        "y": "120",
        "Time": "08:53:33.796",
        "InArea": "True"
    },
    {
        "x": "383",
        "y": "119",
        "Time": "08:53:33.848",
        "InArea": "True"
    },
    {
        "x": "382",
        "y": "119",
        "Time": "08:53:33.899",
        "InArea": "True"
    },
    {
        "x": "382",
        "y": "119",
        "Time": "08:53:33.947",
        "InArea": "True"
    },
    {
        "x": "381",
        "y": "118",
        "Time": "08:53:33.987",
        "InArea": "True"
    },
    {
        "x": "379",
        "y": "117",
        "Time": "08:53:34.032",
        "InArea": "True"
    },
    {
        "x": "378",
        "y": "117",
        "Time": "08:53:34.073",
        "InArea": "True"
    },
    {
        "x": "378",
        "y": "117",
        "Time": "08:53:34.120",
        "InArea": "True"
    },
    {
        "x": "377",
        "y": "117",
        "Time": "08:53:34.169",
        "InArea": "True"
    },
    {
        "x": "376",
        "y": "117",
        "Time": "08:53:34.216",
        "InArea": "True"
    },
    {
        "x": "374",
        "y": "116",
        "Time": "08:53:34.259",
        "InArea": "True"
    },
    {
        "x": "373",
        "y": "115",
        "Time": "08:53:34.302",
        "InArea": "True"
    },
    {
        "x": "372",
        "y": "115",
        "Time": "08:53:34.343",
        "InArea": "True"
    },
    {
        "x": "371",
        "y": "113",
        "Time": "08:53:34.384",
        "InArea": "True"
    },
    {
        "x": "371",
        "y": "112",
        "Time": "08:53:34.445",
        "InArea": "True"
    },
    {
        "x": "371",
        "y": "112",
        "Time": "08:53:34.494",
        "InArea": "True"
    },
    {
        "x": "371",
        "y": "112",
        "Time": "08:53:34.534",
        "InArea": "True"
    },
    {
        "x": "368",
        "y": "110",
        "Time": "08:53:34.578",
        "InArea": "False"
    },
    {
        "x": "366",
        "y": "108",
        "Time": "08:53:34.623",
        "InArea": "False"
    }
]