[
    {
        "x": "386",
        "y": "126",
        "Time": "08:23:06.425",
        "InArea": "True"
    },
    {
        "x": "385",
        "y": "125",
        "Time": "08:23:06.468",
        "InArea": "True"
    },
    {
        "x": "384",
        "y": "125",
        "Time": "08:23:06.512",
        "InArea": "True"
    },
    {
        "x": "383",
        "y": "125",
        "Time": "08:23:06.555",
        "InArea": "True"
    },
    {
        "x": "383",
        "y": "125",
        "Time": "08:23:06.593",
        "InArea": "True"
    },
    {
        "x": "382",
        "y": "124",
        "Time": "08:23:06.644",
        "InArea": "True"
    },
    {
        "x": "380",
        "y": "122",
        "Time": "08:23:06.693",
        "InArea": "True"
    },
    {
        "x": "379",
        "y": "121",
        "Time": "08:23:06.735",
        "InArea": "True"
    },
    {
        "x": "379",
        "y": "121",
        "Time": "08:23:06.783",
        "InArea": "True"
    },
    {
        "x": "378",
        "y": "121",
        "Time": "08:23:06.829",
        "InArea": "True"
    },
    {
        "x": "377",
        "y": "121",
        "Time": "08:23:06.878",
        "InArea": "True"
    },
    {
        "x": "376",
        "y": "121",
        "Time": "08:23:06.927",
        "InArea": "True"
    },
    {
        "x": "376",
        "y": "121",
        "Time": "08:23:06.979",
        "InArea": "True"
    },
    {
        "x": "374",
        "y": "120",
        "Time": "08:23:07.021",
        "InArea": "True"
    },
    {
        "x": "373",
        "y": "119",
        "Time": "08:23:07.069",
        "InArea": "True"
    },
    {
        "x": "373",
        "y": "118",
        "Time": "08:23:07.114",
        "InArea": "True"
    },
    {
        "x": "373",
        "y": "118",
        "Time": "08:23:07.159",
        "InArea": "True"
    },
    {
        "x": "372",
        "y": "118",
        "Time": "08:23:07.208",
        "InArea": "True"
    },
    {
        "x": "371",
        "y": "118",
        "Time": "08:23:07.251",
        "InArea": "True"
    },
    {
        "x": "371",
        "y": "118",
        "Time": "08:23:07.296",
        "InArea": "True"
    },
    {
        "x": "371",
        "y": "118",
        "Time": "08:23:07.343",
        "InArea": "True"
    },
    {
        "x": "371",
        "y": "118",
        "Time": "08:23:07.387",
        "InArea": "True"
    },
    {
        "x": "371",
        "y": "117",
        "Time": "08:23:07.430",
        "InArea": "True"
    },
    {
        "x": "371",
        "y": "116",
        "Time": "08:23:07.466",
        "InArea": "True"
    },
    {
        "x": "370",
        "y": "115",
        "Time": "08:23:07.515",
        "InArea": "True"
    },
    {
        "x": "370",
        "y": "115",
        "Time": "08:23:07.560",
        "InArea": "True"
    },
    {
        "x": "368",
        "y": "113",
        "Time": "08:23:07.603",
        "InArea": "True"
    },
    {
        "x": "367",
        "y": "112",
        "Time": "08:23:07.646",
        "InArea": "True"
    },
    {
        "x": "367",
        "y": "111",
        "Time": "08:23:07.702",
        "InArea": "True"
    },
    {
        "x": "367",
        "y": "111",
        "Time": "08:23:07.753",
        "InArea": "True"
    },
    {
        "x": "367",
        "y": "109",
        "Time": "08:23:07.807",
        "InArea": "False"
    },
    {
        "x": "367",
        "y": "108",
        "Time": "08:23:07.854",
        "InArea": "False"
    }
]