[
    {
        "x": "404",
        "y": "124",
        "Time": "08:30:05.099",
        "InArea": "True"
    },
    {
        "x": "403",
        "y": "124",
        "Time": "08:30:05.137",
        "InArea": "True"
    },
    {
        "x": "403",
        "y": "123",
        "Time": "08:30:05.187",
        "InArea": "True"
    },
    {
        "x": "403",
        "y": "123",
        "Time": "08:30:05.240",
        "InArea": "True"
    },
    {
        "x": "402",
        "y": "123",
        "Time": "08:30:05.292",
        "InArea": "True"
    },
    {
        "x": "401",
        "y": "123",
        "Time": "08:30:05.339",
        "InArea": "True"
    },
    {
        "x": "401",
        "y": "123",
        "Time": "08:30:05.381",
        "InArea": "True"
    },
    {
        "x": "401",
        "y": "123",
        "Time": "08:30:05.427",
        "InArea": "True"
    },
    {
        "x": "399",
        "y": "122",
        "Time": "08:30:05.482",
        "InArea": "True"
    },
    {
        "x": "398",
        "y": "122",
        "Time": "08:30:05.537",
        "InArea": "True"
    },
    {
        "x": "397",
        "y": "122",
        "Time": "08:30:05.575",
        "InArea": "True"
    },
    {
        "x": "397",
        "y": "122",
        "Time": "08:30:05.665",
        "InArea": "True"
    },
    {
        "x": "394",
        "y": "121",
        "Time": "08:30:05.708",
        "InArea": "True"
    },
    {
        "x": "392",
        "y": "119",
        "Time": "08:30:05.749",
        "InArea": "True"
    },
    {
        "x": "391",
        "y": "118",
        "Time": "08:30:05.788",
        "InArea": "True"
    },
    {
        "x": "390",
        "y": "118",
        "Time": "08:30:05.833",
        "InArea": "True"
    },
    {
        "x": "389",
        "y": "117",
        "Time": "08:30:05.875",
        "InArea": "True"
    },
    {
        "x": "388",
        "y": "117",
        "Time": "08:30:05.922",
        "InArea": "True"
    },
    {
        "x": "388",
        "y": "117",
        "Time": "08:30:05.961",
        "InArea": "True"
    },
    {
        "x": "387",
        "y": "116",
        "Time": "08:30:06.011",
        "InArea": "True"
    },
    {
        "x": "385",
        "y": "115",
        "Time": "08:30:06.060",
        "InArea": "True"
    },
    {
        "x": "384",
        "y": "114",
        "Time": "08:30:06.111",
        "InArea": "True"
    },
    {
        "x": "384",
        "y": "114",
        "Time": "08:30:06.158",
        "InArea": "True"
    },
    {
        "x": "383",
        "y": "114",
        "Time": "08:30:06.203",
        "InArea": "True"
    },
    {
        "x": "382",
        "y": "114",
        "Time": "08:30:06.252",
        "InArea": "True"
    },
    {
        "x": "380",
        "y": "112",
        "Time": "08:30:06.295",
        "InArea": "True"
    },
    {
        "x": "379",
        "y": "111",
        "Time": "08:30:06.347",
        "InArea": "True"
    },
    {
        "x": "378",
        "y": "111",
        "Time": "08:30:06.398",
        "InArea": "True"
    },
    {
        "x": "377",
        "y": "111",
        "Time": "08:30:06.449",
        "InArea": "True"
    },
    {
        "x": "376",
        "y": "110",
        "Time": "08:30:06.498",
        "InArea": "True"
    },
    {
        "x": "375",
        "y": "110",
        "Time": "08:30:06.544",
        "InArea": "True"
    },
    {
        "x": "374",
        "y": "108",
        "Time": "08:30:06.597",
        "InArea": "False"
    }
]