[
    {
        "x": "404",
        "y": "131",
        "Time": "08:27:06.559",
        "InArea": "True"
    },
    {
        "x": "403",
        "y": "131",
        "Time": "08:27:06.608",
        "InArea": "True"
    },
    {
        "x": "403",
        "y": "131",
        "Time": "08:27:06.647",
        "InArea": "True"
    },
    {
        "x": "402",
        "y": "131",
        "Time": "08:27:06.690",
        "InArea": "True"
    },
    {
        "x": "402",
        "y": "131",
        "Time": "08:27:06.820",
        "InArea": "True"
    },
    {
        "x": "402",
        "y": "130",
        "Time": "08:27:06.866",
        "InArea": "True"
    },
    {
        "x": "402",
        "y": "130",
        "Time": "08:27:06.945",
        "InArea": "True"
    },
    {
        "x": "401",
        "y": "129",
        "Time": "08:27:06.988",
        "InArea": "True"
    },
    {
        "x": "400",
        "y": "129",
        "Time": "08:27:07.029",
        "InArea": "True"
    },
    {
        "x": "400",
        "y": "129",
        "Time": "08:27:07.069",
        "InArea": "True"
    },
    {
        "x": "399",
        "y": "128",
        "Time": "08:27:07.116",
        "InArea": "True"
    },
    {
        "x": "399",
        "y": "128",
        "Time": "08:27:07.163",
        "InArea": "True"
    },
    {
        "x": "399",
        "y": "127",
        "Time": "08:27:07.221",
        "InArea": "True"
    },
    {
        "x": "397",
        "y": "125",
        "Time": "08:27:07.272",
        "InArea": "True"
    },
    {
        "x": "396",
        "y": "124",
        "Time": "08:27:07.321",
        "InArea": "True"
    },
    {
        "x": "395",
        "y": "124",
        "Time": "08:27:07.375",
        "InArea": "True"
    },
    {
        "x": "394",
        "y": "124",
        "Time": "08:27:07.426",
        "InArea": "True"
    },
    {
        "x": "391",
        "y": "123",
        "Time": "08:27:07.473",
        "InArea": "True"
    },
    {
        "x": "389",
        "y": "122",
        "Time": "08:27:07.512",
        "InArea": "True"
    },
    {
        "x": "388",
        "y": "122",
        "Time": "08:27:07.555",
        "InArea": "True"
    },
    {
        "x": "387",
        "y": "121",
        "Time": "08:27:07.599",
        "InArea": "True"
    },
    {
        "x": "386",
        "y": "120",
        "Time": "08:27:07.647",
        "InArea": "True"
    },
    {
        "x": "385",
        "y": "119",
        "Time": "08:27:07.688",
        "InArea": "True"
    },
    {
        "x": "384",
        "y": "118",
        "Time": "08:27:07.732",
        "InArea": "True"
    },
    {
        "x": "384",
        "y": "117",
        "Time": "08:27:07.776",
        "InArea": "True"
    },
    {
        "x": "384",
        "y": "116",
        "Time": "08:27:07.827",
        "InArea": "True"
    },
    {
        "x": "382",
        "y": "115",
        "Time": "08:27:07.875",
        "InArea": "True"
    },
    {
        "x": "381",
        "y": "114",
        "Time": "08:27:07.915",
        "InArea": "True"
    },
    {
        "x": "379",
        "y": "112",
        "Time": "08:27:07.955",
        "InArea": "True"
    },
    {
        "x": "378",
        "y": "111",
        "Time": "08:27:08.003",
        "InArea": "True"
    },
    {
        "x": "378",
        "y": "110",
        "Time": "08:27:08.047",
        "InArea": "True"
    },
    {
        "x": "376",
        "y": "109",
        "Time": "08:27:08.088",
        "InArea": "False"
    }
]