[
    {
        "x": "387",
        "y": "138",
        "Time": "09:19:28.444",
        "InArea": "True"
    },
    {
        "x": "385",
        "y": "136",
        "Time": "09:19:28.498",
        "InArea": "True"
    },
    {
        "x": "384",
        "y": "135",
        "Time": "09:19:28.544",
        "InArea": "True"
    },
    {
        "x": "383",
        "y": "134",
        "Time": "09:19:28.592",
        "InArea": "True"
    },
    {
        "x": "379",
        "y": "133",
        "Time": "09:19:28.642",
        "InArea": "True"
    },
    {
        "x": "376",
        "y": "132",
        "Time": "09:19:28.688",
        "InArea": "True"
    },
    {
        "x": "375",
        "y": "131",
        "Time": "09:19:28.733",
        "InArea": "True"
    },
    {
        "x": "374",
        "y": "131",
        "Time": "09:19:28.775",
        "InArea": "True"
    },
    {
        "x": "372",
        "y": "130",
        "Time": "09:19:28.822",
        "InArea": "True"
    },
    {
        "x": "371",
        "y": "129",
        "Time": "09:19:28.865",
        "InArea": "True"
    },
    {
        "x": "370",
        "y": "128",
        "Time": "09:19:28.915",
        "InArea": "True"
    },
    {
        "x": "370",
        "y": "127",
        "Time": "09:19:28.961",
        "InArea": "True"
    },
    {
        "x": "367",
        "y": "125",
        "Time": "09:19:29.008",
        "InArea": "True"
    },
    {
        "x": "365",
        "y": "124",
        "Time": "09:19:29.059",
        "InArea": "True"
    },
    {
        "x": "363",
        "y": "123",
        "Time": "09:19:29.110",
        "InArea": "True"
    },
    {
        "x": "362",
        "y": "123",
        "Time": "09:19:29.162",
        "InArea": "True"
    },
    {
        "x": "361",
        "y": "123",
        "Time": "09:19:29.204",
        "InArea": "True"
    },
    {
        "x": "360",
        "y": "122",
        "Time": "09:19:29.250",
        "InArea": "True"
    },
    {
        "x": "359",
        "y": "121",
        "Time": "09:19:29.290",
        "InArea": "True"
    },
    {
        "x": "359",
        "y": "120",
        "Time": "09:19:29.331",
        "InArea": "True"
    },
    {
        "x": "359",
        "y": "120",
        "Time": "09:19:29.380",
        "InArea": "True"
    },
    {
        "x": "358",
        "y": "119",
        "Time": "09:19:29.423",
        "InArea": "True"
    },
    {
        "x": "358",
        "y": "119",
        "Time": "09:19:29.470",
        "InArea": "True"
    },
    {
        "x": "356",
        "y": "117",
        "Time": "09:19:29.520",
        "InArea": "True"
    },
    {
        "x": "355",
        "y": "116",
        "Time": "09:19:29.565",
        "InArea": "True"
    },
    {
        "x": "354",
        "y": "116",
        "Time": "09:19:29.607",
        "InArea": "True"
    },
    {
        "x": "352",
        "y": "115",
        "Time": "09:19:29.654",
        "InArea": "True"
    },
    {
        "x": "349",
        "y": "113",
        "Time": "09:19:29.696",
        "InArea": "True"
    },
    {
        "x": "347",
        "y": "112",
        "Time": "09:19:29.739",
        "InArea": "True"
    },
    {
        "x": "346",
        "y": "111",
        "Time": "09:19:29.781",
        "InArea": "True"
    },
    {
        "x": "345",
        "y": "110",
        "Time": "09:19:29.825",
        "InArea": "False"
    },
    {
        "x": "345",
        "y": "108",
        "Time": "09:19:29.881",
        "InArea": "False"
    }
]