[
    {
        "x": "404",
        "y": "132",
        "Time": "08:47:50.850",
        "InArea": "True"
    },
    {
        "x": "404",
        "y": "132",
        "Time": "08:47:50.892",
        "InArea": "True"
    },
    {
        "x": "403",
        "y": "131",
        "Time": "08:47:50.941",
        "InArea": "True"
    },
    {
        "x": "403",
        "y": "131",
        "Time": "08:47:51.048",
        "InArea": "True"
    },
    {
        "x": "399",
        "y": "130",
        "Time": "08:47:51.097",
        "InArea": "True"
    },
    {
        "x": "396",
        "y": "129",
        "Time": "08:47:51.144",
        "InArea": "True"
    },
    {
        "x": "394",
        "y": "129",
        "Time": "08:47:51.194",
        "InArea": "True"
    },
    {
        "x": "392",
        "y": "128",
        "Time": "08:47:51.236",
        "InArea": "True"
    },
    {
        "x": "391",
        "y": "127",
        "Time": "08:47:51.277",
        "InArea": "True"
    },
    {
        "x": "391",
        "y": "127",
        "Time": "08:47:51.325",
        "InArea": "True"
    },
    {
        "x": "390",
        "y": "125",
        "Time": "08:47:51.372",
        "InArea": "True"
    },
    {
        "x": "389",
        "y": "124",
        "Time": "08:47:51.423",
        "InArea": "True"
    },
    {
        "x": "388",
        "y": "123",
        "Time": "08:47:51.465",
        "InArea": "True"
    },
    {
        "x": "387",
        "y": "122",
        "Time": "08:47:51.517",
        "InArea": "True"
    },
    {
        "x": "386",
        "y": "122",
        "Time": "08:47:51.561",
        "InArea": "True"
    },
    {
        "x": "385",
        "y": "122",
        "Time": "08:47:51.610",
        "InArea": "True"
    },
    {
        "x": "384",
        "y": "121",
        "Time": "08:47:51.653",
        "InArea": "True"
    },
    {
        "x": "383",
        "y": "121",
        "Time": "08:47:51.699",
        "InArea": "True"
    },
    {
        "x": "381",
        "y": "120",
        "Time": "08:47:51.744",
        "InArea": "True"
    },
    {
        "x": "380",
        "y": "119",
        "Time": "08:47:51.792",
        "InArea": "True"
    },
    {
        "x": "379",
        "y": "119",
        "Time": "08:47:51.834",
        "InArea": "True"
    },
    {
        "x": "378",
        "y": "118",
        "Time": "08:47:51.883",
        "InArea": "True"
    },
    {
        "x": "376",
        "y": "117",
        "Time": "08:47:51.932",
        "InArea": "True"
    },
    {
        "x": "375",
        "y": "117",
        "Time": "08:47:51.977",
        "InArea": "True"
    },
    {
        "x": "375",
        "y": "115",
        "Time": "08:47:52.033",
        "InArea": "True"
    },
    {
        "x": "375",
        "y": "114",
        "Time": "08:47:52.075",
        "InArea": "True"
    },
    {
        "x": "375",
        "y": "114",
        "Time": "08:47:52.125",
        "InArea": "True"
    },
    {
        "x": "374",
        "y": "112",
        "Time": "08:47:52.181",
        "InArea": "True"
    },
    {
        "x": "374",
        "y": "111",
        "Time": "08:47:52.228",
        "InArea": "True"
    },
    {
        "x": "372",
        "y": "110",
        "Time": "08:47:52.291",
        "InArea": "True"
    },
    {
        "x": "371",
        "y": "110",
        "Time": "08:47:52.336",
        "InArea": "True"
    },
    {
        "x": "368",
        "y": "108",
        "Time": "08:47:52.378",
        "InArea": "False"
    }
]