[
    {
        "x": "415",
        "y": "133",
        "Time": "08:17:08.851",
        "InArea": "True"
    },
    {
        "x": "416",
        "y": "133",
        "Time": "08:17:08.898",
        "InArea": "True"
    },
    {
        "x": "416",
        "y": "133",
        "Time": "08:17:08.938",
        "InArea": "True"
    },
    {
        "x": "415",
        "y": "132",
        "Time": "08:17:08.989",
        "InArea": "True"
    },
    {
        "x": "414",
        "y": "131",
        "Time": "08:17:09.033",
        "InArea": "True"
    },
    {
        "x": "414",
        "y": "131",
        "Time": "08:17:09.074",
        "InArea": "True"
    },
    {
        "x": "413",
        "y": "131",
        "Time": "08:17:09.117",
        "InArea": "True"
    },
    {
        "x": "412",
        "y": "131",
        "Time": "08:17:09.168",
        "InArea": "True"
    },
    {
        "x": "411",
        "y": "129",
        "Time": "08:17:09.212",
        "InArea": "True"
    },
    {
        "x": "411",
        "y": "128",
        "Time": "08:17:09.257",
        "InArea": "True"
    },
    {
        "x": "411",
        "y": "128",
        "Time": "08:17:09.348",
        "InArea": "True"
    },
    {
        "x": "405",
        "y": "125",
        "Time": "08:17:09.395",
        "InArea": "True"
    },
    {
        "x": "402",
        "y": "124",
        "Time": "08:17:09.435",
        "InArea": "True"
    },
    {
        "x": "401",
        "y": "122",
        "Time": "08:17:09.481",
        "InArea": "True"
    },
    {
        "x": "400",
        "y": "121",
        "Time": "08:17:09.535",
        "InArea": "True"
    },
    {
        "x": "400",
        "y": "120",
        "Time": "08:17:09.583",
        "InArea": "True"
    },
    {
        "x": "400",
        "y": "119",
        "Time": "08:17:09.623",
        "InArea": "True"
    },
    {
        "x": "400",
        "y": "119",
        "Time": "08:17:09.668",
        "InArea": "True"
    },
    {
        "x": "397",
        "y": "119",
        "Time": "08:17:09.709",
        "InArea": "True"
    },
    {
        "x": "396",
        "y": "119",
        "Time": "08:17:09.758",
        "InArea": "True"
    },
    {
        "x": "393",
        "y": "117",
        "Time": "08:17:09.798",
        "InArea": "True"
    },
    {
        "x": "392",
        "y": "116",
        "Time": "08:17:09.843",
        "InArea": "True"
    },
    {
        "x": "391",
        "y": "115",
        "Time": "08:17:09.887",
        "InArea": "True"
    },
    {
        "x": "389",
        "y": "114",
        "Time": "08:17:09.930",
        "InArea": "True"
    },
    {
        "x": "388",
        "y": "114",
        "Time": "08:17:09.974",
        "InArea": "True"
    },
    {
        "x": "386",
        "y": "112",
        "Time": "08:17:10.018",
        "InArea": "True"
    },
    {
        "x": "385",
        "y": "111",
        "Time": "08:17:10.058",
        "InArea": "True"
    },
    {
        "x": "383",
        "y": "111",
        "Time": "08:17:10.100",
        "InArea": "True"
    },
    {
        "x": "382",
        "y": "111",
        "Time": "08:17:10.154",
        "InArea": "True"
    },
    {
        "x": "380",
        "y": "110",
        "Time": "08:17:10.193",
        "InArea": "True"
    },
    {
        "x": "379",
        "y": "110",
        "Time": "08:17:10.240",
        "InArea": "True"
    },
    {
        "x": "377",
        "y": "109",
        "Time": "08:17:10.292",
        "InArea": "False"
    }
]