[
    {
        "x": "393",
        "y": "123",
        "Time": "08:30:23.079",
        "InArea": "True"
    },
    {
        "x": "392",
        "y": "123",
        "Time": "08:30:23.126",
        "InArea": "True"
    },
    {
        "x": "391",
        "y": "122",
        "Time": "08:30:23.179",
        "InArea": "True"
    },
    {
        "x": "390",
        "y": "122",
        "Time": "08:30:23.221",
        "InArea": "True"
    },
    {
        "x": "387",
        "y": "121",
        "Time": "08:30:23.261",
        "InArea": "True"
    },
    {
        "x": "386",
        "y": "120",
        "Time": "08:30:23.309",
        "InArea": "True"
    },
    {
        "x": "385",
        "y": "120",
        "Time": "08:30:23.352",
        "InArea": "True"
    },
    {
        "x": "383",
        "y": "119",
        "Time": "08:30:23.396",
        "InArea": "True"
    },
    {
        "x": "382",
        "y": "119",
        "Time": "08:30:23.434",
        "InArea": "True"
    },
    {
        "x": "380",
        "y": "118",
        "Time": "08:30:23.477",
        "InArea": "True"
    },
    {
        "x": "379",
        "y": "118",
        "Time": "08:30:23.526",
        "InArea": "True"
    },
    {
        "x": "378",
        "y": "117",
        "Time": "08:30:23.577",
        "InArea": "True"
    },
    {
        "x": "378",
        "y": "117",
        "Time": "08:30:23.618",
        "InArea": "True"
    },
    {
        "x": "377",
        "y": "116",
        "Time": "08:30:23.670",
        "InArea": "True"
    },
    {
        "x": "377",
        "y": "116",
        "Time": "08:30:23.719",
        "InArea": "True"
    },
    {
        "x": "376",
        "y": "116",
        "Time": "08:30:23.760",
        "InArea": "True"
    },
    {
        "x": "376",
        "y": "116",
        "Time": "08:30:23.812",
        "InArea": "True"
    },
    {
        "x": "375",
        "y": "116",
        "Time": "08:30:23.861",
        "InArea": "True"
    },
    {
        "x": "374",
        "y": "116",
        "Time": "08:30:23.902",
        "InArea": "True"
    },
    {
        "x": "374",
        "y": "116",
        "Time": "08:30:23.945",
        "InArea": "True"
    },
    {
        "x": "373",
        "y": "116",
        "Time": "08:30:23.997",
        "InArea": "True"
    },
    {
        "x": "373",
        "y": "116",
        "Time": "08:30:24.043",
        "InArea": "True"
    },
    {
        "x": "372",
        "y": "115",
        "Time": "08:30:24.092",
        "InArea": "True"
    },
    {
        "x": "372",
        "y": "114",
        "Time": "08:30:24.137",
        "InArea": "True"
    },
    {
        "x": "371",
        "y": "114",
        "Time": "08:30:24.189",
        "InArea": "True"
    },
    {
        "x": "371",
        "y": "114",
        "Time": "08:30:24.232",
        "InArea": "True"
    },
    {
        "x": "371",
        "y": "113",
        "Time": "08:30:24.281",
        "InArea": "True"
    },
    {
        "x": "371",
        "y": "113",
        "Time": "08:30:24.323",
        "InArea": "True"
    },
    {
        "x": "370",
        "y": "112",
        "Time": "08:30:24.370",
        "InArea": "True"
    },
    {
        "x": "370",
        "y": "112",
        "Time": "08:30:24.459",
        "InArea": "True"
    },
    {
        "x": "368",
        "y": "110",
        "Time": "08:30:24.501",
        "InArea": "False"
    },
    {
        "x": "367",
        "y": "109",
        "Time": "08:30:24.539",
        "InArea": "False"
    }
]