[
    {
        "x": "401",
        "y": "129",
        "Time": "09:04:05.331",
        "InArea": "True"
    },
    {
        "x": "401",
        "y": "129",
        "Time": "09:04:05.377",
        "InArea": "True"
    },
    {
        "x": "400",
        "y": "128",
        "Time": "09:04:05.429",
        "InArea": "True"
    },
    {
        "x": "399",
        "y": "127",
        "Time": "09:04:05.468",
        "InArea": "True"
    },
    {
        "x": "398",
        "y": "126",
        "Time": "09:04:05.515",
        "InArea": "True"
    },
    {
        "x": "397",
        "y": "126",
        "Time": "09:04:05.558",
        "InArea": "True"
    },
    {
        "x": "397",
        "y": "126",
        "Time": "09:04:05.689",
        "InArea": "True"
    },
    {
        "x": "395",
        "y": "125",
        "Time": "09:04:05.738",
        "InArea": "True"
    },
    {
        "x": "394",
        "y": "125",
        "Time": "09:04:05.779",
        "InArea": "True"
    },
    {
        "x": "390",
        "y": "124",
        "Time": "09:04:05.820",
        "InArea": "True"
    },
    {
        "x": "388",
        "y": "123",
        "Time": "09:04:05.865",
        "InArea": "True"
    },
    {
        "x": "385",
        "y": "122",
        "Time": "09:04:05.905",
        "InArea": "True"
    },
    {
        "x": "384",
        "y": "122",
        "Time": "09:04:05.949",
        "InArea": "True"
    },
    {
        "x": "383",
        "y": "122",
        "Time": "09:04:05.992",
        "InArea": "True"
    },
    {
        "x": "382",
        "y": "122",
        "Time": "09:04:06.041",
        "InArea": "True"
    },
    {
        "x": "381",
        "y": "122",
        "Time": "09:04:06.091",
        "InArea": "True"
    },
    {
        "x": "380",
        "y": "121",
        "Time": "09:04:06.139",
        "InArea": "True"
    },
    {
        "x": "379",
        "y": "120",
        "Time": "09:04:06.181",
        "InArea": "True"
    },
    {
        "x": "377",
        "y": "118",
        "Time": "09:04:06.224",
        "InArea": "True"
    },
    {
        "x": "376",
        "y": "117",
        "Time": "09:04:06.265",
        "InArea": "True"
    },
    {
        "x": "374",
        "y": "117",
        "Time": "09:04:06.312",
        "InArea": "True"
    },
    {
        "x": "373",
        "y": "117",
        "Time": "09:04:06.356",
        "InArea": "True"
    },
    {
        "x": "373",
        "y": "117",
        "Time": "09:04:06.401",
        "InArea": "True"
    },
    {
        "x": "372",
        "y": "115",
        "Time": "09:04:06.449",
        "InArea": "True"
    },
    {
        "x": "372",
        "y": "114",
        "Time": "09:04:06.493",
        "InArea": "True"
    },
    {
        "x": "369",
        "y": "114",
        "Time": "09:04:06.542",
        "InArea": "True"
    },
    {
        "x": "368",
        "y": "114",
        "Time": "09:04:06.591",
        "InArea": "True"
    },
    {
        "x": "366",
        "y": "113",
        "Time": "09:04:06.642",
        "InArea": "True"
    },
    {
        "x": "365",
        "y": "113",
        "Time": "09:04:06.687",
        "InArea": "True"
    },
    {
        "x": "364",
        "y": "111",
        "Time": "09:04:06.739",
        "InArea": "False"
    },
    {
        "x": "364",
        "y": "110",
        "Time": "09:04:06.782",
        "InArea": "False"
    },
    {
        "x": "363",
        "y": "108",
        "Time": "09:04:06.825",
        "InArea": "False"
    }
]