[
    {
        "x": "390",
        "y": "129",
        "Time": "07:40:14.309",
        "InArea": "True"
    },
    {
        "x": "389",
        "y": "128",
        "Time": "07:40:14.355",
        "InArea": "True"
    },
    {
        "x": "388",
        "y": "128",
        "Time": "07:40:14.394",
        "InArea": "True"
    },
    {
        "x": "386",
        "y": "127",
        "Time": "07:40:14.441",
        "InArea": "True"
    },
    {
        "x": "385",
        "y": "127",
        "Time": "07:40:14.479",
        "InArea": "True"
    },
    {
        "x": "385",
        "y": "127",
        "Time": "07:40:14.518",
        "InArea": "True"
    },
    {
        "x": "384",
        "y": "127",
        "Time": "07:40:14.563",
        "InArea": "True"
    },
    {
        "x": "384",
        "y": "127",
        "Time": "07:40:14.614",
        "InArea": "True"
    },
    {
        "x": "382",
        "y": "126",
        "Time": "07:40:14.656",
        "InArea": "True"
    },
    {
        "x": "381",
        "y": "125",
        "Time": "07:40:14.699",
        "InArea": "True"
    },
    {
        "x": "381",
        "y": "123",
        "Time": "07:40:14.751",
        "InArea": "True"
    },
    {
        "x": "381",
        "y": "122",
        "Time": "07:40:14.805",
        "InArea": "True"
    },
    {
        "x": "380",
        "y": "122",
        "Time": "07:40:14.862",
        "InArea": "True"
    },
    {
        "x": "380",
        "y": "122",
        "Time": "07:40:14.903",
        "InArea": "True"
    },
    {
        "x": "379",
        "y": "121",
        "Time": "07:40:14.959",
        "InArea": "True"
    },
    {
        "x": "378",
        "y": "121",
        "Time": "07:40:15.014",
        "InArea": "True"
    },
    {
        "x": "378",
        "y": "119",
        "Time": "07:40:15.058",
        "InArea": "True"
    },
    {
        "x": "378",
        "y": "118",
        "Time": "07:40:15.100",
        "InArea": "True"
    },
    {
        "x": "377",
        "y": "117",
        "Time": "07:40:15.146",
        "InArea": "True"
    },
    {
        "x": "376",
        "y": "117",
        "Time": "07:40:15.192",
        "InArea": "True"
    },
    {
        "x": "376",
        "y": "117",
        "Time": "07:40:15.232",
        "InArea": "True"
    },
    {
        "x": "376",
        "y": "116",
        "Time": "07:40:15.272",
        "InArea": "True"
    },
    {
        "x": "376",
        "y": "116",
        "Time": "07:40:15.313",
        "InArea": "True"
    },
    {
        "x": "375",
        "y": "116",
        "Time": "07:40:15.355",
        "InArea": "True"
    },
    {
        "x": "374",
        "y": "116",
        "Time": "07:40:15.403",
        "InArea": "True"
    },
    {
        "x": "374",
        "y": "115",
        "Time": "07:40:15.453",
        "InArea": "True"
    },
    {
        "x": "374",
        "y": "114",
        "Time": "07:40:15.506",
        "InArea": "True"
    },
    {
        "x": "373",
        "y": "113",
        "Time": "07:40:15.556",
        "InArea": "True"
    },
    {
        "x": "373",
        "y": "113",
        "Time": "07:40:15.634",
        "InArea": "True"
    },
    {
        "x": "372",
        "y": "111",
        "Time": "07:40:15.681",
        "InArea": "True"
    },
    {
        "x": "372",
        "y": "110",
        "Time": "07:40:15.725",
        "InArea": "True"
    },
    {
        "x": "372",
        "y": "109",
        "Time": "07:40:15.764",
        "InArea": "False"
    }
]