[
    {
        "x": "378",
        "y": "133",
        "Time": "09:02:54.085",
        "InArea": "True"
    },
    {
        "x": "378",
        "y": "132",
        "Time": "09:02:54.132",
        "InArea": "True"
    },
    {
        "x": "378",
        "y": "131",
        "Time": "09:02:54.180",
        "InArea": "True"
    },
    {
        "x": "376",
        "y": "130",
        "Time": "09:02:54.234",
        "InArea": "True"
    },
    {
        "x": "375",
        "y": "130",
        "Time": "09:02:54.282",
        "InArea": "True"
    },
    {
        "x": "375",
        "y": "129",
        "Time": "09:02:54.325",
        "InArea": "True"
    },
    {
        "x": "375",
        "y": "128",
        "Time": "09:02:54.376",
        "InArea": "True"
    },
    {
        "x": "374",
        "y": "127",
        "Time": "09:02:54.420",
        "InArea": "True"
    },
    {
        "x": "374",
        "y": "127",
        "Time": "09:02:54.470",
        "InArea": "True"
    },
    {
        "x": "373",
        "y": "126",
        "Time": "09:02:54.519",
        "InArea": "True"
    },
    {
        "x": "373",
        "y": "125",
        "Time": "09:02:54.568",
        "InArea": "True"
    },
    {
        "x": "372",
        "y": "124",
        "Time": "09:02:54.617",
        "InArea": "True"
    },
    {
        "x": "371",
        "y": "123",
        "Time": "09:02:54.659",
        "InArea": "True"
    },
    {
        "x": "371",
        "y": "123",
        "Time": "09:02:54.699",
        "InArea": "True"
    },
    {
        "x": "370",
        "y": "122",
        "Time": "09:02:54.748",
        "InArea": "True"
    },
    {
        "x": "370",
        "y": "121",
        "Time": "09:02:54.791",
        "InArea": "True"
    },
    {
        "x": "369",
        "y": "121",
        "Time": "09:02:54.837",
        "InArea": "True"
    },
    {
        "x": "368",
        "y": "121",
        "Time": "09:02:54.887",
        "InArea": "True"
    },
    {
        "x": "368",
        "y": "120",
        "Time": "09:02:54.936",
        "InArea": "True"
    },
    {
        "x": "368",
        "y": "119",
        "Time": "09:02:54.982",
        "InArea": "True"
    },
    {
        "x": "366",
        "y": "118",
        "Time": "09:02:55.024",
        "InArea": "True"
    },
    {
        "x": "365",
        "y": "118",
        "Time": "09:02:55.071",
        "InArea": "True"
    },
    {
        "x": "365",
        "y": "118",
        "Time": "09:02:55.111",
        "InArea": "True"
    },
    {
        "x": "365",
        "y": "117",
        "Time": "09:02:55.154",
        "InArea": "True"
    },
    {
        "x": "365",
        "y": "116",
        "Time": "09:02:55.195",
        "InArea": "True"
    },
    {
        "x": "363",
        "y": "115",
        "Time": "09:02:55.243",
        "InArea": "True"
    },
    {
        "x": "362",
        "y": "115",
        "Time": "09:02:55.291",
        "InArea": "True"
    },
    {
        "x": "362",
        "y": "115",
        "Time": "09:02:55.340",
        "InArea": "True"
    },
    {
        "x": "362",
        "y": "115",
        "Time": "09:02:55.392",
        "InArea": "True"
    },
    {
        "x": "361",
        "y": "112",
        "Time": "09:02:55.437",
        "InArea": "True"
    },
    {
        "x": "360",
        "y": "111",
        "Time": "09:02:55.487",
        "InArea": "True"
    },
    {
        "x": "358",
        "y": "108",
        "Time": "09:02:55.530",
        "InArea": "False"
    }
]