[
    {
        "x": "387",
        "y": "123",
        "Time": "08:21:45.903",
        "InArea": "True"
    },
    {
        "x": "387",
        "y": "123",
        "Time": "08:21:45.957",
        "InArea": "True"
    },
    {
        "x": "385",
        "y": "123",
        "Time": "08:21:46.007",
        "InArea": "True"
    },
    {
        "x": "384",
        "y": "123",
        "Time": "08:21:46.054",
        "InArea": "True"
    },
    {
        "x": "383",
        "y": "123",
        "Time": "08:21:46.106",
        "InArea": "True"
    },
    {
        "x": "382",
        "y": "123",
        "Time": "08:21:46.152",
        "InArea": "True"
    },
    {
        "x": "382",
        "y": "123",
        "Time": "08:21:46.194",
        "InArea": "True"
    },
    {
        "x": "382",
        "y": "124",
        "Time": "08:21:46.244",
        "InArea": "True"
    },
    {
        "x": "381",
        "y": "123",
        "Time": "08:21:46.291",
        "InArea": "True"
    },
    {
        "x": "380",
        "y": "122",
        "Time": "08:21:46.339",
        "InArea": "True"
    },
    {
        "x": "380",
        "y": "122",
        "Time": "08:21:46.386",
        "InArea": "True"
    },
    {
        "x": "380",
        "y": "122",
        "Time": "08:21:46.433",
        "InArea": "True"
    },
    {
        "x": "379",
        "y": "122",
        "Time": "08:21:46.485",
        "InArea": "True"
    },
    {
        "x": "378",
        "y": "122",
        "Time": "08:21:46.531",
        "InArea": "True"
    },
    {
        "x": "378",
        "y": "122",
        "Time": "08:21:46.570",
        "InArea": "True"
    },
    {
        "x": "377",
        "y": "122",
        "Time": "08:21:46.618",
        "InArea": "True"
    },
    {
        "x": "377",
        "y": "122",
        "Time": "08:21:46.661",
        "InArea": "True"
    },
    {
        "x": "375",
        "y": "121",
        "Time": "08:21:46.707",
        "InArea": "True"
    },
    {
        "x": "374",
        "y": "120",
        "Time": "08:21:46.752",
        "InArea": "True"
    },
    {
        "x": "373",
        "y": "119",
        "Time": "08:21:46.800",
        "InArea": "True"
    },
    {
        "x": "373",
        "y": "119",
        "Time": "08:21:46.844",
        "InArea": "True"
    },
    {
        "x": "372",
        "y": "117",
        "Time": "08:21:46.889",
        "InArea": "True"
    },
    {
        "x": "371",
        "y": "116",
        "Time": "08:21:46.929",
        "InArea": "True"
    },
    {
        "x": "371",
        "y": "116",
        "Time": "08:21:46.974",
        "InArea": "True"
    },
    {
        "x": "371",
        "y": "115",
        "Time": "08:21:47.023",
        "InArea": "True"
    },
    {
        "x": "371",
        "y": "115",
        "Time": "08:21:47.062",
        "InArea": "True"
    },
    {
        "x": "371",
        "y": "113",
        "Time": "08:21:47.113",
        "InArea": "True"
    },
    {
        "x": "371",
        "y": "112",
        "Time": "08:21:47.163",
        "InArea": "True"
    },
    {
        "x": "369",
        "y": "112",
        "Time": "08:21:47.201",
        "InArea": "True"
    },
    {
        "x": "368",
        "y": "112",
        "Time": "08:21:47.247",
        "InArea": "True"
    },
    {
        "x": "367",
        "y": "110",
        "Time": "08:21:47.291",
        "InArea": "False"
    },
    {
        "x": "366",
        "y": "109",
        "Time": "08:21:47.332",
        "InArea": "False"
    }
]