[
    {
        "x": "399",
        "y": "131",
        "Time": "08:59:02.409",
        "InArea": "True"
    },
    {
        "x": "398",
        "y": "130",
        "Time": "08:59:02.450",
        "InArea": "True"
    },
    {
        "x": "398",
        "y": "130",
        "Time": "08:59:02.502",
        "InArea": "True"
    },
    {
        "x": "396",
        "y": "129",
        "Time": "08:59:02.555",
        "InArea": "True"
    },
    {
        "x": "395",
        "y": "128",
        "Time": "08:59:02.603",
        "InArea": "True"
    },
    {
        "x": "394",
        "y": "127",
        "Time": "08:59:02.657",
        "InArea": "True"
    },
    {
        "x": "393",
        "y": "127",
        "Time": "08:59:02.710",
        "InArea": "True"
    },
    {
        "x": "390",
        "y": "127",
        "Time": "08:59:02.766",
        "InArea": "True"
    },
    {
        "x": "387",
        "y": "126",
        "Time": "08:59:02.812",
        "InArea": "True"
    },
    {
        "x": "386",
        "y": "126",
        "Time": "08:59:02.862",
        "InArea": "True"
    },
    {
        "x": "385",
        "y": "126",
        "Time": "08:59:02.905",
        "InArea": "True"
    },
    {
        "x": "385",
        "y": "124",
        "Time": "08:59:02.954",
        "InArea": "True"
    },
    {
        "x": "385",
        "y": "123",
        "Time": "08:59:02.996",
        "InArea": "True"
    },
    {
        "x": "384",
        "y": "122",
        "Time": "08:59:03.038",
        "InArea": "True"
    },
    {
        "x": "383",
        "y": "122",
        "Time": "08:59:03.088",
        "InArea": "True"
    },
    {
        "x": "383",
        "y": "122",
        "Time": "08:59:03.131",
        "InArea": "True"
    },
    {
        "x": "381",
        "y": "120",
        "Time": "08:59:03.176",
        "InArea": "True"
    },
    {
        "x": "379",
        "y": "119",
        "Time": "08:59:03.222",
        "InArea": "True"
    },
    {
        "x": "378",
        "y": "119",
        "Time": "08:59:03.273",
        "InArea": "True"
    },
    {
        "x": "377",
        "y": "119",
        "Time": "08:59:03.333",
        "InArea": "True"
    },
    {
        "x": "375",
        "y": "117",
        "Time": "08:59:03.387",
        "InArea": "True"
    },
    {
        "x": "373",
        "y": "116",
        "Time": "08:59:03.433",
        "InArea": "True"
    },
    {
        "x": "372",
        "y": "116",
        "Time": "08:59:03.477",
        "InArea": "True"
    },
    {
        "x": "372",
        "y": "116",
        "Time": "08:59:03.520",
        "InArea": "True"
    },
    {
        "x": "370",
        "y": "114",
        "Time": "08:59:03.570",
        "InArea": "True"
    },
    {
        "x": "368",
        "y": "113",
        "Time": "08:59:03.626",
        "InArea": "True"
    },
    {
        "x": "367",
        "y": "113",
        "Time": "08:59:03.683",
        "InArea": "True"
    },
    {
        "x": "367",
        "y": "113",
        "Time": "08:59:03.730",
        "InArea": "True"
    },
    {
        "x": "366",
        "y": "112",
        "Time": "08:59:03.772",
        "InArea": "True"
    },
    {
        "x": "366",
        "y": "111",
        "Time": "08:59:03.810",
        "InArea": "True"
    },
    {
        "x": "365",
        "y": "110",
        "Time": "08:59:03.852",
        "InArea": "False"
    },
    {
        "x": "364",
        "y": "109",
        "Time": "08:59:03.894",
        "InArea": "False"
    }
]