[
    {
        "x": "400",
        "y": "129",
        "Time": "08:18:44.789",
        "InArea": "True"
    },
    {
        "x": "398",
        "y": "128",
        "Time": "08:18:44.832",
        "InArea": "True"
    },
    {
        "x": "396",
        "y": "127",
        "Time": "08:18:44.879",
        "InArea": "True"
    },
    {
        "x": "395",
        "y": "127",
        "Time": "08:18:44.938",
        "InArea": "True"
    },
    {
        "x": "394",
        "y": "127",
        "Time": "08:18:44.995",
        "InArea": "True"
    },
    {
        "x": "392",
        "y": "126",
        "Time": "08:18:45.047",
        "InArea": "True"
    },
    {
        "x": "388",
        "y": "125",
        "Time": "08:18:45.100",
        "InArea": "True"
    },
    {
        "x": "386",
        "y": "125",
        "Time": "08:18:45.142",
        "InArea": "True"
    },
    {
        "x": "385",
        "y": "125",
        "Time": "08:18:45.188",
        "InArea": "True"
    },
    {
        "x": "385",
        "y": "124",
        "Time": "08:18:45.230",
        "InArea": "True"
    },
    {
        "x": "384",
        "y": "123",
        "Time": "08:18:45.284",
        "InArea": "True"
    },
    {
        "x": "384",
        "y": "122",
        "Time": "08:18:45.327",
        "InArea": "True"
    },
    {
        "x": "384",
        "y": "122",
        "Time": "08:18:45.372",
        "InArea": "True"
    },
    {
        "x": "383",
        "y": "121",
        "Time": "08:18:45.415",
        "InArea": "True"
    },
    {
        "x": "382",
        "y": "121",
        "Time": "08:18:45.466",
        "InArea": "True"
    },
    {
        "x": "382",
        "y": "120",
        "Time": "08:18:45.509",
        "InArea": "True"
    },
    {
        "x": "382",
        "y": "120",
        "Time": "08:18:45.593",
        "InArea": "True"
    },
    {
        "x": "380",
        "y": "119",
        "Time": "08:18:45.636",
        "InArea": "True"
    },
    {
        "x": "379",
        "y": "118",
        "Time": "08:18:45.682",
        "InArea": "True"
    },
    {
        "x": "378",
        "y": "117",
        "Time": "08:18:45.726",
        "InArea": "True"
    },
    {
        "x": "378",
        "y": "117",
        "Time": "08:18:45.768",
        "InArea": "True"
    },
    {
        "x": "377",
        "y": "115",
        "Time": "08:18:45.809",
        "InArea": "True"
    },
    {
        "x": "376",
        "y": "114",
        "Time": "08:18:45.849",
        "InArea": "True"
    },
    {
        "x": "375",
        "y": "114",
        "Time": "08:18:45.893",
        "InArea": "True"
    },
    {
        "x": "375",
        "y": "114",
        "Time": "08:18:45.983",
        "InArea": "True"
    },
    {
        "x": "374",
        "y": "113",
        "Time": "08:18:46.037",
        "InArea": "True"
    },
    {
        "x": "374",
        "y": "112",
        "Time": "08:18:46.079",
        "InArea": "True"
    },
    {
        "x": "373",
        "y": "111",
        "Time": "08:18:46.124",
        "InArea": "True"
    },
    {
        "x": "373",
        "y": "111",
        "Time": "08:18:46.167",
        "InArea": "True"
    },
    {
        "x": "373",
        "y": "110",
        "Time": "08:18:46.210",
        "InArea": "True"
    },
    {
        "x": "373",
        "y": "110",
        "Time": "08:18:46.259",
        "InArea": "True"
    },
    {
        "x": "373",
        "y": "109",
        "Time": "08:18:46.302",
        "InArea": "False"
    }
]