[
    {
        "x": "403",
        "y": "132",
        "Time": "08:58:47.758",
        "InArea": "True"
    },
    {
        "x": "402",
        "y": "131",
        "Time": "08:58:47.812",
        "InArea": "True"
    },
    {
        "x": "402",
        "y": "130",
        "Time": "08:58:47.864",
        "InArea": "True"
    },
    {
        "x": "402",
        "y": "130",
        "Time": "08:58:47.909",
        "InArea": "True"
    },
    {
        "x": "401",
        "y": "129",
        "Time": "08:58:47.960",
        "InArea": "True"
    },
    {
        "x": "401",
        "y": "129",
        "Time": "08:58:48.007",
        "InArea": "True"
    },
    {
        "x": "400",
        "y": "129",
        "Time": "08:58:48.062",
        "InArea": "True"
    },
    {
        "x": "400",
        "y": "129",
        "Time": "08:58:48.109",
        "InArea": "True"
    },
    {
        "x": "400",
        "y": "129",
        "Time": "08:58:48.150",
        "InArea": "True"
    },
    {
        "x": "400",
        "y": "129",
        "Time": "08:58:48.204",
        "InArea": "True"
    },
    {
        "x": "399",
        "y": "129",
        "Time": "08:58:48.254",
        "InArea": "True"
    },
    {
        "x": "398",
        "y": "129",
        "Time": "08:58:48.304",
        "InArea": "True"
    },
    {
        "x": "396",
        "y": "127",
        "Time": "08:58:48.351",
        "InArea": "True"
    },
    {
        "x": "395",
        "y": "126",
        "Time": "08:58:48.391",
        "InArea": "True"
    },
    {
        "x": "393",
        "y": "125",
        "Time": "08:58:48.441",
        "InArea": "True"
    },
    {
        "x": "392",
        "y": "124",
        "Time": "08:58:48.485",
        "InArea": "True"
    },
    {
        "x": "391",
        "y": "124",
        "Time": "08:58:48.533",
        "InArea": "True"
    },
    {
        "x": "390",
        "y": "123",
        "Time": "08:58:48.583",
        "InArea": "True"
    },
    {
        "x": "387",
        "y": "122",
        "Time": "08:58:48.630",
        "InArea": "True"
    },
    {
        "x": "386",
        "y": "121",
        "Time": "08:58:48.672",
        "InArea": "True"
    },
    {
        "x": "385",
        "y": "121",
        "Time": "08:58:48.710",
        "InArea": "True"
    },
    {
        "x": "382",
        "y": "120",
        "Time": "08:58:48.754",
        "InArea": "True"
    },
    {
        "x": "381",
        "y": "119",
        "Time": "08:58:48.803",
        "InArea": "True"
    },
    {
        "x": "380",
        "y": "118",
        "Time": "08:58:48.855",
        "InArea": "True"
    },
    {
        "x": "379",
        "y": "118",
        "Time": "08:58:48.905",
        "InArea": "True"
    },
    {
        "x": "377",
        "y": "117",
        "Time": "08:58:48.950",
        "InArea": "True"
    },
    {
        "x": "376",
        "y": "116",
        "Time": "08:58:48.999",
        "InArea": "True"
    },
    {
        "x": "374",
        "y": "115",
        "Time": "08:58:49.040",
        "InArea": "True"
    },
    {
        "x": "373",
        "y": "114",
        "Time": "08:58:49.083",
        "InArea": "True"
    },
    {
        "x": "373",
        "y": "114",
        "Time": "08:58:49.128",
        "InArea": "True"
    },
    {
        "x": "372",
        "y": "111",
        "Time": "08:58:49.176",
        "InArea": "False"
    },
    {
        "x": "369",
        "y": "108",
        "Time": "08:58:49.224",
        "InArea": "False"
    }
]