[
    {
        "x": "404",
        "y": "127",
        "Time": "08:46:53.009",
        "InArea": "True"
    },
    {
        "x": "403",
        "y": "127",
        "Time": "08:46:53.061",
        "InArea": "True"
    },
    {
        "x": "403",
        "y": "127",
        "Time": "08:46:53.111",
        "InArea": "True"
    },
    {
        "x": "403",
        "y": "126",
        "Time": "08:46:53.166",
        "InArea": "True"
    },
    {
        "x": "403",
        "y": "125",
        "Time": "08:46:53.223",
        "InArea": "True"
    },
    {
        "x": "403",
        "y": "124",
        "Time": "08:46:53.281",
        "InArea": "True"
    },
    {
        "x": "403",
        "y": "124",
        "Time": "08:46:53.328",
        "InArea": "True"
    },
    {
        "x": "402",
        "y": "124",
        "Time": "08:46:53.374",
        "InArea": "True"
    },
    {
        "x": "401",
        "y": "124",
        "Time": "08:46:53.426",
        "InArea": "True"
    },
    {
        "x": "399",
        "y": "123",
        "Time": "08:46:53.474",
        "InArea": "True"
    },
    {
        "x": "398",
        "y": "122",
        "Time": "08:46:53.517",
        "InArea": "True"
    },
    {
        "x": "395",
        "y": "121",
        "Time": "08:46:53.562",
        "InArea": "True"
    },
    {
        "x": "393",
        "y": "120",
        "Time": "08:46:53.603",
        "InArea": "True"
    },
    {
        "x": "392",
        "y": "119",
        "Time": "08:46:53.649",
        "InArea": "True"
    },
    {
        "x": "392",
        "y": "118",
        "Time": "08:46:53.692",
        "InArea": "True"
    },
    {
        "x": "388",
        "y": "118",
        "Time": "08:46:53.741",
        "InArea": "True"
    },
    {
        "x": "386",
        "y": "118",
        "Time": "08:46:53.781",
        "InArea": "True"
    },
    {
        "x": "385",
        "y": "118",
        "Time": "08:46:53.832",
        "InArea": "True"
    },
    {
        "x": "384",
        "y": "117",
        "Time": "08:46:53.884",
        "InArea": "True"
    },
    {
        "x": "382",
        "y": "117",
        "Time": "08:46:53.942",
        "InArea": "True"
    },
    {
        "x": "381",
        "y": "117",
        "Time": "08:46:53.990",
        "InArea": "True"
    },
    {
        "x": "381",
        "y": "116",
        "Time": "08:46:54.046",
        "InArea": "True"
    },
    {
        "x": "381",
        "y": "115",
        "Time": "08:46:54.105",
        "InArea": "True"
    },
    {
        "x": "379",
        "y": "115",
        "Time": "08:46:54.163",
        "InArea": "True"
    },
    {
        "x": "378",
        "y": "115",
        "Time": "08:46:54.215",
        "InArea": "True"
    },
    {
        "x": "376",
        "y": "113",
        "Time": "08:46:54.271",
        "InArea": "True"
    },
    {
        "x": "375",
        "y": "112",
        "Time": "08:46:54.322",
        "InArea": "True"
    },
    {
        "x": "374",
        "y": "111",
        "Time": "08:46:54.376",
        "InArea": "True"
    },
    {
        "x": "374",
        "y": "111",
        "Time": "08:46:54.426",
        "InArea": "True"
    },
    {
        "x": "372",
        "y": "110",
        "Time": "08:46:54.477",
        "InArea": "True"
    },
    {
        "x": "371",
        "y": "110",
        "Time": "08:46:54.521",
        "InArea": "True"
    },
    {
        "x": "371",
        "y": "108",
        "Time": "08:46:54.563",
        "InArea": "False"
    }
]