[
    {
        "x": "389",
        "y": "129",
        "Time": "09:08:28.126",
        "InArea": "True"
    },
    {
        "x": "388",
        "y": "129",
        "Time": "09:08:28.180",
        "InArea": "True"
    },
    {
        "x": "386",
        "y": "127",
        "Time": "09:08:28.228",
        "InArea": "True"
    },
    {
        "x": "385",
        "y": "126",
        "Time": "09:08:28.285",
        "InArea": "True"
    },
    {
        "x": "384",
        "y": "125",
        "Time": "09:08:28.330",
        "InArea": "True"
    },
    {
        "x": "384",
        "y": "125",
        "Time": "09:08:28.421",
        "InArea": "True"
    },
    {
        "x": "383",
        "y": "123",
        "Time": "09:08:28.469",
        "InArea": "True"
    },
    {
        "x": "381",
        "y": "123",
        "Time": "09:08:28.508",
        "InArea": "True"
    },
    {
        "x": "380",
        "y": "123",
        "Time": "09:08:28.547",
        "InArea": "True"
    },
    {
        "x": "380",
        "y": "123",
        "Time": "09:08:28.595",
        "InArea": "True"
    },
    {
        "x": "379",
        "y": "121",
        "Time": "09:08:28.636",
        "InArea": "True"
    },
    {
        "x": "378",
        "y": "120",
        "Time": "09:08:28.680",
        "InArea": "True"
    },
    {
        "x": "377",
        "y": "120",
        "Time": "09:08:28.728",
        "InArea": "True"
    },
    {
        "x": "376",
        "y": "120",
        "Time": "09:08:28.776",
        "InArea": "True"
    },
    {
        "x": "376",
        "y": "120",
        "Time": "09:08:28.873",
        "InArea": "True"
    },
    {
        "x": "375",
        "y": "119",
        "Time": "09:08:28.924",
        "InArea": "True"
    },
    {
        "x": "375",
        "y": "119",
        "Time": "09:08:29.019",
        "InArea": "True"
    },
    {
        "x": "374",
        "y": "119",
        "Time": "09:08:29.067",
        "InArea": "True"
    },
    {
        "x": "373",
        "y": "117",
        "Time": "09:08:29.117",
        "InArea": "True"
    },
    {
        "x": "372",
        "y": "116",
        "Time": "09:08:29.167",
        "InArea": "True"
    },
    {
        "x": "372",
        "y": "116",
        "Time": "09:08:29.216",
        "InArea": "True"
    },
    {
        "x": "371",
        "y": "115",
        "Time": "09:08:29.265",
        "InArea": "True"
    },
    {
        "x": "369",
        "y": "114",
        "Time": "09:08:29.311",
        "InArea": "True"
    },
    {
        "x": "368",
        "y": "114",
        "Time": "09:08:29.351",
        "InArea": "True"
    },
    {
        "x": "368",
        "y": "114",
        "Time": "09:08:29.396",
        "InArea": "True"
    },
    {
        "x": "367",
        "y": "113",
        "Time": "09:08:29.442",
        "InArea": "True"
    },
    {
        "x": "367",
        "y": "113",
        "Time": "09:08:29.494",
        "InArea": "True"
    },
    {
        "x": "366",
        "y": "113",
        "Time": "09:08:29.556",
        "InArea": "True"
    },
    {
        "x": "366",
        "y": "113",
        "Time": "09:08:29.600",
        "InArea": "True"
    },
    {
        "x": "364",
        "y": "111",
        "Time": "09:08:29.640",
        "InArea": "True"
    },
    {
        "x": "363",
        "y": "110",
        "Time": "09:08:29.685",
        "InArea": "True"
    },
    {
        "x": "363",
        "y": "109",
        "Time": "09:08:29.725",
        "InArea": "False"
    }
]