[
    {
        "x": "386",
        "y": "131",
        "Time": "07:03:10.837",
        "InArea": "True"
    },
    {
        "x": "386",
        "y": "131",
        "Time": "07:03:10.880",
        "InArea": "True"
    },
    {
        "x": "384",
        "y": "131",
        "Time": "07:03:10.923",
        "InArea": "True"
    },
    {
        "x": "383",
        "y": "131",
        "Time": "07:03:10.968",
        "InArea": "True"
    },
    {
        "x": "382",
        "y": "131",
        "Time": "07:03:11.011",
        "InArea": "True"
    },
    {
        "x": "382",
        "y": "131",
        "Time": "07:03:11.052",
        "InArea": "True"
    },
    {
        "x": "382",
        "y": "131",
        "Time": "07:03:11.104",
        "InArea": "True"
    },
    {
        "x": "380",
        "y": "130",
        "Time": "07:03:11.152",
        "InArea": "True"
    },
    {
        "x": "379",
        "y": "129",
        "Time": "07:03:11.202",
        "InArea": "True"
    },
    {
        "x": "378",
        "y": "127",
        "Time": "07:03:11.245",
        "InArea": "True"
    },
    {
        "x": "377",
        "y": "126",
        "Time": "07:03:11.296",
        "InArea": "True"
    },
    {
        "x": "375",
        "y": "125",
        "Time": "07:03:11.347",
        "InArea": "True"
    },
    {
        "x": "374",
        "y": "125",
        "Time": "07:03:11.389",
        "InArea": "True"
    },
    {
        "x": "373",
        "y": "124",
        "Time": "07:03:11.447",
        "InArea": "True"
    },
    {
        "x": "372",
        "y": "124",
        "Time": "07:03:11.498",
        "InArea": "True"
    },
    {
        "x": "372",
        "y": "123",
        "Time": "07:03:11.539",
        "InArea": "True"
    },
    {
        "x": "372",
        "y": "122",
        "Time": "07:03:11.585",
        "InArea": "True"
    },
    {
        "x": "372",
        "y": "120",
        "Time": "07:03:11.630",
        "InArea": "True"
    },
    {
        "x": "372",
        "y": "119",
        "Time": "07:03:11.680",
        "InArea": "True"
    },
    {
        "x": "371",
        "y": "119",
        "Time": "07:03:11.719",
        "InArea": "True"
    },
    {
        "x": "371",
        "y": "119",
        "Time": "07:03:11.759",
        "InArea": "True"
    },
    {
        "x": "371",
        "y": "118",
        "Time": "07:03:11.813",
        "InArea": "True"
    },
    {
        "x": "371",
        "y": "118",
        "Time": "07:03:11.910",
        "InArea": "True"
    },
    {
        "x": "369",
        "y": "116",
        "Time": "07:03:11.956",
        "InArea": "True"
    },
    {
        "x": "368",
        "y": "115",
        "Time": "07:03:11.999",
        "InArea": "True"
    },
    {
        "x": "367",
        "y": "115",
        "Time": "07:03:12.055",
        "InArea": "True"
    },
    {
        "x": "366",
        "y": "114",
        "Time": "07:03:12.106",
        "InArea": "True"
    },
    {
        "x": "365",
        "y": "113",
        "Time": "07:03:12.152",
        "InArea": "True"
    },
    {
        "x": "365",
        "y": "113",
        "Time": "07:03:12.191",
        "InArea": "True"
    },
    {
        "x": "365",
        "y": "111",
        "Time": "07:03:12.243",
        "InArea": "True"
    },
    {
        "x": "365",
        "y": "110",
        "Time": "07:03:12.295",
        "InArea": "True"
    },
    {
        "x": "364",
        "y": "108",
        "Time": "07:03:12.345",
        "InArea": "False"
    }
]