[
    {
        "x": "405",
        "y": "131",
        "Time": "09:00:09.194",
        "InArea": "True"
    },
    {
        "x": "404",
        "y": "130",
        "Time": "09:00:09.242",
        "InArea": "True"
    },
    {
        "x": "404",
        "y": "130",
        "Time": "09:00:09.332",
        "InArea": "True"
    },
    {
        "x": "402",
        "y": "130",
        "Time": "09:00:09.380",
        "InArea": "True"
    },
    {
        "x": "400",
        "y": "129",
        "Time": "09:00:09.422",
        "InArea": "True"
    },
    {
        "x": "399",
        "y": "129",
        "Time": "09:00:09.472",
        "InArea": "True"
    },
    {
        "x": "398",
        "y": "129",
        "Time": "09:00:09.518",
        "InArea": "True"
    },
    {
        "x": "397",
        "y": "128",
        "Time": "09:00:09.559",
        "InArea": "True"
    },
    {
        "x": "397",
        "y": "127",
        "Time": "09:00:09.600",
        "InArea": "True"
    },
    {
        "x": "394",
        "y": "126",
        "Time": "09:00:09.649",
        "InArea": "True"
    },
    {
        "x": "392",
        "y": "125",
        "Time": "09:00:09.694",
        "InArea": "True"
    },
    {
        "x": "390",
        "y": "124",
        "Time": "09:00:09.740",
        "InArea": "True"
    },
    {
        "x": "389",
        "y": "123",
        "Time": "09:00:09.786",
        "InArea": "True"
    },
    {
        "x": "388",
        "y": "122",
        "Time": "09:00:09.837",
        "InArea": "True"
    },
    {
        "x": "388",
        "y": "121",
        "Time": "09:00:09.885",
        "InArea": "True"
    },
    {
        "x": "388",
        "y": "121",
        "Time": "09:00:09.928",
        "InArea": "True"
    },
    {
        "x": "387",
        "y": "120",
        "Time": "09:00:09.975",
        "InArea": "True"
    },
    {
        "x": "387",
        "y": "119",
        "Time": "09:00:10.022",
        "InArea": "True"
    },
    {
        "x": "384",
        "y": "119",
        "Time": "09:00:10.073",
        "InArea": "True"
    },
    {
        "x": "383",
        "y": "119",
        "Time": "09:00:10.127",
        "InArea": "True"
    },
    {
        "x": "382",
        "y": "119",
        "Time": "09:00:10.179",
        "InArea": "True"
    },
    {
        "x": "379",
        "y": "118",
        "Time": "09:00:10.232",
        "InArea": "True"
    },
    {
        "x": "378",
        "y": "117",
        "Time": "09:00:10.289",
        "InArea": "True"
    },
    {
        "x": "377",
        "y": "116",
        "Time": "09:00:10.341",
        "InArea": "True"
    },
    {
        "x": "376",
        "y": "116",
        "Time": "09:00:10.383",
        "InArea": "True"
    },
    {
        "x": "374",
        "y": "116",
        "Time": "09:00:10.428",
        "InArea": "True"
    },
    {
        "x": "373",
        "y": "116",
        "Time": "09:00:10.467",
        "InArea": "True"
    },
    {
        "x": "373",
        "y": "116",
        "Time": "09:00:10.551",
        "InArea": "True"
    },
    {
        "x": "373",
        "y": "114",
        "Time": "09:00:10.598",
        "InArea": "True"
    },
    {
        "x": "373",
        "y": "111",
        "Time": "09:00:10.641",
        "InArea": "False"
    },
    {
        "x": "373",
        "y": "110",
        "Time": "09:00:10.678",
        "InArea": "False"
    },
    {
        "x": "373",
        "y": "109",
        "Time": "09:00:10.721",
        "InArea": "False"
    }
]