[
    {
        "x": "399",
        "y": "132",
        "Time": "08:50:21.676",
        "InArea": "True"
    },
    {
        "x": "398",
        "y": "131",
        "Time": "08:50:21.722",
        "InArea": "True"
    },
    {
        "x": "397",
        "y": "130",
        "Time": "08:50:21.773",
        "InArea": "True"
    },
    {
        "x": "396",
        "y": "129",
        "Time": "08:50:21.821",
        "InArea": "True"
    },
    {
        "x": "395",
        "y": "128",
        "Time": "08:50:21.871",
        "InArea": "True"
    },
    {
        "x": "394",
        "y": "128",
        "Time": "08:50:21.915",
        "InArea": "True"
    },
    {
        "x": "391",
        "y": "127",
        "Time": "08:50:21.967",
        "InArea": "True"
    },
    {
        "x": "389",
        "y": "127",
        "Time": "08:50:22.012",
        "InArea": "True"
    },
    {
        "x": "385",
        "y": "126",
        "Time": "08:50:22.054",
        "InArea": "True"
    },
    {
        "x": "383",
        "y": "125",
        "Time": "08:50:22.107",
        "InArea": "True"
    },
    {
        "x": "381",
        "y": "124",
        "Time": "08:50:22.156",
        "InArea": "True"
    },
    {
        "x": "380",
        "y": "124",
        "Time": "08:50:22.203",
        "InArea": "True"
    },
    {
        "x": "379",
        "y": "122",
        "Time": "08:50:22.247",
        "InArea": "True"
    },
    {
        "x": "378",
        "y": "121",
        "Time": "08:50:22.288",
        "InArea": "True"
    },
    {
        "x": "377",
        "y": "121",
        "Time": "08:50:22.333",
        "InArea": "True"
    },
    {
        "x": "376",
        "y": "121",
        "Time": "08:50:22.372",
        "InArea": "True"
    },
    {
        "x": "376",
        "y": "121",
        "Time": "08:50:22.414",
        "InArea": "True"
    },
    {
        "x": "374",
        "y": "121",
        "Time": "08:50:22.459",
        "InArea": "True"
    },
    {
        "x": "373",
        "y": "121",
        "Time": "08:50:22.500",
        "InArea": "True"
    },
    {
        "x": "372",
        "y": "120",
        "Time": "08:50:22.541",
        "InArea": "True"
    },
    {
        "x": "372",
        "y": "119",
        "Time": "08:50:22.589",
        "InArea": "True"
    },
    {
        "x": "371",
        "y": "118",
        "Time": "08:50:22.637",
        "InArea": "True"
    },
    {
        "x": "371",
        "y": "117",
        "Time": "08:50:22.685",
        "InArea": "True"
    },
    {
        "x": "368",
        "y": "116",
        "Time": "08:50:22.734",
        "InArea": "True"
    },
    {
        "x": "367",
        "y": "116",
        "Time": "08:50:22.772",
        "InArea": "True"
    },
    {
        "x": "366",
        "y": "116",
        "Time": "08:50:22.817",
        "InArea": "True"
    },
    {
        "x": "365",
        "y": "115",
        "Time": "08:50:22.865",
        "InArea": "True"
    },
    {
        "x": "364",
        "y": "115",
        "Time": "08:50:22.904",
        "InArea": "True"
    },
    {
        "x": "363",
        "y": "113",
        "Time": "08:50:22.959",
        "InArea": "True"
    },
    {
        "x": "363",
        "y": "112",
        "Time": "08:50:23.001",
        "InArea": "True"
    },
    {
        "x": "363",
        "y": "110",
        "Time": "08:50:23.049",
        "InArea": "False"
    },
    {
        "x": "363",
        "y": "109",
        "Time": "08:50:23.102",
        "InArea": "False"
    }
]