[
    {
        "x": "387",
        "y": "129",
        "Time": "08:44:40.348",
        "InArea": "True"
    },
    {
        "x": "387",
        "y": "129",
        "Time": "08:44:40.399",
        "InArea": "True"
    },
    {
        "x": "386",
        "y": "128",
        "Time": "08:44:40.448",
        "InArea": "True"
    },
    {
        "x": "386",
        "y": "127",
        "Time": "08:44:40.493",
        "InArea": "True"
    },
    {
        "x": "384",
        "y": "126",
        "Time": "08:44:40.539",
        "InArea": "True"
    },
    {
        "x": "383",
        "y": "126",
        "Time": "08:44:40.582",
        "InArea": "True"
    },
    {
        "x": "383",
        "y": "126",
        "Time": "08:44:40.621",
        "InArea": "True"
    },
    {
        "x": "382",
        "y": "126",
        "Time": "08:44:40.676",
        "InArea": "True"
    },
    {
        "x": "382",
        "y": "126",
        "Time": "08:44:40.732",
        "InArea": "True"
    },
    {
        "x": "382",
        "y": "125",
        "Time": "08:44:40.777",
        "InArea": "True"
    },
    {
        "x": "382",
        "y": "124",
        "Time": "08:44:40.814",
        "InArea": "True"
    },
    {
        "x": "381",
        "y": "123",
        "Time": "08:44:40.864",
        "InArea": "True"
    },
    {
        "x": "380",
        "y": "123",
        "Time": "08:44:40.909",
        "InArea": "True"
    },
    {
        "x": "379",
        "y": "122",
        "Time": "08:44:40.954",
        "InArea": "True"
    },
    {
        "x": "378",
        "y": "122",
        "Time": "08:44:40.996",
        "InArea": "True"
    },
    {
        "x": "377",
        "y": "122",
        "Time": "08:44:41.047",
        "InArea": "True"
    },
    {
        "x": "376",
        "y": "122",
        "Time": "08:44:41.109",
        "InArea": "True"
    },
    {
        "x": "376",
        "y": "121",
        "Time": "08:44:41.163",
        "InArea": "True"
    },
    {
        "x": "376",
        "y": "121",
        "Time": "08:44:41.208",
        "InArea": "True"
    },
    {
        "x": "375",
        "y": "119",
        "Time": "08:44:41.256",
        "InArea": "True"
    },
    {
        "x": "375",
        "y": "118",
        "Time": "08:44:41.310",
        "InArea": "True"
    },
    {
        "x": "375",
        "y": "118",
        "Time": "08:44:41.405",
        "InArea": "True"
    },
    {
        "x": "375",
        "y": "118",
        "Time": "08:44:41.450",
        "InArea": "True"
    },
    {
        "x": "375",
        "y": "118",
        "Time": "08:44:41.499",
        "InArea": "True"
    },
    {
        "x": "373",
        "y": "116",
        "Time": "08:44:41.553",
        "InArea": "True"
    },
    {
        "x": "372",
        "y": "115",
        "Time": "08:44:41.601",
        "InArea": "True"
    },
    {
        "x": "372",
        "y": "114",
        "Time": "08:44:41.655",
        "InArea": "True"
    },
    {
        "x": "372",
        "y": "114",
        "Time": "08:44:41.837",
        "InArea": "True"
    },
    {
        "x": "371",
        "y": "112",
        "Time": "08:44:41.889",
        "InArea": "True"
    },
    {
        "x": "370",
        "y": "111",
        "Time": "08:44:41.932",
        "InArea": "True"
    },
    {
        "x": "368",
        "y": "109",
        "Time": "08:44:41.974",
        "InArea": "False"
    },
    {
        "x": "367",
        "y": "108",
        "Time": "08:44:42.023",
        "InArea": "False"
    }
]