[
    {
        "x": "389",
        "y": "130",
        "Time": "08:21:33.792",
        "InArea": "True"
    },
    {
        "x": "387",
        "y": "129",
        "Time": "08:21:33.851",
        "InArea": "True"
    },
    {
        "x": "387",
        "y": "128",
        "Time": "08:21:33.898",
        "InArea": "True"
    },
    {
        "x": "387",
        "y": "127",
        "Time": "08:21:33.936",
        "InArea": "True"
    },
    {
        "x": "387",
        "y": "127",
        "Time": "08:21:33.978",
        "InArea": "True"
    },
    {
        "x": "385",
        "y": "127",
        "Time": "08:21:34.032",
        "InArea": "True"
    },
    {
        "x": "383",
        "y": "126",
        "Time": "08:21:34.073",
        "InArea": "True"
    },
    {
        "x": "382",
        "y": "126",
        "Time": "08:21:34.114",
        "InArea": "True"
    },
    {
        "x": "381",
        "y": "126",
        "Time": "08:21:34.156",
        "InArea": "True"
    },
    {
        "x": "381",
        "y": "126",
        "Time": "08:21:34.196",
        "InArea": "True"
    },
    {
        "x": "379",
        "y": "125",
        "Time": "08:21:34.251",
        "InArea": "True"
    },
    {
        "x": "377",
        "y": "124",
        "Time": "08:21:34.307",
        "InArea": "True"
    },
    {
        "x": "376",
        "y": "123",
        "Time": "08:21:34.356",
        "InArea": "True"
    },
    {
        "x": "375",
        "y": "123",
        "Time": "08:21:34.410",
        "InArea": "True"
    },
    {
        "x": "375",
        "y": "123",
        "Time": "08:21:34.453",
        "InArea": "True"
    },
    {
        "x": "375",
        "y": "122",
        "Time": "08:21:34.498",
        "InArea": "True"
    },
    {
        "x": "375",
        "y": "121",
        "Time": "08:21:34.539",
        "InArea": "True"
    },
    {
        "x": "375",
        "y": "121",
        "Time": "08:21:34.633",
        "InArea": "True"
    },
    {
        "x": "374",
        "y": "119",
        "Time": "08:21:34.674",
        "InArea": "True"
    },
    {
        "x": "374",
        "y": "118",
        "Time": "08:21:34.717",
        "InArea": "True"
    },
    {
        "x": "374",
        "y": "118",
        "Time": "08:21:34.766",
        "InArea": "True"
    },
    {
        "x": "372",
        "y": "117",
        "Time": "08:21:34.811",
        "InArea": "True"
    },
    {
        "x": "371",
        "y": "116",
        "Time": "08:21:34.857",
        "InArea": "True"
    },
    {
        "x": "371",
        "y": "115",
        "Time": "08:21:34.903",
        "InArea": "True"
    },
    {
        "x": "371",
        "y": "115",
        "Time": "08:21:34.950",
        "InArea": "True"
    },
    {
        "x": "371",
        "y": "115",
        "Time": "08:21:34.995",
        "InArea": "True"
    },
    {
        "x": "369",
        "y": "114",
        "Time": "08:21:35.038",
        "InArea": "True"
    },
    {
        "x": "368",
        "y": "114",
        "Time": "08:21:35.076",
        "InArea": "True"
    },
    {
        "x": "367",
        "y": "112",
        "Time": "08:21:35.136",
        "InArea": "True"
    },
    {
        "x": "367",
        "y": "111",
        "Time": "08:21:35.185",
        "InArea": "True"
    },
    {
        "x": "366",
        "y": "110",
        "Time": "08:21:35.228",
        "InArea": "False"
    },
    {
        "x": "366",
        "y": "109",
        "Time": "08:21:35.275",
        "InArea": "False"
    }
]