[
    {
        "x": "387",
        "y": "125",
        "Time": "06:56:05.652",
        "InArea": "True"
    },
    {
        "x": "387",
        "y": "125",
        "Time": "06:56:05.698",
        "InArea": "True"
    },
    {
        "x": "385",
        "y": "124",
        "Time": "06:56:05.742",
        "InArea": "True"
    },
    {
        "x": "384",
        "y": "123",
        "Time": "06:56:05.783",
        "InArea": "True"
    },
    {
        "x": "383",
        "y": "122",
        "Time": "06:56:05.834",
        "InArea": "True"
    },
    {
        "x": "383",
        "y": "122",
        "Time": "06:56:05.874",
        "InArea": "True"
    },
    {
        "x": "381",
        "y": "121",
        "Time": "06:56:05.917",
        "InArea": "True"
    },
    {
        "x": "380",
        "y": "121",
        "Time": "06:56:05.961",
        "InArea": "True"
    },
    {
        "x": "379",
        "y": "120",
        "Time": "06:56:06.001",
        "InArea": "True"
    },
    {
        "x": "379",
        "y": "120",
        "Time": "06:56:06.079",
        "InArea": "True"
    },
    {
        "x": "378",
        "y": "120",
        "Time": "06:56:06.124",
        "InArea": "True"
    },
    {
        "x": "378",
        "y": "120",
        "Time": "06:56:06.169",
        "InArea": "True"
    },
    {
        "x": "377",
        "y": "120",
        "Time": "06:56:06.217",
        "InArea": "True"
    },
    {
        "x": "377",
        "y": "120",
        "Time": "06:56:06.303",
        "InArea": "True"
    },
    {
        "x": "376",
        "y": "119",
        "Time": "06:56:06.345",
        "InArea": "True"
    },
    {
        "x": "374",
        "y": "119",
        "Time": "06:56:06.391",
        "InArea": "True"
    },
    {
        "x": "373",
        "y": "119",
        "Time": "06:56:06.432",
        "InArea": "True"
    },
    {
        "x": "373",
        "y": "119",
        "Time": "06:56:06.470",
        "InArea": "True"
    },
    {
        "x": "373",
        "y": "119",
        "Time": "06:56:06.518",
        "InArea": "True"
    },
    {
        "x": "373",
        "y": "118",
        "Time": "06:56:06.560",
        "InArea": "True"
    },
    {
        "x": "372",
        "y": "117",
        "Time": "06:56:06.599",
        "InArea": "True"
    },
    {
        "x": "371",
        "y": "117",
        "Time": "06:56:06.641",
        "InArea": "True"
    },
    {
        "x": "371",
        "y": "117",
        "Time": "06:56:06.690",
        "InArea": "True"
    },
    {
        "x": "370",
        "y": "117",
        "Time": "06:56:06.742",
        "InArea": "True"
    },
    {
        "x": "370",
        "y": "117",
        "Time": "06:56:06.793",
        "InArea": "True"
    },
    {
        "x": "369",
        "y": "116",
        "Time": "06:56:06.848",
        "InArea": "True"
    },
    {
        "x": "368",
        "y": "115",
        "Time": "06:56:06.895",
        "InArea": "True"
    },
    {
        "x": "367",
        "y": "114",
        "Time": "06:56:06.936",
        "InArea": "True"
    },
    {
        "x": "366",
        "y": "113",
        "Time": "06:56:06.976",
        "InArea": "True"
    },
    {
        "x": "366",
        "y": "111",
        "Time": "06:56:07.033",
        "InArea": "True"
    },
    {
        "x": "366",
        "y": "110",
        "Time": "06:56:07.079",
        "InArea": "True"
    },
    {
        "x": "365",
        "y": "109",
        "Time": "06:56:07.135",
        "InArea": "False"
    }
]