[
    {
        "x": "400",
        "y": "131",
        "Time": "08:55:37.746",
        "InArea": "True"
    },
    {
        "x": "398",
        "y": "131",
        "Time": "08:55:37.792",
        "InArea": "True"
    },
    {
        "x": "396",
        "y": "130",
        "Time": "08:55:37.836",
        "InArea": "True"
    },
    {
        "x": "395",
        "y": "130",
        "Time": "08:55:37.877",
        "InArea": "True"
    },
    {
        "x": "394",
        "y": "130",
        "Time": "08:55:37.924",
        "InArea": "True"
    },
    {
        "x": "392",
        "y": "129",
        "Time": "08:55:37.976",
        "InArea": "True"
    },
    {
        "x": "391",
        "y": "128",
        "Time": "08:55:38.023",
        "InArea": "True"
    },
    {
        "x": "391",
        "y": "128",
        "Time": "08:55:38.123",
        "InArea": "True"
    },
    {
        "x": "390",
        "y": "127",
        "Time": "08:55:38.170",
        "InArea": "True"
    },
    {
        "x": "387",
        "y": "126",
        "Time": "08:55:38.216",
        "InArea": "True"
    },
    {
        "x": "386",
        "y": "125",
        "Time": "08:55:38.264",
        "InArea": "True"
    },
    {
        "x": "385",
        "y": "125",
        "Time": "08:55:38.306",
        "InArea": "True"
    },
    {
        "x": "383",
        "y": "124",
        "Time": "08:55:38.364",
        "InArea": "True"
    },
    {
        "x": "382",
        "y": "123",
        "Time": "08:55:38.422",
        "InArea": "True"
    },
    {
        "x": "382",
        "y": "123",
        "Time": "08:55:38.525",
        "InArea": "True"
    },
    {
        "x": "380",
        "y": "122",
        "Time": "08:55:38.578",
        "InArea": "True"
    },
    {
        "x": "379",
        "y": "122",
        "Time": "08:55:38.630",
        "InArea": "True"
    },
    {
        "x": "379",
        "y": "122",
        "Time": "08:55:38.765",
        "InArea": "True"
    },
    {
        "x": "379",
        "y": "121",
        "Time": "08:55:38.812",
        "InArea": "True"
    },
    {
        "x": "378",
        "y": "120",
        "Time": "08:55:38.872",
        "InArea": "True"
    },
    {
        "x": "377",
        "y": "119",
        "Time": "08:55:38.916",
        "InArea": "True"
    },
    {
        "x": "375",
        "y": "117",
        "Time": "08:55:38.958",
        "InArea": "True"
    },
    {
        "x": "374",
        "y": "116",
        "Time": "08:55:39.007",
        "InArea": "True"
    },
    {
        "x": "374",
        "y": "115",
        "Time": "08:55:39.062",
        "InArea": "True"
    },
    {
        "x": "374",
        "y": "114",
        "Time": "08:55:39.103",
        "InArea": "True"
    },
    {
        "x": "374",
        "y": "114",
        "Time": "08:55:39.143",
        "InArea": "True"
    },
    {
        "x": "372",
        "y": "113",
        "Time": "08:55:39.190",
        "InArea": "True"
    },
    {
        "x": "372",
        "y": "112",
        "Time": "08:55:39.248",
        "InArea": "True"
    },
    {
        "x": "372",
        "y": "111",
        "Time": "08:55:39.297",
        "InArea": "True"
    },
    {
        "x": "372",
        "y": "111",
        "Time": "08:55:39.344",
        "InArea": "True"
    },
    {
        "x": "369",
        "y": "109",
        "Time": "08:55:39.383",
        "InArea": "False"
    },
    {
        "x": "367",
        "y": "107",
        "Time": "08:55:39.433",
        "InArea": "False"
    }
]