[
    {
        "x": "414",
        "y": "136",
        "Time": "09:10:52.727",
        "InArea": "True"
    },
    {
        "x": "413",
        "y": "135",
        "Time": "09:10:52.772",
        "InArea": "True"
    },
    {
        "x": "413",
        "y": "135",
        "Time": "09:10:52.814",
        "InArea": "True"
    },
    {
        "x": "411",
        "y": "133",
        "Time": "09:10:52.857",
        "InArea": "True"
    },
    {
        "x": "410",
        "y": "133",
        "Time": "09:10:52.905",
        "InArea": "True"
    },
    {
        "x": "409",
        "y": "133",
        "Time": "09:10:52.946",
        "InArea": "True"
    },
    {
        "x": "409",
        "y": "133",
        "Time": "09:10:52.993",
        "InArea": "True"
    },
    {
        "x": "408",
        "y": "132",
        "Time": "09:10:53.040",
        "InArea": "True"
    },
    {
        "x": "407",
        "y": "132",
        "Time": "09:10:53.085",
        "InArea": "True"
    },
    {
        "x": "405",
        "y": "131",
        "Time": "09:10:53.132",
        "InArea": "True"
    },
    {
        "x": "404",
        "y": "131",
        "Time": "09:10:53.177",
        "InArea": "True"
    },
    {
        "x": "402",
        "y": "129",
        "Time": "09:10:53.220",
        "InArea": "True"
    },
    {
        "x": "401",
        "y": "128",
        "Time": "09:10:53.269",
        "InArea": "True"
    },
    {
        "x": "400",
        "y": "127",
        "Time": "09:10:53.326",
        "InArea": "True"
    },
    {
        "x": "400",
        "y": "126",
        "Time": "09:10:53.368",
        "InArea": "True"
    },
    {
        "x": "396",
        "y": "124",
        "Time": "09:10:53.421",
        "InArea": "True"
    },
    {
        "x": "394",
        "y": "123",
        "Time": "09:10:53.466",
        "InArea": "True"
    },
    {
        "x": "392",
        "y": "122",
        "Time": "09:10:53.512",
        "InArea": "True"
    },
    {
        "x": "391",
        "y": "122",
        "Time": "09:10:53.563",
        "InArea": "True"
    },
    {
        "x": "390",
        "y": "122",
        "Time": "09:10:53.609",
        "InArea": "True"
    },
    {
        "x": "387",
        "y": "120",
        "Time": "09:10:53.648",
        "InArea": "True"
    },
    {
        "x": "382",
        "y": "118",
        "Time": "09:10:53.705",
        "InArea": "True"
    },
    {
        "x": "380",
        "y": "117",
        "Time": "09:10:53.749",
        "InArea": "True"
    },
    {
        "x": "379",
        "y": "117",
        "Time": "09:10:53.793",
        "InArea": "True"
    },
    {
        "x": "377",
        "y": "116",
        "Time": "09:10:53.838",
        "InArea": "True"
    },
    {
        "x": "376",
        "y": "116",
        "Time": "09:10:53.884",
        "InArea": "True"
    },
    {
        "x": "376",
        "y": "114",
        "Time": "09:10:53.943",
        "InArea": "True"
    },
    {
        "x": "376",
        "y": "113",
        "Time": "09:10:53.987",
        "InArea": "True"
    },
    {
        "x": "376",
        "y": "112",
        "Time": "09:10:54.033",
        "InArea": "True"
    },
    {
        "x": "374",
        "y": "112",
        "Time": "09:10:54.090",
        "InArea": "True"
    },
    {
        "x": "373",
        "y": "110",
        "Time": "09:10:54.139",
        "InArea": "False"
    },
    {
        "x": "372",
        "y": "109",
        "Time": "09:10:54.181",
        "InArea": "False"
    }
]