[
    {
        "x": "410",
        "y": "131",
        "Time": "09:11:48.878",
        "InArea": "True"
    },
    {
        "x": "409",
        "y": "132",
        "Time": "09:11:48.921",
        "InArea": "True"
    },
    {
        "x": "409",
        "y": "132",
        "Time": "09:11:48.960",
        "InArea": "True"
    },
    {
        "x": "409",
        "y": "132",
        "Time": "09:11:49.006",
        "InArea": "True"
    },
    {
        "x": "408",
        "y": "132",
        "Time": "09:11:49.050",
        "InArea": "True"
    },
    {
        "x": "408",
        "y": "132",
        "Time": "09:11:49.195",
        "InArea": "True"
    },
    {
        "x": "407",
        "y": "130",
        "Time": "09:11:49.251",
        "InArea": "True"
    },
    {
        "x": "406",
        "y": "129",
        "Time": "09:11:49.296",
        "InArea": "True"
    },
    {
        "x": "405",
        "y": "128",
        "Time": "09:11:49.336",
        "InArea": "True"
    },
    {
        "x": "405",
        "y": "128",
        "Time": "09:11:49.383",
        "InArea": "True"
    },
    {
        "x": "403",
        "y": "127",
        "Time": "09:11:49.425",
        "InArea": "True"
    },
    {
        "x": "402",
        "y": "126",
        "Time": "09:11:49.470",
        "InArea": "True"
    },
    {
        "x": "401",
        "y": "124",
        "Time": "09:11:49.514",
        "InArea": "True"
    },
    {
        "x": "400",
        "y": "123",
        "Time": "09:11:49.558",
        "InArea": "True"
    },
    {
        "x": "400",
        "y": "122",
        "Time": "09:11:49.603",
        "InArea": "True"
    },
    {
        "x": "399",
        "y": "120",
        "Time": "09:11:49.655",
        "InArea": "True"
    },
    {
        "x": "397",
        "y": "120",
        "Time": "09:11:49.709",
        "InArea": "True"
    },
    {
        "x": "396",
        "y": "120",
        "Time": "09:11:49.760",
        "InArea": "True"
    },
    {
        "x": "396",
        "y": "120",
        "Time": "09:11:49.815",
        "InArea": "True"
    },
    {
        "x": "392",
        "y": "119",
        "Time": "09:11:49.861",
        "InArea": "True"
    },
    {
        "x": "389",
        "y": "118",
        "Time": "09:11:49.912",
        "InArea": "True"
    },
    {
        "x": "388",
        "y": "117",
        "Time": "09:11:49.951",
        "InArea": "True"
    },
    {
        "x": "387",
        "y": "117",
        "Time": "09:11:49.991",
        "InArea": "True"
    },
    {
        "x": "383",
        "y": "116",
        "Time": "09:11:50.044",
        "InArea": "True"
    },
    {
        "x": "382",
        "y": "115",
        "Time": "09:11:50.088",
        "InArea": "True"
    },
    {
        "x": "382",
        "y": "114",
        "Time": "09:11:50.130",
        "InArea": "True"
    },
    {
        "x": "382",
        "y": "114",
        "Time": "09:11:50.176",
        "InArea": "True"
    },
    {
        "x": "381",
        "y": "112",
        "Time": "09:11:50.233",
        "InArea": "True"
    },
    {
        "x": "377",
        "y": "111",
        "Time": "09:11:50.295",
        "InArea": "True"
    },
    {
        "x": "375",
        "y": "110",
        "Time": "09:11:50.337",
        "InArea": "True"
    },
    {
        "x": "374",
        "y": "110",
        "Time": "09:11:50.377",
        "InArea": "True"
    },
    {
        "x": "374",
        "y": "109",
        "Time": "09:11:50.418",
        "InArea": "False"
    }
]