[
    {
        "x": "501",
        "y": "140",
        "Time": "08:24:28.359",
        "InArea": "True"
    },
    {
        "x": "501",
        "y": "140",
        "Time": "08:24:28.412",
        "InArea": "True"
    },
    {
        "x": "502",
        "y": "140",
        "Time": "08:24:28.470",
        "InArea": "True"
    },
    {
        "x": "500",
        "y": "140",
        "Time": "08:24:28.512",
        "InArea": "True"
    },
    {
        "x": "500",
        "y": "140",
        "Time": "08:24:28.556",
        "InArea": "True"
    },
    {
        "x": "500",
        "y": "140",
        "Time": "08:24:28.596",
        "InArea": "True"
    },
    {
        "x": "500",
        "y": "135",
        "Time": "08:24:28.644",
        "InArea": "True"
    },
    {
        "x": "499",
        "y": "133",
        "Time": "08:24:28.697",
        "InArea": "True"
    },
    {
        "x": "498",
        "y": "132",
        "Time": "08:24:28.746",
        "InArea": "True"
    },
    {
        "x": "497",
        "y": "131",
        "Time": "08:24:28.790",
        "InArea": "True"
    },
    {
        "x": "497",
        "y": "131",
        "Time": "08:24:28.829",
        "InArea": "True"
    },
    {
        "x": "497",
        "y": "130",
        "Time": "08:24:28.870",
        "InArea": "True"
    },
    {
        "x": "497",
        "y": "130",
        "Time": "08:24:28.914",
        "InArea": "True"
    },
    {
        "x": "492",
        "y": "130",
        "Time": "08:24:28.953",
        "InArea": "True"
    },
    {
        "x": "490",
        "y": "130",
        "Time": "08:24:28.997",
        "InArea": "True"
    },
    {
        "x": "489",
        "y": "129",
        "Time": "08:24:29.043",
        "InArea": "True"
    },
    {
        "x": "488",
        "y": "129",
        "Time": "08:24:29.090",
        "InArea": "True"
    },
    {
        "x": "486",
        "y": "127",
        "Time": "08:24:29.142",
        "InArea": "True"
    },
    {
        "x": "485",
        "y": "126",
        "Time": "08:24:29.191",
        "InArea": "True"
    },
    {
        "x": "485",
        "y": "125",
        "Time": "08:24:29.239",
        "InArea": "True"
    },
    {
        "x": "485",
        "y": "124",
        "Time": "08:24:29.282",
        "InArea": "True"
    },
    {
        "x": "484",
        "y": "123",
        "Time": "08:24:29.338",
        "InArea": "True"
    },
    {
        "x": "484",
        "y": "122",
        "Time": "08:24:29.390",
        "InArea": "True"
    },
    {
        "x": "484",
        "y": "121",
        "Time": "08:24:29.430",
        "InArea": "True"
    },
    {
        "x": "484",
        "y": "122",
        "Time": "08:24:29.474",
        "InArea": "True"
    },
    {
        "x": "483",
        "y": "122",
        "Time": "08:24:29.522",
        "InArea": "True"
    },
    {
        "x": "483",
        "y": "120",
        "Time": "08:24:29.568",
        "InArea": "True"
    },
    {
        "x": "483",
        "y": "119",
        "Time": "08:24:29.616",
        "InArea": "True"
    },
    {
        "x": "481",
        "y": "118",
        "Time": "08:24:29.659",
        "InArea": "True"
    },
    {
        "x": "478",
        "y": "117",
        "Time": "08:24:29.711",
        "InArea": "True"
    },
    {
        "x": "475",
        "y": "115",
        "Time": "08:24:29.752",
        "InArea": "False"
    },
    {
        "x": "473",
        "y": "114",
        "Time": "08:24:29.791",
        "InArea": "False"
    }
]