[
    {
        "x": "496",
        "y": "134",
        "Time": "09:18:40.298",
        "InArea": "True"
    },
    {
        "x": "496",
        "y": "133",
        "Time": "09:18:40.344",
        "InArea": "True"
    },
    {
        "x": "496",
        "y": "133",
        "Time": "09:18:40.437",
        "InArea": "True"
    },
    {
        "x": "496",
        "y": "132",
        "Time": "09:18:40.482",
        "InArea": "True"
    },
    {
        "x": "496",
        "y": "132",
        "Time": "09:18:40.524",
        "InArea": "True"
    },
    {
        "x": "495",
        "y": "132",
        "Time": "09:18:40.570",
        "InArea": "True"
    },
    {
        "x": "495",
        "y": "132",
        "Time": "09:18:40.618",
        "InArea": "True"
    },
    {
        "x": "492",
        "y": "132",
        "Time": "09:18:40.661",
        "InArea": "True"
    },
    {
        "x": "490",
        "y": "131",
        "Time": "09:18:40.709",
        "InArea": "True"
    },
    {
        "x": "489",
        "y": "130",
        "Time": "09:18:40.750",
        "InArea": "True"
    },
    {
        "x": "488",
        "y": "130",
        "Time": "09:18:40.793",
        "InArea": "True"
    },
    {
        "x": "487",
        "y": "130",
        "Time": "09:18:40.838",
        "InArea": "True"
    },
    {
        "x": "487",
        "y": "129",
        "Time": "09:18:40.879",
        "InArea": "True"
    },
    {
        "x": "487",
        "y": "129",
        "Time": "09:18:40.920",
        "InArea": "True"
    },
    {
        "x": "486",
        "y": "129",
        "Time": "09:18:40.971",
        "InArea": "True"
    },
    {
        "x": "485",
        "y": "129",
        "Time": "09:18:41.015",
        "InArea": "True"
    },
    {
        "x": "485",
        "y": "128",
        "Time": "09:18:41.057",
        "InArea": "True"
    },
    {
        "x": "484",
        "y": "127",
        "Time": "09:18:41.100",
        "InArea": "True"
    },
    {
        "x": "483",
        "y": "126",
        "Time": "09:18:41.149",
        "InArea": "True"
    },
    {
        "x": "482",
        "y": "125",
        "Time": "09:18:41.196",
        "InArea": "True"
    },
    {
        "x": "481",
        "y": "124",
        "Time": "09:18:41.247",
        "InArea": "True"
    },
    {
        "x": "479",
        "y": "122",
        "Time": "09:18:41.296",
        "InArea": "True"
    },
    {
        "x": "478",
        "y": "120",
        "Time": "09:18:41.341",
        "InArea": "True"
    },
    {
        "x": "476",
        "y": "119",
        "Time": "09:18:41.387",
        "InArea": "True"
    },
    {
        "x": "474",
        "y": "118",
        "Time": "09:18:41.435",
        "InArea": "True"
    },
    {
        "x": "471",
        "y": "118",
        "Time": "09:18:41.478",
        "InArea": "True"
    },
    {
        "x": "469",
        "y": "118",
        "Time": "09:18:41.524",
        "InArea": "True"
    },
    {
        "x": "468",
        "y": "118",
        "Time": "09:18:41.574",
        "InArea": "True"
    },
    {
        "x": "468",
        "y": "117",
        "Time": "09:18:41.624",
        "InArea": "True"
    },
    {
        "x": "466",
        "y": "116",
        "Time": "09:18:41.671",
        "InArea": "True"
    },
    {
        "x": "465",
        "y": "115",
        "Time": "09:18:41.728",
        "InArea": "False"
    },
    {
        "x": "464",
        "y": "113",
        "Time": "09:18:41.779",
        "InArea": "False"
    }
]