[
    {
        "x": "489",
        "y": "140",
        "Time": "09:12:10.963",
        "InArea": "True"
    },
    {
        "x": "488",
        "y": "139",
        "Time": "09:12:11.009",
        "InArea": "True"
    },
    {
        "x": "488",
        "y": "139",
        "Time": "09:12:11.049",
        "InArea": "True"
    },
    {
        "x": "487",
        "y": "139",
        "Time": "09:12:11.096",
        "InArea": "True"
    },
    {
        "x": "487",
        "y": "139",
        "Time": "09:12:11.144",
        "InArea": "True"
    },
    {
        "x": "487",
        "y": "139",
        "Time": "09:12:11.260",
        "InArea": "True"
    },
    {
        "x": "486",
        "y": "137",
        "Time": "09:12:11.315",
        "InArea": "True"
    },
    {
        "x": "485",
        "y": "136",
        "Time": "09:12:11.381",
        "InArea": "True"
    },
    {
        "x": "484",
        "y": "135",
        "Time": "09:12:11.435",
        "InArea": "True"
    },
    {
        "x": "484",
        "y": "135",
        "Time": "09:12:11.521",
        "InArea": "True"
    },
    {
        "x": "483",
        "y": "134",
        "Time": "09:12:11.563",
        "InArea": "True"
    },
    {
        "x": "483",
        "y": "133",
        "Time": "09:12:11.607",
        "InArea": "True"
    },
    {
        "x": "482",
        "y": "133",
        "Time": "09:12:11.648",
        "InArea": "True"
    },
    {
        "x": "482",
        "y": "132",
        "Time": "09:12:11.688",
        "InArea": "True"
    },
    {
        "x": "480",
        "y": "131",
        "Time": "09:12:11.733",
        "InArea": "True"
    },
    {
        "x": "478",
        "y": "131",
        "Time": "09:12:11.777",
        "InArea": "True"
    },
    {
        "x": "477",
        "y": "130",
        "Time": "09:12:11.815",
        "InArea": "True"
    },
    {
        "x": "477",
        "y": "129",
        "Time": "09:12:11.856",
        "InArea": "True"
    },
    {
        "x": "474",
        "y": "127",
        "Time": "09:12:11.901",
        "InArea": "True"
    },
    {
        "x": "473",
        "y": "125",
        "Time": "09:12:11.943",
        "InArea": "True"
    },
    {
        "x": "471",
        "y": "124",
        "Time": "09:12:11.984",
        "InArea": "True"
    },
    {
        "x": "470",
        "y": "123",
        "Time": "09:12:12.029",
        "InArea": "True"
    },
    {
        "x": "470",
        "y": "122",
        "Time": "09:12:12.069",
        "InArea": "True"
    },
    {
        "x": "471",
        "y": "121",
        "Time": "09:12:12.111",
        "InArea": "True"
    },
    {
        "x": "470",
        "y": "120",
        "Time": "09:12:12.158",
        "InArea": "True"
    },
    {
        "x": "468",
        "y": "118",
        "Time": "09:12:12.209",
        "InArea": "True"
    },
    {
        "x": "467",
        "y": "117",
        "Time": "09:12:12.254",
        "InArea": "True"
    },
    {
        "x": "466",
        "y": "117",
        "Time": "09:12:12.305",
        "InArea": "True"
    },
    {
        "x": "465",
        "y": "117",
        "Time": "09:12:12.342",
        "InArea": "True"
    },
    {
        "x": "464",
        "y": "116",
        "Time": "09:12:12.390",
        "InArea": "True"
    },
    {
        "x": "462",
        "y": "115",
        "Time": "09:12:12.434",
        "InArea": "True"
    },
    {
        "x": "461",
        "y": "114",
        "Time": "09:12:12.473",
        "InArea": "False"
    }
]