[
    {
        "x": "488",
        "y": "138",
        "Time": "10:34:24.574",
        "InArea": "True"
    },
    {
        "x": "488",
        "y": "138",
        "Time": "10:34:24.620",
        "InArea": "True"
    },
    {
        "x": "487",
        "y": "138",
        "Time": "10:34:24.671",
        "InArea": "True"
    },
    {
        "x": "487",
        "y": "138",
        "Time": "10:34:24.717",
        "InArea": "True"
    },
    {
        "x": "486",
        "y": "138",
        "Time": "10:34:24.758",
        "InArea": "True"
    },
    {
        "x": "487",
        "y": "136",
        "Time": "10:34:24.811",
        "InArea": "True"
    },
    {
        "x": "487",
        "y": "135",
        "Time": "10:34:24.871",
        "InArea": "True"
    },
    {
        "x": "487",
        "y": "134",
        "Time": "10:34:24.924",
        "InArea": "True"
    },
    {
        "x": "486",
        "y": "133",
        "Time": "10:34:24.974",
        "InArea": "True"
    },
    {
        "x": "485",
        "y": "132",
        "Time": "10:34:25.023",
        "InArea": "True"
    },
    {
        "x": "484",
        "y": "132",
        "Time": "10:34:25.075",
        "InArea": "True"
    },
    {
        "x": "484",
        "y": "132",
        "Time": "10:34:25.130",
        "InArea": "True"
    },
    {
        "x": "483",
        "y": "131",
        "Time": "10:34:25.182",
        "InArea": "True"
    },
    {
        "x": "482",
        "y": "131",
        "Time": "10:34:25.224",
        "InArea": "True"
    },
    {
        "x": "481",
        "y": "130",
        "Time": "10:34:25.275",
        "InArea": "True"
    },
    {
        "x": "480",
        "y": "129",
        "Time": "10:34:25.322",
        "InArea": "True"
    },
    {
        "x": "477",
        "y": "128",
        "Time": "10:34:25.365",
        "InArea": "True"
    },
    {
        "x": "476",
        "y": "128",
        "Time": "10:34:25.413",
        "InArea": "True"
    },
    {
        "x": "474",
        "y": "128",
        "Time": "10:34:25.464",
        "InArea": "True"
    },
    {
        "x": "472",
        "y": "126",
        "Time": "10:34:25.515",
        "InArea": "True"
    },
    {
        "x": "470",
        "y": "125",
        "Time": "10:34:25.565",
        "InArea": "True"
    },
    {
        "x": "469",
        "y": "124",
        "Time": "10:34:25.611",
        "InArea": "True"
    },
    {
        "x": "468",
        "y": "123",
        "Time": "10:34:25.668",
        "InArea": "True"
    },
    {
        "x": "467",
        "y": "122",
        "Time": "10:34:25.725",
        "InArea": "True"
    },
    {
        "x": "465",
        "y": "121",
        "Time": "10:34:25.791",
        "InArea": "True"
    },
    {
        "x": "464",
        "y": "121",
        "Time": "10:34:25.837",
        "InArea": "True"
    },
    {
        "x": "463",
        "y": "120",
        "Time": "10:34:25.886",
        "InArea": "True"
    },
    {
        "x": "461",
        "y": "118",
        "Time": "10:34:25.940",
        "InArea": "True"
    },
    {
        "x": "458",
        "y": "116",
        "Time": "10:34:25.991",
        "InArea": "True"
    },
    {
        "x": "457",
        "y": "115",
        "Time": "10:34:26.043",
        "InArea": "True"
    },
    {
        "x": "455",
        "y": "115",
        "Time": "10:34:26.091",
        "InArea": "True"
    },
    {
        "x": "453",
        "y": "113",
        "Time": "10:34:26.143",
        "InArea": "False"
    }
]