[
    {
        "x": "508",
        "y": "132",
        "Time": "08:57:11.894",
        "InArea": "True"
    },
    {
        "x": "508",
        "y": "132",
        "Time": "08:57:11.936",
        "InArea": "True"
    },
    {
        "x": "507",
        "y": "132",
        "Time": "08:57:11.973",
        "InArea": "True"
    },
    {
        "x": "508",
        "y": "132",
        "Time": "08:57:12.014",
        "InArea": "True"
    },
    {
        "x": "507",
        "y": "132",
        "Time": "08:57:12.053",
        "InArea": "True"
    },
    {
        "x": "503",
        "y": "129",
        "Time": "08:57:12.096",
        "InArea": "True"
    },
    {
        "x": "501",
        "y": "128",
        "Time": "08:57:12.144",
        "InArea": "True"
    },
    {
        "x": "500",
        "y": "127",
        "Time": "08:57:12.186",
        "InArea": "True"
    },
    {
        "x": "499",
        "y": "127",
        "Time": "08:57:12.231",
        "InArea": "True"
    },
    {
        "x": "499",
        "y": "127",
        "Time": "08:57:12.278",
        "InArea": "True"
    },
    {
        "x": "499",
        "y": "127",
        "Time": "08:57:12.327",
        "InArea": "True"
    },
    {
        "x": "498",
        "y": "127",
        "Time": "08:57:12.373",
        "InArea": "True"
    },
    {
        "x": "497",
        "y": "126",
        "Time": "08:57:12.428",
        "InArea": "True"
    },
    {
        "x": "496",
        "y": "125",
        "Time": "08:57:12.481",
        "InArea": "True"
    },
    {
        "x": "492",
        "y": "124",
        "Time": "08:57:12.531",
        "InArea": "True"
    },
    {
        "x": "490",
        "y": "125",
        "Time": "08:57:12.578",
        "InArea": "True"
    },
    {
        "x": "489",
        "y": "124",
        "Time": "08:57:12.618",
        "InArea": "True"
    },
    {
        "x": "488",
        "y": "124",
        "Time": "08:57:12.670",
        "InArea": "True"
    },
    {
        "x": "488",
        "y": "123",
        "Time": "08:57:12.713",
        "InArea": "True"
    },
    {
        "x": "487",
        "y": "122",
        "Time": "08:57:12.756",
        "InArea": "True"
    },
    {
        "x": "487",
        "y": "122",
        "Time": "08:57:12.797",
        "InArea": "True"
    },
    {
        "x": "487",
        "y": "121",
        "Time": "08:57:12.837",
        "InArea": "True"
    },
    {
        "x": "487",
        "y": "121",
        "Time": "08:57:12.878",
        "InArea": "True"
    },
    {
        "x": "486",
        "y": "121",
        "Time": "08:57:12.930",
        "InArea": "True"
    },
    {
        "x": "486",
        "y": "120",
        "Time": "08:57:12.973",
        "InArea": "True"
    },
    {
        "x": "486",
        "y": "120",
        "Time": "08:57:13.022",
        "InArea": "True"
    },
    {
        "x": "486",
        "y": "119",
        "Time": "08:57:13.076",
        "InArea": "True"
    },
    {
        "x": "485",
        "y": "117",
        "Time": "08:57:13.129",
        "InArea": "True"
    },
    {
        "x": "484",
        "y": "117",
        "Time": "08:57:13.182",
        "InArea": "True"
    },
    {
        "x": "482",
        "y": "116",
        "Time": "08:57:13.243",
        "InArea": "True"
    },
    {
        "x": "480",
        "y": "115",
        "Time": "08:57:13.297",
        "InArea": "False"
    },
    {
        "x": "479",
        "y": "114",
        "Time": "08:57:13.339",
        "InArea": "False"
    }
]