[
    {
        "x": "484",
        "y": "134",
        "Time": "07:04:55.377",
        "InArea": "True"
    },
    {
        "x": "484",
        "y": "134",
        "Time": "07:04:55.419",
        "InArea": "True"
    },
    {
        "x": "483",
        "y": "134",
        "Time": "07:04:55.461",
        "InArea": "True"
    },
    {
        "x": "483",
        "y": "134",
        "Time": "07:04:55.509",
        "InArea": "True"
    },
    {
        "x": "483",
        "y": "133",
        "Time": "07:04:55.563",
        "InArea": "True"
    },
    {
        "x": "483",
        "y": "133",
        "Time": "07:04:55.616",
        "InArea": "True"
    },
    {
        "x": "482",
        "y": "133",
        "Time": "07:04:55.670",
        "InArea": "True"
    },
    {
        "x": "482",
        "y": "133",
        "Time": "07:04:55.723",
        "InArea": "True"
    },
    {
        "x": "481",
        "y": "133",
        "Time": "07:04:55.776",
        "InArea": "True"
    },
    {
        "x": "481",
        "y": "132",
        "Time": "07:04:55.827",
        "InArea": "True"
    },
    {
        "x": "481",
        "y": "132",
        "Time": "07:04:55.881",
        "InArea": "True"
    },
    {
        "x": "480",
        "y": "132",
        "Time": "07:04:55.934",
        "InArea": "True"
    },
    {
        "x": "479",
        "y": "131",
        "Time": "07:04:55.973",
        "InArea": "True"
    },
    {
        "x": "478",
        "y": "131",
        "Time": "07:04:56.015",
        "InArea": "True"
    },
    {
        "x": "477",
        "y": "130",
        "Time": "07:04:56.061",
        "InArea": "True"
    },
    {
        "x": "476",
        "y": "130",
        "Time": "07:04:56.107",
        "InArea": "True"
    },
    {
        "x": "475",
        "y": "129",
        "Time": "07:04:56.155",
        "InArea": "True"
    },
    {
        "x": "475",
        "y": "129",
        "Time": "07:04:56.200",
        "InArea": "True"
    },
    {
        "x": "473",
        "y": "128",
        "Time": "07:04:56.252",
        "InArea": "True"
    },
    {
        "x": "471",
        "y": "126",
        "Time": "07:04:56.303",
        "InArea": "True"
    },
    {
        "x": "469",
        "y": "125",
        "Time": "07:04:56.351",
        "InArea": "True"
    },
    {
        "x": "468",
        "y": "123",
        "Time": "07:04:56.403",
        "InArea": "True"
    },
    {
        "x": "467",
        "y": "122",
        "Time": "07:04:56.451",
        "InArea": "True"
    },
    {
        "x": "465",
        "y": "121",
        "Time": "07:04:56.502",
        "InArea": "True"
    },
    {
        "x": "465",
        "y": "119",
        "Time": "07:04:56.547",
        "InArea": "True"
    },
    {
        "x": "465",
        "y": "118",
        "Time": "07:04:56.588",
        "InArea": "True"
    },
    {
        "x": "464",
        "y": "118",
        "Time": "07:04:56.629",
        "InArea": "True"
    },
    {
        "x": "464",
        "y": "117",
        "Time": "07:04:56.669",
        "InArea": "True"
    },
    {
        "x": "462",
        "y": "117",
        "Time": "07:04:56.718",
        "InArea": "True"
    },
    {
        "x": "461",
        "y": "116",
        "Time": "07:04:56.763",
        "InArea": "True"
    },
    {
        "x": "461",
        "y": "115",
        "Time": "07:04:56.801",
        "InArea": "True"
    },
    {
        "x": "459",
        "y": "114",
        "Time": "07:04:56.846",
        "InArea": "False"
    }
]