[
    {
        "x": "505",
        "y": "134",
        "Time": "10:39:47.863",
        "InArea": "True"
    },
    {
        "x": "505",
        "y": "133",
        "Time": "10:39:47.912",
        "InArea": "True"
    },
    {
        "x": "504",
        "y": "131",
        "Time": "10:39:47.965",
        "InArea": "True"
    },
    {
        "x": "504",
        "y": "130",
        "Time": "10:39:48.023",
        "InArea": "True"
    },
    {
        "x": "504",
        "y": "130",
        "Time": "10:39:48.076",
        "InArea": "True"
    },
    {
        "x": "503",
        "y": "130",
        "Time": "10:39:48.133",
        "InArea": "True"
    },
    {
        "x": "503",
        "y": "129",
        "Time": "10:39:48.186",
        "InArea": "True"
    },
    {
        "x": "502",
        "y": "129",
        "Time": "10:39:48.236",
        "InArea": "True"
    },
    {
        "x": "501",
        "y": "129",
        "Time": "10:39:48.291",
        "InArea": "True"
    },
    {
        "x": "499",
        "y": "129",
        "Time": "10:39:48.340",
        "InArea": "True"
    },
    {
        "x": "499",
        "y": "130",
        "Time": "10:39:48.385",
        "InArea": "True"
    },
    {
        "x": "498",
        "y": "130",
        "Time": "10:39:48.435",
        "InArea": "True"
    },
    {
        "x": "493",
        "y": "128",
        "Time": "10:39:48.486",
        "InArea": "True"
    },
    {
        "x": "490",
        "y": "127",
        "Time": "10:39:48.543",
        "InArea": "True"
    },
    {
        "x": "489",
        "y": "127",
        "Time": "10:39:48.594",
        "InArea": "True"
    },
    {
        "x": "488",
        "y": "126",
        "Time": "10:39:48.645",
        "InArea": "True"
    },
    {
        "x": "487",
        "y": "126",
        "Time": "10:39:48.688",
        "InArea": "True"
    },
    {
        "x": "487",
        "y": "125",
        "Time": "10:39:48.740",
        "InArea": "True"
    },
    {
        "x": "487",
        "y": "125",
        "Time": "10:39:48.829",
        "InArea": "True"
    },
    {
        "x": "486",
        "y": "124",
        "Time": "10:39:48.877",
        "InArea": "True"
    },
    {
        "x": "485",
        "y": "124",
        "Time": "10:39:48.918",
        "InArea": "True"
    },
    {
        "x": "483",
        "y": "124",
        "Time": "10:39:48.965",
        "InArea": "True"
    },
    {
        "x": "483",
        "y": "123",
        "Time": "10:39:49.015",
        "InArea": "True"
    },
    {
        "x": "481",
        "y": "121",
        "Time": "10:39:49.069",
        "InArea": "True"
    },
    {
        "x": "480",
        "y": "120",
        "Time": "10:39:49.123",
        "InArea": "True"
    },
    {
        "x": "478",
        "y": "119",
        "Time": "10:39:49.172",
        "InArea": "True"
    },
    {
        "x": "477",
        "y": "118",
        "Time": "10:39:49.223",
        "InArea": "True"
    },
    {
        "x": "474",
        "y": "117",
        "Time": "10:39:49.282",
        "InArea": "True"
    },
    {
        "x": "471",
        "y": "117",
        "Time": "10:39:49.334",
        "InArea": "True"
    },
    {
        "x": "470",
        "y": "116",
        "Time": "10:39:49.397",
        "InArea": "True"
    },
    {
        "x": "468",
        "y": "115",
        "Time": "10:39:49.439",
        "InArea": "False"
    },
    {
        "x": "467",
        "y": "114",
        "Time": "10:39:49.488",
        "InArea": "False"
    }
]