[
    {
        "x": "498",
        "y": "130",
        "Time": "08:40:48.895",
        "InArea": "True"
    },
    {
        "x": "499",
        "y": "130",
        "Time": "08:40:48.942",
        "InArea": "True"
    },
    {
        "x": "499",
        "y": "131",
        "Time": "08:40:48.984",
        "InArea": "True"
    },
    {
        "x": "498",
        "y": "131",
        "Time": "08:40:49.032",
        "InArea": "True"
    },
    {
        "x": "498",
        "y": "131",
        "Time": "08:40:49.071",
        "InArea": "True"
    },
    {
        "x": "498",
        "y": "130",
        "Time": "08:40:49.122",
        "InArea": "True"
    },
    {
        "x": "496",
        "y": "130",
        "Time": "08:40:49.166",
        "InArea": "True"
    },
    {
        "x": "495",
        "y": "129",
        "Time": "08:40:49.213",
        "InArea": "True"
    },
    {
        "x": "495",
        "y": "128",
        "Time": "08:40:49.251",
        "InArea": "True"
    },
    {
        "x": "495",
        "y": "128",
        "Time": "08:40:49.340",
        "InArea": "True"
    },
    {
        "x": "495",
        "y": "127",
        "Time": "08:40:49.387",
        "InArea": "True"
    },
    {
        "x": "495",
        "y": "127",
        "Time": "08:40:49.428",
        "InArea": "True"
    },
    {
        "x": "495",
        "y": "127",
        "Time": "08:40:49.469",
        "InArea": "True"
    },
    {
        "x": "495",
        "y": "126",
        "Time": "08:40:49.511",
        "InArea": "True"
    },
    {
        "x": "492",
        "y": "125",
        "Time": "08:40:49.564",
        "InArea": "True"
    },
    {
        "x": "490",
        "y": "125",
        "Time": "08:40:49.605",
        "InArea": "True"
    },
    {
        "x": "489",
        "y": "124",
        "Time": "08:40:49.649",
        "InArea": "True"
    },
    {
        "x": "488",
        "y": "123",
        "Time": "08:40:49.691",
        "InArea": "True"
    },
    {
        "x": "487",
        "y": "123",
        "Time": "08:40:49.732",
        "InArea": "True"
    },
    {
        "x": "486",
        "y": "121",
        "Time": "08:40:49.792",
        "InArea": "True"
    },
    {
        "x": "485",
        "y": "121",
        "Time": "08:40:49.840",
        "InArea": "True"
    },
    {
        "x": "485",
        "y": "121",
        "Time": "08:40:49.878",
        "InArea": "True"
    },
    {
        "x": "485",
        "y": "120",
        "Time": "08:40:49.936",
        "InArea": "True"
    },
    {
        "x": "483",
        "y": "119",
        "Time": "08:40:49.992",
        "InArea": "True"
    },
    {
        "x": "483",
        "y": "119",
        "Time": "08:40:50.035",
        "InArea": "True"
    },
    {
        "x": "482",
        "y": "118",
        "Time": "08:40:50.077",
        "InArea": "True"
    },
    {
        "x": "482",
        "y": "118",
        "Time": "08:40:50.121",
        "InArea": "True"
    },
    {
        "x": "481",
        "y": "118",
        "Time": "08:40:50.162",
        "InArea": "True"
    },
    {
        "x": "481",
        "y": "118",
        "Time": "08:40:50.259",
        "InArea": "True"
    },
    {
        "x": "480",
        "y": "117",
        "Time": "08:40:50.308",
        "InArea": "True"
    },
    {
        "x": "477",
        "y": "114",
        "Time": "08:40:50.359",
        "InArea": "False"
    },
    {
        "x": "476",
        "y": "114",
        "Time": "08:40:50.412",
        "InArea": "False"
    }
]