[
    {
        "x": "494",
        "y": "142",
        "Time": "13:49:58.640",
        "InArea": "True"
    },
    {
        "x": "494",
        "y": "142",
        "Time": "13:49:58.693",
        "InArea": "True"
    },
    {
        "x": "491",
        "y": "143",
        "Time": "13:49:58.739",
        "InArea": "True"
    },
    {
        "x": "489",
        "y": "143",
        "Time": "13:49:58.781",
        "InArea": "True"
    },
    {
        "x": "488",
        "y": "142",
        "Time": "13:49:58.822",
        "InArea": "True"
    },
    {
        "x": "487",
        "y": "142",
        "Time": "13:49:58.867",
        "InArea": "True"
    },
    {
        "x": "487",
        "y": "141",
        "Time": "13:49:58.910",
        "InArea": "True"
    },
    {
        "x": "487",
        "y": "141",
        "Time": "13:49:58.954",
        "InArea": "True"
    },
    {
        "x": "486",
        "y": "140",
        "Time": "13:49:59.008",
        "InArea": "True"
    },
    {
        "x": "485",
        "y": "140",
        "Time": "13:49:59.065",
        "InArea": "True"
    },
    {
        "x": "484",
        "y": "137",
        "Time": "13:49:59.117",
        "InArea": "True"
    },
    {
        "x": "483",
        "y": "136",
        "Time": "13:49:59.156",
        "InArea": "True"
    },
    {
        "x": "483",
        "y": "134",
        "Time": "13:49:59.197",
        "InArea": "True"
    },
    {
        "x": "483",
        "y": "132",
        "Time": "13:49:59.241",
        "InArea": "True"
    },
    {
        "x": "481",
        "y": "131",
        "Time": "13:49:59.288",
        "InArea": "True"
    },
    {
        "x": "478",
        "y": "130",
        "Time": "13:49:59.334",
        "InArea": "True"
    },
    {
        "x": "476",
        "y": "129",
        "Time": "13:49:59.375",
        "InArea": "True"
    },
    {
        "x": "474",
        "y": "128",
        "Time": "13:49:59.414",
        "InArea": "True"
    },
    {
        "x": "472",
        "y": "127",
        "Time": "13:49:59.460",
        "InArea": "True"
    },
    {
        "x": "471",
        "y": "126",
        "Time": "13:49:59.509",
        "InArea": "True"
    },
    {
        "x": "470",
        "y": "125",
        "Time": "13:49:59.554",
        "InArea": "True"
    },
    {
        "x": "469",
        "y": "124",
        "Time": "13:49:59.596",
        "InArea": "True"
    },
    {
        "x": "467",
        "y": "122",
        "Time": "13:49:59.660",
        "InArea": "True"
    },
    {
        "x": "465",
        "y": "120",
        "Time": "13:49:59.711",
        "InArea": "True"
    },
    {
        "x": "464",
        "y": "119",
        "Time": "13:49:59.754",
        "InArea": "True"
    },
    {
        "x": "462",
        "y": "117",
        "Time": "13:49:59.795",
        "InArea": "True"
    },
    {
        "x": "458",
        "y": "116",
        "Time": "13:49:59.842",
        "InArea": "True"
    },
    {
        "x": "455",
        "y": "116",
        "Time": "13:49:59.885",
        "InArea": "True"
    },
    {
        "x": "453",
        "y": "116",
        "Time": "13:49:59.928",
        "InArea": "True"
    },
    {
        "x": "452",
        "y": "116",
        "Time": "13:49:59.972",
        "InArea": "True"
    },
    {
        "x": "449",
        "y": "115",
        "Time": "13:50:00.031",
        "InArea": "True"
    },
    {
        "x": "445",
        "y": "113",
        "Time": "13:50:00.087",
        "InArea": "False"
    }
]