[
    {
        "x": "487",
        "y": "130",
        "Time": "11:45:14.125",
        "InArea": "True"
    },
    {
        "x": "487",
        "y": "128",
        "Time": "11:45:14.172",
        "InArea": "True"
    },
    {
        "x": "486",
        "y": "125",
        "Time": "11:45:14.224",
        "InArea": "True"
    },
    {
        "x": "486",
        "y": "123",
        "Time": "11:45:14.275",
        "InArea": "True"
    },
    {
        "x": "486",
        "y": "122",
        "Time": "11:45:14.319",
        "InArea": "True"
    },
    {
        "x": "486",
        "y": "119",
        "Time": "11:45:14.375",
        "InArea": "True"
    },
    {
        "x": "486",
        "y": "117",
        "Time": "11:45:14.422",
        "InArea": "True"
    },
    {
        "x": "485",
        "y": "116",
        "Time": "11:45:14.466",
        "InArea": "True"
    },
    {
        "x": "485",
        "y": "115",
        "Time": "11:45:14.510",
        "InArea": "True"
    },
    {
        "x": "485",
        "y": "117",
        "Time": "11:45:14.557",
        "InArea": "True"
    },
    {
        "x": "486",
        "y": "119",
        "Time": "11:45:14.601",
        "InArea": "True"
    },
    {
        "x": "486",
        "y": "122",
        "Time": "11:45:14.651",
        "InArea": "True"
    },
    {
        "x": "486",
        "y": "123",
        "Time": "11:45:14.700",
        "InArea": "True"
    },
    {
        "x": "487",
        "y": "123",
        "Time": "11:45:14.753",
        "InArea": "True"
    },
    {
        "x": "486",
        "y": "123",
        "Time": "11:45:14.800",
        "InArea": "True"
    },
    {
        "x": "486",
        "y": "124",
        "Time": "11:45:14.862",
        "InArea": "True"
    },
    {
        "x": "486",
        "y": "124",
        "Time": "11:45:14.910",
        "InArea": "True"
    },
    {
        "x": "485",
        "y": "123",
        "Time": "11:45:14.964",
        "InArea": "True"
    },
    {
        "x": "484",
        "y": "123",
        "Time": "11:45:15.014",
        "InArea": "True"
    },
    {
        "x": "484",
        "y": "123",
        "Time": "11:45:15.059",
        "InArea": "True"
    },
    {
        "x": "484",
        "y": "123",
        "Time": "11:45:15.102",
        "InArea": "True"
    },
    {
        "x": "483",
        "y": "123",
        "Time": "11:45:15.162",
        "InArea": "True"
    },
    {
        "x": "483",
        "y": "122",
        "Time": "11:45:15.209",
        "InArea": "True"
    },
    {
        "x": "483",
        "y": "121",
        "Time": "11:45:15.250",
        "InArea": "True"
    },
    {
        "x": "481",
        "y": "120",
        "Time": "11:45:15.297",
        "InArea": "True"
    },
    {
        "x": "480",
        "y": "120",
        "Time": "11:45:15.339",
        "InArea": "True"
    },
    {
        "x": "478",
        "y": "119",
        "Time": "11:45:15.396",
        "InArea": "True"
    },
    {
        "x": "476",
        "y": "118",
        "Time": "11:45:15.451",
        "InArea": "True"
    },
    {
        "x": "475",
        "y": "117",
        "Time": "11:45:15.507",
        "InArea": "True"
    },
    {
        "x": "474",
        "y": "116",
        "Time": "11:45:15.563",
        "InArea": "True"
    },
    {
        "x": "473",
        "y": "115",
        "Time": "11:45:15.606",
        "InArea": "True"
    },
    {
        "x": "472",
        "y": "114",
        "Time": "11:45:15.656",
        "InArea": "False"
    }
]