[
    {
        "x": "487",
        "y": "132",
        "Time": "10:03:30.123",
        "InArea": "True"
    },
    {
        "x": "487",
        "y": "132",
        "Time": "10:03:30.168",
        "InArea": "True"
    },
    {
        "x": "488",
        "y": "131",
        "Time": "10:03:30.212",
        "InArea": "True"
    },
    {
        "x": "487",
        "y": "132",
        "Time": "10:03:30.264",
        "InArea": "True"
    },
    {
        "x": "487",
        "y": "132",
        "Time": "10:03:30.459",
        "InArea": "True"
    },
    {
        "x": "486",
        "y": "132",
        "Time": "10:03:30.501",
        "InArea": "True"
    },
    {
        "x": "486",
        "y": "131",
        "Time": "10:03:30.550",
        "InArea": "True"
    },
    {
        "x": "486",
        "y": "130",
        "Time": "10:03:30.597",
        "InArea": "True"
    },
    {
        "x": "486",
        "y": "129",
        "Time": "10:03:30.653",
        "InArea": "True"
    },
    {
        "x": "485",
        "y": "128",
        "Time": "10:03:30.701",
        "InArea": "True"
    },
    {
        "x": "485",
        "y": "128",
        "Time": "10:03:30.747",
        "InArea": "True"
    },
    {
        "x": "484",
        "y": "127",
        "Time": "10:03:30.792",
        "InArea": "True"
    },
    {
        "x": "483",
        "y": "127",
        "Time": "10:03:30.842",
        "InArea": "True"
    },
    {
        "x": "482",
        "y": "127",
        "Time": "10:03:30.895",
        "InArea": "True"
    },
    {
        "x": "481",
        "y": "125",
        "Time": "10:03:30.947",
        "InArea": "True"
    },
    {
        "x": "480",
        "y": "123",
        "Time": "10:03:30.997",
        "InArea": "True"
    },
    {
        "x": "478",
        "y": "121",
        "Time": "10:03:31.050",
        "InArea": "True"
    },
    {
        "x": "477",
        "y": "120",
        "Time": "10:03:31.101",
        "InArea": "True"
    },
    {
        "x": "474",
        "y": "119",
        "Time": "10:03:31.147",
        "InArea": "True"
    },
    {
        "x": "472",
        "y": "119",
        "Time": "10:03:31.198",
        "InArea": "True"
    },
    {
        "x": "471",
        "y": "119",
        "Time": "10:03:31.252",
        "InArea": "True"
    },
    {
        "x": "471",
        "y": "119",
        "Time": "10:03:31.297",
        "InArea": "True"
    },
    {
        "x": "469",
        "y": "119",
        "Time": "10:03:31.344",
        "InArea": "True"
    },
    {
        "x": "467",
        "y": "119",
        "Time": "10:03:31.398",
        "InArea": "True"
    },
    {
        "x": "466",
        "y": "118",
        "Time": "10:03:31.457",
        "InArea": "True"
    },
    {
        "x": "465",
        "y": "117",
        "Time": "10:03:31.502",
        "InArea": "True"
    },
    {
        "x": "464",
        "y": "116",
        "Time": "10:03:31.545",
        "InArea": "True"
    },
    {
        "x": "462",
        "y": "116",
        "Time": "10:03:31.589",
        "InArea": "True"
    },
    {
        "x": "460",
        "y": "116",
        "Time": "10:03:31.647",
        "InArea": "True"
    },
    {
        "x": "458",
        "y": "115",
        "Time": "10:03:31.692",
        "InArea": "True"
    },
    {
        "x": "457",
        "y": "115",
        "Time": "10:03:31.742",
        "InArea": "True"
    },
    {
        "x": "455",
        "y": "113",
        "Time": "10:03:31.788",
        "InArea": "False"
    }
]