[
    {
        "x": "495",
        "y": "139",
        "Time": "10:04:59.736",
        "InArea": "True"
    },
    {
        "x": "492",
        "y": "139",
        "Time": "10:04:59.792",
        "InArea": "True"
    },
    {
        "x": "491",
        "y": "139",
        "Time": "10:04:59.840",
        "InArea": "True"
    },
    {
        "x": "490",
        "y": "139",
        "Time": "10:04:59.883",
        "InArea": "True"
    },
    {
        "x": "489",
        "y": "139",
        "Time": "10:04:59.926",
        "InArea": "True"
    },
    {
        "x": "488",
        "y": "138",
        "Time": "10:04:59.968",
        "InArea": "True"
    },
    {
        "x": "488",
        "y": "136",
        "Time": "10:05:00.017",
        "InArea": "True"
    },
    {
        "x": "488",
        "y": "135",
        "Time": "10:05:00.066",
        "InArea": "True"
    },
    {
        "x": "488",
        "y": "135",
        "Time": "10:05:00.115",
        "InArea": "True"
    },
    {
        "x": "487",
        "y": "134",
        "Time": "10:05:00.161",
        "InArea": "True"
    },
    {
        "x": "487",
        "y": "134",
        "Time": "10:05:00.215",
        "InArea": "True"
    },
    {
        "x": "486",
        "y": "133",
        "Time": "10:05:00.266",
        "InArea": "True"
    },
    {
        "x": "486",
        "y": "133",
        "Time": "10:05:00.318",
        "InArea": "True"
    },
    {
        "x": "485",
        "y": "133",
        "Time": "10:05:00.365",
        "InArea": "True"
    },
    {
        "x": "484",
        "y": "132",
        "Time": "10:05:00.427",
        "InArea": "True"
    },
    {
        "x": "483",
        "y": "132",
        "Time": "10:05:00.486",
        "InArea": "True"
    },
    {
        "x": "480",
        "y": "131",
        "Time": "10:05:00.534",
        "InArea": "True"
    },
    {
        "x": "478",
        "y": "130",
        "Time": "10:05:00.584",
        "InArea": "True"
    },
    {
        "x": "477",
        "y": "130",
        "Time": "10:05:00.636",
        "InArea": "True"
    },
    {
        "x": "475",
        "y": "129",
        "Time": "10:05:00.684",
        "InArea": "True"
    },
    {
        "x": "474",
        "y": "127",
        "Time": "10:05:00.734",
        "InArea": "True"
    },
    {
        "x": "472",
        "y": "125",
        "Time": "10:05:00.795",
        "InArea": "True"
    },
    {
        "x": "469",
        "y": "124",
        "Time": "10:05:00.845",
        "InArea": "True"
    },
    {
        "x": "469",
        "y": "123",
        "Time": "10:05:00.890",
        "InArea": "True"
    },
    {
        "x": "467",
        "y": "122",
        "Time": "10:05:00.934",
        "InArea": "True"
    },
    {
        "x": "466",
        "y": "121",
        "Time": "10:05:00.992",
        "InArea": "True"
    },
    {
        "x": "465",
        "y": "120",
        "Time": "10:05:01.038",
        "InArea": "True"
    },
    {
        "x": "463",
        "y": "119",
        "Time": "10:05:01.097",
        "InArea": "True"
    },
    {
        "x": "462",
        "y": "118",
        "Time": "10:05:01.149",
        "InArea": "True"
    },
    {
        "x": "461",
        "y": "117",
        "Time": "10:05:01.203",
        "InArea": "True"
    },
    {
        "x": "460",
        "y": "115",
        "Time": "10:05:01.254",
        "InArea": "False"
    },
    {
        "x": "459",
        "y": "114",
        "Time": "10:05:01.297",
        "InArea": "False"
    }
]