[
    {
        "x": "487",
        "y": "134",
        "Time": "10:08:06.211",
        "InArea": "True"
    },
    {
        "x": "487",
        "y": "133",
        "Time": "10:08:06.267",
        "InArea": "True"
    },
    {
        "x": "487",
        "y": "133",
        "Time": "10:08:06.326",
        "InArea": "True"
    },
    {
        "x": "487",
        "y": "133",
        "Time": "10:08:06.372",
        "InArea": "True"
    },
    {
        "x": "487",
        "y": "133",
        "Time": "10:08:06.425",
        "InArea": "True"
    },
    {
        "x": "486",
        "y": "133",
        "Time": "10:08:06.471",
        "InArea": "True"
    },
    {
        "x": "485",
        "y": "133",
        "Time": "10:08:06.514",
        "InArea": "True"
    },
    {
        "x": "485",
        "y": "133",
        "Time": "10:08:06.565",
        "InArea": "True"
    },
    {
        "x": "484",
        "y": "133",
        "Time": "10:08:06.615",
        "InArea": "True"
    },
    {
        "x": "484",
        "y": "132",
        "Time": "10:08:06.662",
        "InArea": "True"
    },
    {
        "x": "483",
        "y": "132",
        "Time": "10:08:06.704",
        "InArea": "True"
    },
    {
        "x": "482",
        "y": "131",
        "Time": "10:08:06.749",
        "InArea": "True"
    },
    {
        "x": "481",
        "y": "131",
        "Time": "10:08:06.809",
        "InArea": "True"
    },
    {
        "x": "480",
        "y": "130",
        "Time": "10:08:06.862",
        "InArea": "True"
    },
    {
        "x": "478",
        "y": "130",
        "Time": "10:08:06.912",
        "InArea": "True"
    },
    {
        "x": "476",
        "y": "130",
        "Time": "10:08:06.957",
        "InArea": "True"
    },
    {
        "x": "475",
        "y": "130",
        "Time": "10:08:07.001",
        "InArea": "True"
    },
    {
        "x": "473",
        "y": "129",
        "Time": "10:08:07.050",
        "InArea": "True"
    },
    {
        "x": "472",
        "y": "128",
        "Time": "10:08:07.096",
        "InArea": "True"
    },
    {
        "x": "470",
        "y": "127",
        "Time": "10:08:07.151",
        "InArea": "True"
    },
    {
        "x": "469",
        "y": "125",
        "Time": "10:08:07.207",
        "InArea": "True"
    },
    {
        "x": "467",
        "y": "123",
        "Time": "10:08:07.262",
        "InArea": "True"
    },
    {
        "x": "466",
        "y": "121",
        "Time": "10:08:07.309",
        "InArea": "True"
    },
    {
        "x": "465",
        "y": "120",
        "Time": "10:08:07.360",
        "InArea": "True"
    },
    {
        "x": "464",
        "y": "120",
        "Time": "10:08:07.418",
        "InArea": "True"
    },
    {
        "x": "463",
        "y": "119",
        "Time": "10:08:07.468",
        "InArea": "True"
    },
    {
        "x": "461",
        "y": "118",
        "Time": "10:08:07.516",
        "InArea": "True"
    },
    {
        "x": "460",
        "y": "117",
        "Time": "10:08:07.568",
        "InArea": "True"
    },
    {
        "x": "460",
        "y": "116",
        "Time": "10:08:07.614",
        "InArea": "True"
    },
    {
        "x": "458",
        "y": "115",
        "Time": "10:08:07.658",
        "InArea": "True"
    },
    {
        "x": "456",
        "y": "115",
        "Time": "10:08:07.709",
        "InArea": "True"
    },
    {
        "x": "453",
        "y": "114",
        "Time": "10:08:07.763",
        "InArea": "False"
    }
]