[
    {
        "x": "495",
        "y": "123",
        "Time": "08:44:59.487",
        "InArea": "True"
    },
    {
        "x": "495",
        "y": "123",
        "Time": "08:44:59.529",
        "InArea": "True"
    },
    {
        "x": "495",
        "y": "123",
        "Time": "08:44:59.572",
        "InArea": "True"
    },
    {
        "x": "494",
        "y": "125",
        "Time": "08:44:59.622",
        "InArea": "True"
    },
    {
        "x": "493",
        "y": "126",
        "Time": "08:44:59.664",
        "InArea": "True"
    },
    {
        "x": "490",
        "y": "127",
        "Time": "08:44:59.708",
        "InArea": "True"
    },
    {
        "x": "489",
        "y": "128",
        "Time": "08:44:59.748",
        "InArea": "True"
    },
    {
        "x": "488",
        "y": "129",
        "Time": "08:44:59.791",
        "InArea": "True"
    },
    {
        "x": "487",
        "y": "129",
        "Time": "08:44:59.835",
        "InArea": "True"
    },
    {
        "x": "487",
        "y": "129",
        "Time": "08:44:59.888",
        "InArea": "True"
    },
    {
        "x": "485",
        "y": "128",
        "Time": "08:44:59.943",
        "InArea": "True"
    },
    {
        "x": "484",
        "y": "128",
        "Time": "08:44:59.991",
        "InArea": "True"
    },
    {
        "x": "483",
        "y": "128",
        "Time": "08:45:00.040",
        "InArea": "True"
    },
    {
        "x": "482",
        "y": "127",
        "Time": "08:45:00.089",
        "InArea": "True"
    },
    {
        "x": "481",
        "y": "126",
        "Time": "08:45:00.139",
        "InArea": "True"
    },
    {
        "x": "480",
        "y": "125",
        "Time": "08:45:00.187",
        "InArea": "True"
    },
    {
        "x": "480",
        "y": "123",
        "Time": "08:45:00.237",
        "InArea": "True"
    },
    {
        "x": "479",
        "y": "122",
        "Time": "08:45:00.284",
        "InArea": "True"
    },
    {
        "x": "478",
        "y": "121",
        "Time": "08:45:00.338",
        "InArea": "True"
    },
    {
        "x": "477",
        "y": "121",
        "Time": "08:45:00.375",
        "InArea": "True"
    },
    {
        "x": "475",
        "y": "120",
        "Time": "08:45:00.417",
        "InArea": "True"
    },
    {
        "x": "474",
        "y": "119",
        "Time": "08:45:00.460",
        "InArea": "True"
    },
    {
        "x": "472",
        "y": "118",
        "Time": "08:45:00.513",
        "InArea": "True"
    },
    {
        "x": "471",
        "y": "118",
        "Time": "08:45:00.555",
        "InArea": "True"
    },
    {
        "x": "469",
        "y": "117",
        "Time": "08:45:00.596",
        "InArea": "True"
    },
    {
        "x": "468",
        "y": "116",
        "Time": "08:45:00.637",
        "InArea": "True"
    },
    {
        "x": "467",
        "y": "116",
        "Time": "08:45:00.687",
        "InArea": "True"
    },
    {
        "x": "466",
        "y": "115",
        "Time": "08:45:00.732",
        "InArea": "True"
    },
    {
        "x": "464",
        "y": "115",
        "Time": "08:45:00.783",
        "InArea": "True"
    },
    {
        "x": "463",
        "y": "115",
        "Time": "08:45:00.826",
        "InArea": "True"
    },
    {
        "x": "463",
        "y": "115",
        "Time": "08:45:00.868",
        "InArea": "True"
    },
    {
        "x": "461",
        "y": "114",
        "Time": "08:45:00.911",
        "InArea": "False"
    }
]