[
    {
        "x": "487",
        "y": "133",
        "Time": "07:31:30.301",
        "InArea": "True"
    },
    {
        "x": "487",
        "y": "132",
        "Time": "07:31:30.346",
        "InArea": "True"
    },
    {
        "x": "487",
        "y": "131",
        "Time": "07:31:30.386",
        "InArea": "True"
    },
    {
        "x": "487",
        "y": "131",
        "Time": "07:31:30.473",
        "InArea": "True"
    },
    {
        "x": "485",
        "y": "131",
        "Time": "07:31:30.520",
        "InArea": "True"
    },
    {
        "x": "484",
        "y": "131",
        "Time": "07:31:30.562",
        "InArea": "True"
    },
    {
        "x": "483",
        "y": "131",
        "Time": "07:31:30.603",
        "InArea": "True"
    },
    {
        "x": "482",
        "y": "131",
        "Time": "07:31:30.642",
        "InArea": "True"
    },
    {
        "x": "481",
        "y": "130",
        "Time": "07:31:30.691",
        "InArea": "True"
    },
    {
        "x": "479",
        "y": "130",
        "Time": "07:31:30.738",
        "InArea": "True"
    },
    {
        "x": "478",
        "y": "130",
        "Time": "07:31:30.782",
        "InArea": "True"
    },
    {
        "x": "478",
        "y": "129",
        "Time": "07:31:30.820",
        "InArea": "True"
    },
    {
        "x": "476",
        "y": "128",
        "Time": "07:31:30.860",
        "InArea": "True"
    },
    {
        "x": "475",
        "y": "127",
        "Time": "07:31:30.910",
        "InArea": "True"
    },
    {
        "x": "473",
        "y": "126",
        "Time": "07:31:30.952",
        "InArea": "True"
    },
    {
        "x": "472",
        "y": "125",
        "Time": "07:31:30.996",
        "InArea": "True"
    },
    {
        "x": "471",
        "y": "124",
        "Time": "07:31:31.038",
        "InArea": "True"
    },
    {
        "x": "471",
        "y": "123",
        "Time": "07:31:31.077",
        "InArea": "True"
    },
    {
        "x": "470",
        "y": "122",
        "Time": "07:31:31.125",
        "InArea": "True"
    },
    {
        "x": "469",
        "y": "121",
        "Time": "07:31:31.165",
        "InArea": "True"
    },
    {
        "x": "467",
        "y": "121",
        "Time": "07:31:31.210",
        "InArea": "True"
    },
    {
        "x": "466",
        "y": "120",
        "Time": "07:31:31.255",
        "InArea": "True"
    },
    {
        "x": "465",
        "y": "119",
        "Time": "07:31:31.298",
        "InArea": "True"
    },
    {
        "x": "466",
        "y": "118",
        "Time": "07:31:31.336",
        "InArea": "True"
    },
    {
        "x": "466",
        "y": "118",
        "Time": "07:31:31.382",
        "InArea": "True"
    },
    {
        "x": "464",
        "y": "118",
        "Time": "07:31:31.434",
        "InArea": "True"
    },
    {
        "x": "463",
        "y": "118",
        "Time": "07:31:31.474",
        "InArea": "True"
    },
    {
        "x": "462",
        "y": "118",
        "Time": "07:31:31.520",
        "InArea": "True"
    },
    {
        "x": "461",
        "y": "117",
        "Time": "07:31:31.564",
        "InArea": "True"
    },
    {
        "x": "460",
        "y": "116",
        "Time": "07:31:31.620",
        "InArea": "True"
    },
    {
        "x": "459",
        "y": "115",
        "Time": "07:31:31.666",
        "InArea": "False"
    },
    {
        "x": "456",
        "y": "113",
        "Time": "07:31:31.703",
        "InArea": "False"
    }
]