[
    {
        "x": "485",
        "y": "139",
        "Time": "09:52:14.174",
        "InArea": "True"
    },
    {
        "x": "485",
        "y": "139",
        "Time": "09:52:14.230",
        "InArea": "True"
    },
    {
        "x": "485",
        "y": "138",
        "Time": "09:52:14.280",
        "InArea": "True"
    },
    {
        "x": "486",
        "y": "136",
        "Time": "09:52:14.337",
        "InArea": "True"
    },
    {
        "x": "485",
        "y": "135",
        "Time": "09:52:14.387",
        "InArea": "True"
    },
    {
        "x": "484",
        "y": "134",
        "Time": "09:52:14.435",
        "InArea": "True"
    },
    {
        "x": "484",
        "y": "134",
        "Time": "09:52:14.483",
        "InArea": "True"
    },
    {
        "x": "483",
        "y": "134",
        "Time": "09:52:14.539",
        "InArea": "True"
    },
    {
        "x": "481",
        "y": "133",
        "Time": "09:52:14.599",
        "InArea": "True"
    },
    {
        "x": "480",
        "y": "133",
        "Time": "09:52:14.654",
        "InArea": "True"
    },
    {
        "x": "478",
        "y": "132",
        "Time": "09:52:14.721",
        "InArea": "True"
    },
    {
        "x": "477",
        "y": "132",
        "Time": "09:52:14.778",
        "InArea": "True"
    },
    {
        "x": "474",
        "y": "130",
        "Time": "09:52:14.838",
        "InArea": "True"
    },
    {
        "x": "473",
        "y": "129",
        "Time": "09:52:14.882",
        "InArea": "True"
    },
    {
        "x": "472",
        "y": "129",
        "Time": "09:52:14.930",
        "InArea": "True"
    },
    {
        "x": "472",
        "y": "129",
        "Time": "09:52:14.972",
        "InArea": "True"
    },
    {
        "x": "470",
        "y": "128",
        "Time": "09:52:15.022",
        "InArea": "True"
    },
    {
        "x": "469",
        "y": "126",
        "Time": "09:52:15.073",
        "InArea": "True"
    },
    {
        "x": "468",
        "y": "125",
        "Time": "09:52:15.118",
        "InArea": "True"
    },
    {
        "x": "468",
        "y": "124",
        "Time": "09:52:15.178",
        "InArea": "True"
    },
    {
        "x": "467",
        "y": "122",
        "Time": "09:52:15.225",
        "InArea": "True"
    },
    {
        "x": "466",
        "y": "121",
        "Time": "09:52:15.276",
        "InArea": "True"
    },
    {
        "x": "465",
        "y": "120",
        "Time": "09:52:15.332",
        "InArea": "True"
    },
    {
        "x": "464",
        "y": "120",
        "Time": "09:52:15.380",
        "InArea": "True"
    },
    {
        "x": "463",
        "y": "119",
        "Time": "09:52:15.438",
        "InArea": "True"
    },
    {
        "x": "463",
        "y": "118",
        "Time": "09:52:15.482",
        "InArea": "True"
    },
    {
        "x": "462",
        "y": "117",
        "Time": "09:52:15.533",
        "InArea": "True"
    },
    {
        "x": "462",
        "y": "117",
        "Time": "09:52:15.581",
        "InArea": "True"
    },
    {
        "x": "459",
        "y": "116",
        "Time": "09:52:15.634",
        "InArea": "True"
    },
    {
        "x": "457",
        "y": "115",
        "Time": "09:52:15.687",
        "InArea": "True"
    },
    {
        "x": "455",
        "y": "115",
        "Time": "09:52:15.736",
        "InArea": "True"
    },
    {
        "x": "454",
        "y": "113",
        "Time": "09:52:15.781",
        "InArea": "False"
    }
]