[
    {
        "x": "504",
        "y": "132",
        "Time": "07:25:21.951",
        "InArea": "True"
    },
    {
        "x": "503",
        "y": "131",
        "Time": "07:25:22.001",
        "InArea": "True"
    },
    {
        "x": "503",
        "y": "131",
        "Time": "07:25:22.054",
        "InArea": "True"
    },
    {
        "x": "502",
        "y": "131",
        "Time": "07:25:22.101",
        "InArea": "True"
    },
    {
        "x": "501",
        "y": "131",
        "Time": "07:25:22.156",
        "InArea": "True"
    },
    {
        "x": "501",
        "y": "131",
        "Time": "07:25:22.206",
        "InArea": "True"
    },
    {
        "x": "500",
        "y": "131",
        "Time": "07:25:22.253",
        "InArea": "True"
    },
    {
        "x": "499",
        "y": "131",
        "Time": "07:25:22.306",
        "InArea": "True"
    },
    {
        "x": "499",
        "y": "131",
        "Time": "07:25:22.354",
        "InArea": "True"
    },
    {
        "x": "498",
        "y": "131",
        "Time": "07:25:22.405",
        "InArea": "True"
    },
    {
        "x": "498",
        "y": "131",
        "Time": "07:25:22.455",
        "InArea": "True"
    },
    {
        "x": "497",
        "y": "131",
        "Time": "07:25:22.502",
        "InArea": "True"
    },
    {
        "x": "497",
        "y": "130",
        "Time": "07:25:22.558",
        "InArea": "True"
    },
    {
        "x": "496",
        "y": "130",
        "Time": "07:25:22.609",
        "InArea": "True"
    },
    {
        "x": "495",
        "y": "130",
        "Time": "07:25:22.655",
        "InArea": "True"
    },
    {
        "x": "495",
        "y": "129",
        "Time": "07:25:22.695",
        "InArea": "True"
    },
    {
        "x": "492",
        "y": "126",
        "Time": "07:25:22.746",
        "InArea": "True"
    },
    {
        "x": "490",
        "y": "125",
        "Time": "07:25:22.790",
        "InArea": "True"
    },
    {
        "x": "489",
        "y": "125",
        "Time": "07:25:22.834",
        "InArea": "True"
    },
    {
        "x": "489",
        "y": "125",
        "Time": "07:25:22.877",
        "InArea": "True"
    },
    {
        "x": "488",
        "y": "124",
        "Time": "07:25:22.919",
        "InArea": "True"
    },
    {
        "x": "487",
        "y": "123",
        "Time": "07:25:22.975",
        "InArea": "True"
    },
    {
        "x": "487",
        "y": "123",
        "Time": "07:25:23.026",
        "InArea": "True"
    },
    {
        "x": "486",
        "y": "122",
        "Time": "07:25:23.080",
        "InArea": "True"
    },
    {
        "x": "486",
        "y": "121",
        "Time": "07:25:23.133",
        "InArea": "True"
    },
    {
        "x": "485",
        "y": "120",
        "Time": "07:25:23.176",
        "InArea": "True"
    },
    {
        "x": "484",
        "y": "119",
        "Time": "07:25:23.217",
        "InArea": "True"
    },
    {
        "x": "483",
        "y": "118",
        "Time": "07:25:23.262",
        "InArea": "True"
    },
    {
        "x": "482",
        "y": "117",
        "Time": "07:25:23.304",
        "InArea": "True"
    },
    {
        "x": "481",
        "y": "116",
        "Time": "07:25:23.350",
        "InArea": "True"
    },
    {
        "x": "479",
        "y": "115",
        "Time": "07:25:23.400",
        "InArea": "True"
    },
    {
        "x": "478",
        "y": "114",
        "Time": "07:25:23.447",
        "InArea": "False"
    }
]