[
    {
        "x": "479",
        "y": "132",
        "Time": "08:55:16.944",
        "InArea": "True"
    },
    {
        "x": "479",
        "y": "132",
        "Time": "08:55:16.983",
        "InArea": "True"
    },
    {
        "x": "478",
        "y": "132",
        "Time": "08:55:17.031",
        "InArea": "True"
    },
    {
        "x": "477",
        "y": "131",
        "Time": "08:55:17.080",
        "InArea": "True"
    },
    {
        "x": "477",
        "y": "131",
        "Time": "08:55:17.165",
        "InArea": "True"
    },
    {
        "x": "475",
        "y": "130",
        "Time": "08:55:17.210",
        "InArea": "True"
    },
    {
        "x": "474",
        "y": "130",
        "Time": "08:55:17.263",
        "InArea": "True"
    },
    {
        "x": "473",
        "y": "129",
        "Time": "08:55:17.315",
        "InArea": "True"
    },
    {
        "x": "472",
        "y": "129",
        "Time": "08:55:17.360",
        "InArea": "True"
    },
    {
        "x": "471",
        "y": "127",
        "Time": "08:55:17.421",
        "InArea": "True"
    },
    {
        "x": "470",
        "y": "127",
        "Time": "08:55:17.470",
        "InArea": "True"
    },
    {
        "x": "469",
        "y": "126",
        "Time": "08:55:17.522",
        "InArea": "True"
    },
    {
        "x": "469",
        "y": "125",
        "Time": "08:55:17.567",
        "InArea": "True"
    },
    {
        "x": "469",
        "y": "125",
        "Time": "08:55:17.612",
        "InArea": "True"
    },
    {
        "x": "467",
        "y": "124",
        "Time": "08:55:17.658",
        "InArea": "True"
    },
    {
        "x": "466",
        "y": "124",
        "Time": "08:55:17.705",
        "InArea": "True"
    },
    {
        "x": "464",
        "y": "123",
        "Time": "08:55:17.757",
        "InArea": "True"
    },
    {
        "x": "464",
        "y": "122",
        "Time": "08:55:17.814",
        "InArea": "True"
    },
    {
        "x": "463",
        "y": "121",
        "Time": "08:55:17.861",
        "InArea": "True"
    },
    {
        "x": "463",
        "y": "121",
        "Time": "08:55:17.916",
        "InArea": "True"
    },
    {
        "x": "462",
        "y": "121",
        "Time": "08:55:17.977",
        "InArea": "True"
    },
    {
        "x": "462",
        "y": "120",
        "Time": "08:55:18.032",
        "InArea": "True"
    },
    {
        "x": "461",
        "y": "119",
        "Time": "08:55:18.076",
        "InArea": "True"
    },
    {
        "x": "461",
        "y": "119",
        "Time": "08:55:18.120",
        "InArea": "True"
    },
    {
        "x": "461",
        "y": "119",
        "Time": "08:55:18.175",
        "InArea": "True"
    },
    {
        "x": "460",
        "y": "119",
        "Time": "08:55:18.233",
        "InArea": "True"
    },
    {
        "x": "460",
        "y": "118",
        "Time": "08:55:18.288",
        "InArea": "True"
    },
    {
        "x": "459",
        "y": "117",
        "Time": "08:55:18.332",
        "InArea": "True"
    },
    {
        "x": "458",
        "y": "117",
        "Time": "08:55:18.371",
        "InArea": "True"
    },
    {
        "x": "458",
        "y": "116",
        "Time": "08:55:18.417",
        "InArea": "True"
    },
    {
        "x": "456",
        "y": "115",
        "Time": "08:55:18.464",
        "InArea": "False"
    },
    {
        "x": "456",
        "y": "114",
        "Time": "08:55:18.509",
        "InArea": "False"
    }
]