[
    {
        "x": "494",
        "y": "133",
        "Time": "09:41:52.531",
        "InArea": "True"
    },
    {
        "x": "493",
        "y": "133",
        "Time": "09:41:52.574",
        "InArea": "True"
    },
    {
        "x": "494",
        "y": "132",
        "Time": "09:41:52.621",
        "InArea": "True"
    },
    {
        "x": "493",
        "y": "132",
        "Time": "09:41:52.665",
        "InArea": "True"
    },
    {
        "x": "493",
        "y": "132",
        "Time": "09:41:52.709",
        "InArea": "True"
    },
    {
        "x": "491",
        "y": "131",
        "Time": "09:41:52.763",
        "InArea": "True"
    },
    {
        "x": "490",
        "y": "131",
        "Time": "09:41:52.801",
        "InArea": "True"
    },
    {
        "x": "490",
        "y": "130",
        "Time": "09:41:52.844",
        "InArea": "True"
    },
    {
        "x": "490",
        "y": "129",
        "Time": "09:41:52.892",
        "InArea": "True"
    },
    {
        "x": "489",
        "y": "128",
        "Time": "09:41:52.938",
        "InArea": "True"
    },
    {
        "x": "489",
        "y": "127",
        "Time": "09:41:52.983",
        "InArea": "True"
    },
    {
        "x": "488",
        "y": "127",
        "Time": "09:41:53.030",
        "InArea": "True"
    },
    {
        "x": "488",
        "y": "127",
        "Time": "09:41:53.068",
        "InArea": "True"
    },
    {
        "x": "487",
        "y": "126",
        "Time": "09:41:53.118",
        "InArea": "True"
    },
    {
        "x": "486",
        "y": "126",
        "Time": "09:41:53.161",
        "InArea": "True"
    },
    {
        "x": "485",
        "y": "126",
        "Time": "09:41:53.204",
        "InArea": "True"
    },
    {
        "x": "484",
        "y": "124",
        "Time": "09:41:53.252",
        "InArea": "True"
    },
    {
        "x": "483",
        "y": "122",
        "Time": "09:41:53.296",
        "InArea": "True"
    },
    {
        "x": "482",
        "y": "121",
        "Time": "09:41:53.333",
        "InArea": "True"
    },
    {
        "x": "481",
        "y": "121",
        "Time": "09:41:53.377",
        "InArea": "True"
    },
    {
        "x": "480",
        "y": "121",
        "Time": "09:41:53.428",
        "InArea": "True"
    },
    {
        "x": "479",
        "y": "120",
        "Time": "09:41:53.486",
        "InArea": "True"
    },
    {
        "x": "478",
        "y": "118",
        "Time": "09:41:53.534",
        "InArea": "True"
    },
    {
        "x": "477",
        "y": "118",
        "Time": "09:41:53.575",
        "InArea": "True"
    },
    {
        "x": "476",
        "y": "117",
        "Time": "09:41:53.624",
        "InArea": "True"
    },
    {
        "x": "475",
        "y": "117",
        "Time": "09:41:53.668",
        "InArea": "True"
    },
    {
        "x": "474",
        "y": "117",
        "Time": "09:41:53.722",
        "InArea": "True"
    },
    {
        "x": "473",
        "y": "116",
        "Time": "09:41:53.770",
        "InArea": "True"
    },
    {
        "x": "472",
        "y": "116",
        "Time": "09:41:53.811",
        "InArea": "True"
    },
    {
        "x": "471",
        "y": "115",
        "Time": "09:41:53.849",
        "InArea": "True"
    },
    {
        "x": "470",
        "y": "115",
        "Time": "09:41:53.886",
        "InArea": "True"
    },
    {
        "x": "469",
        "y": "114",
        "Time": "09:41:53.939",
        "InArea": "False"
    }
]