[
    {
        "x": "495",
        "y": "140",
        "Time": "10:51:29.853",
        "InArea": "True"
    },
    {
        "x": "495",
        "y": "140",
        "Time": "10:51:29.955",
        "InArea": "True"
    },
    {
        "x": "494",
        "y": "140",
        "Time": "10:51:30.002",
        "InArea": "True"
    },
    {
        "x": "495",
        "y": "137",
        "Time": "10:51:30.055",
        "InArea": "True"
    },
    {
        "x": "496",
        "y": "135",
        "Time": "10:51:30.105",
        "InArea": "True"
    },
    {
        "x": "496",
        "y": "134",
        "Time": "10:51:30.152",
        "InArea": "True"
    },
    {
        "x": "495",
        "y": "133",
        "Time": "10:51:30.204",
        "InArea": "True"
    },
    {
        "x": "495",
        "y": "133",
        "Time": "10:51:30.250",
        "InArea": "True"
    },
    {
        "x": "492",
        "y": "131",
        "Time": "10:51:30.303",
        "InArea": "True"
    },
    {
        "x": "490",
        "y": "130",
        "Time": "10:51:30.351",
        "InArea": "True"
    },
    {
        "x": "489",
        "y": "129",
        "Time": "10:51:30.400",
        "InArea": "True"
    },
    {
        "x": "488",
        "y": "129",
        "Time": "10:51:30.455",
        "InArea": "True"
    },
    {
        "x": "487",
        "y": "129",
        "Time": "10:51:30.500",
        "InArea": "True"
    },
    {
        "x": "487",
        "y": "127",
        "Time": "10:51:30.555",
        "InArea": "True"
    },
    {
        "x": "486",
        "y": "127",
        "Time": "10:51:30.605",
        "InArea": "True"
    },
    {
        "x": "486",
        "y": "127",
        "Time": "10:51:30.703",
        "InArea": "True"
    },
    {
        "x": "484",
        "y": "127",
        "Time": "10:51:30.747",
        "InArea": "True"
    },
    {
        "x": "483",
        "y": "127",
        "Time": "10:51:30.805",
        "InArea": "True"
    },
    {
        "x": "482",
        "y": "127",
        "Time": "10:51:30.853",
        "InArea": "True"
    },
    {
        "x": "482",
        "y": "127",
        "Time": "10:51:30.897",
        "InArea": "True"
    },
    {
        "x": "480",
        "y": "126",
        "Time": "10:51:30.942",
        "InArea": "True"
    },
    {
        "x": "478",
        "y": "125",
        "Time": "10:51:30.996",
        "InArea": "True"
    },
    {
        "x": "476",
        "y": "123",
        "Time": "10:51:31.049",
        "InArea": "True"
    },
    {
        "x": "475",
        "y": "121",
        "Time": "10:51:31.094",
        "InArea": "True"
    },
    {
        "x": "473",
        "y": "119",
        "Time": "10:51:31.142",
        "InArea": "True"
    },
    {
        "x": "471",
        "y": "118",
        "Time": "10:51:31.200",
        "InArea": "True"
    },
    {
        "x": "468",
        "y": "118",
        "Time": "10:51:31.252",
        "InArea": "True"
    },
    {
        "x": "466",
        "y": "117",
        "Time": "10:51:31.305",
        "InArea": "True"
    },
    {
        "x": "464",
        "y": "116",
        "Time": "10:51:31.356",
        "InArea": "True"
    },
    {
        "x": "461",
        "y": "116",
        "Time": "10:51:31.404",
        "InArea": "True"
    },
    {
        "x": "459",
        "y": "115",
        "Time": "10:51:31.452",
        "InArea": "False"
    },
    {
        "x": "458",
        "y": "114",
        "Time": "10:51:31.500",
        "InArea": "False"
    }
]