[
    {
        "x": "499",
        "y": "139",
        "Time": "07:04:45.723",
        "InArea": "True"
    },
    {
        "x": "498",
        "y": "139",
        "Time": "07:04:45.779",
        "InArea": "True"
    },
    {
        "x": "497",
        "y": "139",
        "Time": "07:04:45.833",
        "InArea": "True"
    },
    {
        "x": "497",
        "y": "139",
        "Time": "07:04:45.885",
        "InArea": "True"
    },
    {
        "x": "497",
        "y": "138",
        "Time": "07:04:45.930",
        "InArea": "True"
    },
    {
        "x": "496",
        "y": "136",
        "Time": "07:04:45.971",
        "InArea": "True"
    },
    {
        "x": "496",
        "y": "135",
        "Time": "07:04:46.018",
        "InArea": "True"
    },
    {
        "x": "495",
        "y": "135",
        "Time": "07:04:46.059",
        "InArea": "True"
    },
    {
        "x": "495",
        "y": "134",
        "Time": "07:04:46.100",
        "InArea": "True"
    },
    {
        "x": "495",
        "y": "134",
        "Time": "07:04:46.194",
        "InArea": "True"
    },
    {
        "x": "494",
        "y": "134",
        "Time": "07:04:46.237",
        "InArea": "True"
    },
    {
        "x": "494",
        "y": "133",
        "Time": "07:04:46.285",
        "InArea": "True"
    },
    {
        "x": "494",
        "y": "133",
        "Time": "07:04:46.329",
        "InArea": "True"
    },
    {
        "x": "492",
        "y": "132",
        "Time": "07:04:46.373",
        "InArea": "True"
    },
    {
        "x": "490",
        "y": "132",
        "Time": "07:04:46.415",
        "InArea": "True"
    },
    {
        "x": "489",
        "y": "131",
        "Time": "07:04:46.455",
        "InArea": "True"
    },
    {
        "x": "488",
        "y": "131",
        "Time": "07:04:46.500",
        "InArea": "True"
    },
    {
        "x": "487",
        "y": "130",
        "Time": "07:04:46.545",
        "InArea": "True"
    },
    {
        "x": "486",
        "y": "130",
        "Time": "07:04:46.589",
        "InArea": "True"
    },
    {
        "x": "486",
        "y": "129",
        "Time": "07:04:46.635",
        "InArea": "True"
    },
    {
        "x": "485",
        "y": "128",
        "Time": "07:04:46.678",
        "InArea": "True"
    },
    {
        "x": "483",
        "y": "127",
        "Time": "07:04:46.726",
        "InArea": "True"
    },
    {
        "x": "481",
        "y": "126",
        "Time": "07:04:46.775",
        "InArea": "True"
    },
    {
        "x": "478",
        "y": "125",
        "Time": "07:04:46.825",
        "InArea": "True"
    },
    {
        "x": "475",
        "y": "123",
        "Time": "07:04:46.871",
        "InArea": "True"
    },
    {
        "x": "474",
        "y": "122",
        "Time": "07:04:46.919",
        "InArea": "True"
    },
    {
        "x": "472",
        "y": "121",
        "Time": "07:04:46.971",
        "InArea": "True"
    },
    {
        "x": "470",
        "y": "119",
        "Time": "07:04:47.023",
        "InArea": "True"
    },
    {
        "x": "469",
        "y": "117",
        "Time": "07:04:47.074",
        "InArea": "True"
    },
    {
        "x": "467",
        "y": "116",
        "Time": "07:04:47.128",
        "InArea": "True"
    },
    {
        "x": "465",
        "y": "115",
        "Time": "07:04:47.182",
        "InArea": "False"
    },
    {
        "x": "463",
        "y": "113",
        "Time": "07:04:47.225",
        "InArea": "False"
    }
]