[
    {
        "x": "495",
        "y": "137",
        "Time": "09:06:24.356",
        "InArea": "True"
    },
    {
        "x": "495",
        "y": "135",
        "Time": "09:06:24.400",
        "InArea": "True"
    },
    {
        "x": "495",
        "y": "135",
        "Time": "09:06:24.445",
        "InArea": "True"
    },
    {
        "x": "495",
        "y": "135",
        "Time": "09:06:24.485",
        "InArea": "True"
    },
    {
        "x": "492",
        "y": "134",
        "Time": "09:06:24.535",
        "InArea": "True"
    },
    {
        "x": "489",
        "y": "133",
        "Time": "09:06:24.581",
        "InArea": "True"
    },
    {
        "x": "488",
        "y": "133",
        "Time": "09:06:24.642",
        "InArea": "True"
    },
    {
        "x": "487",
        "y": "133",
        "Time": "09:06:24.683",
        "InArea": "True"
    },
    {
        "x": "487",
        "y": "132",
        "Time": "09:06:24.724",
        "InArea": "True"
    },
    {
        "x": "487",
        "y": "133",
        "Time": "09:06:24.769",
        "InArea": "True"
    },
    {
        "x": "486",
        "y": "132",
        "Time": "09:06:24.814",
        "InArea": "True"
    },
    {
        "x": "485",
        "y": "131",
        "Time": "09:06:24.854",
        "InArea": "True"
    },
    {
        "x": "485",
        "y": "131",
        "Time": "09:06:24.892",
        "InArea": "True"
    },
    {
        "x": "484",
        "y": "131",
        "Time": "09:06:24.943",
        "InArea": "True"
    },
    {
        "x": "483",
        "y": "130",
        "Time": "09:06:24.985",
        "InArea": "True"
    },
    {
        "x": "482",
        "y": "130",
        "Time": "09:06:25.031",
        "InArea": "True"
    },
    {
        "x": "482",
        "y": "130",
        "Time": "09:06:25.085",
        "InArea": "True"
    },
    {
        "x": "481",
        "y": "129",
        "Time": "09:06:25.138",
        "InArea": "True"
    },
    {
        "x": "480",
        "y": "127",
        "Time": "09:06:25.186",
        "InArea": "True"
    },
    {
        "x": "479",
        "y": "125",
        "Time": "09:06:25.235",
        "InArea": "True"
    },
    {
        "x": "479",
        "y": "124",
        "Time": "09:06:25.285",
        "InArea": "True"
    },
    {
        "x": "476",
        "y": "123",
        "Time": "09:06:25.338",
        "InArea": "True"
    },
    {
        "x": "474",
        "y": "122",
        "Time": "09:06:25.386",
        "InArea": "True"
    },
    {
        "x": "473",
        "y": "121",
        "Time": "09:06:25.439",
        "InArea": "True"
    },
    {
        "x": "472",
        "y": "120",
        "Time": "09:06:25.494",
        "InArea": "True"
    },
    {
        "x": "471",
        "y": "119",
        "Time": "09:06:25.541",
        "InArea": "True"
    },
    {
        "x": "470",
        "y": "118",
        "Time": "09:06:25.583",
        "InArea": "True"
    },
    {
        "x": "469",
        "y": "117",
        "Time": "09:06:25.630",
        "InArea": "True"
    },
    {
        "x": "469",
        "y": "117",
        "Time": "09:06:25.675",
        "InArea": "True"
    },
    {
        "x": "468",
        "y": "116",
        "Time": "09:06:25.730",
        "InArea": "True"
    },
    {
        "x": "466",
        "y": "114",
        "Time": "09:06:25.773",
        "InArea": "False"
    },
    {
        "x": "464",
        "y": "113",
        "Time": "09:06:25.812",
        "InArea": "False"
    }
]