[
    {
        "x": "498",
        "y": "134",
        "Time": "10:07:51.679",
        "InArea": "True"
    },
    {
        "x": "497",
        "y": "134",
        "Time": "10:07:51.726",
        "InArea": "True"
    },
    {
        "x": "497",
        "y": "134",
        "Time": "10:07:51.820",
        "InArea": "True"
    },
    {
        "x": "496",
        "y": "133",
        "Time": "10:07:51.882",
        "InArea": "True"
    },
    {
        "x": "496",
        "y": "133",
        "Time": "10:07:52.034",
        "InArea": "True"
    },
    {
        "x": "492",
        "y": "132",
        "Time": "10:07:52.082",
        "InArea": "True"
    },
    {
        "x": "490",
        "y": "131",
        "Time": "10:07:52.132",
        "InArea": "True"
    },
    {
        "x": "489",
        "y": "130",
        "Time": "10:07:52.182",
        "InArea": "True"
    },
    {
        "x": "488",
        "y": "130",
        "Time": "10:07:52.226",
        "InArea": "True"
    },
    {
        "x": "487",
        "y": "129",
        "Time": "10:07:52.275",
        "InArea": "True"
    },
    {
        "x": "486",
        "y": "129",
        "Time": "10:07:52.318",
        "InArea": "True"
    },
    {
        "x": "485",
        "y": "128",
        "Time": "10:07:52.375",
        "InArea": "True"
    },
    {
        "x": "485",
        "y": "128",
        "Time": "10:07:52.424",
        "InArea": "True"
    },
    {
        "x": "484",
        "y": "128",
        "Time": "10:07:52.475",
        "InArea": "True"
    },
    {
        "x": "484",
        "y": "127",
        "Time": "10:07:52.524",
        "InArea": "True"
    },
    {
        "x": "483",
        "y": "125",
        "Time": "10:07:52.577",
        "InArea": "True"
    },
    {
        "x": "482",
        "y": "124",
        "Time": "10:07:52.621",
        "InArea": "True"
    },
    {
        "x": "482",
        "y": "124",
        "Time": "10:07:52.679",
        "InArea": "True"
    },
    {
        "x": "481",
        "y": "122",
        "Time": "10:07:52.733",
        "InArea": "True"
    },
    {
        "x": "480",
        "y": "121",
        "Time": "10:07:52.784",
        "InArea": "True"
    },
    {
        "x": "479",
        "y": "121",
        "Time": "10:07:52.838",
        "InArea": "True"
    },
    {
        "x": "478",
        "y": "120",
        "Time": "10:07:52.894",
        "InArea": "True"
    },
    {
        "x": "475",
        "y": "119",
        "Time": "10:07:52.961",
        "InArea": "True"
    },
    {
        "x": "473",
        "y": "118",
        "Time": "10:07:53.009",
        "InArea": "True"
    },
    {
        "x": "472",
        "y": "118",
        "Time": "10:07:53.060",
        "InArea": "True"
    },
    {
        "x": "471",
        "y": "118",
        "Time": "10:07:53.116",
        "InArea": "True"
    },
    {
        "x": "471",
        "y": "118",
        "Time": "10:07:53.163",
        "InArea": "True"
    },
    {
        "x": "469",
        "y": "117",
        "Time": "10:07:53.213",
        "InArea": "True"
    },
    {
        "x": "467",
        "y": "116",
        "Time": "10:07:53.261",
        "InArea": "True"
    },
    {
        "x": "466",
        "y": "115",
        "Time": "10:07:53.308",
        "InArea": "False"
    },
    {
        "x": "464",
        "y": "115",
        "Time": "10:07:53.365",
        "InArea": "True"
    },
    {
        "x": "463",
        "y": "114",
        "Time": "10:07:53.410",
        "InArea": "False"
    }
]