[
    {
        "x": "498",
        "y": "141",
        "Time": "10:50:57.630",
        "InArea": "True"
    },
    {
        "x": "498",
        "y": "141",
        "Time": "10:50:57.687",
        "InArea": "True"
    },
    {
        "x": "498",
        "y": "141",
        "Time": "10:50:57.781",
        "InArea": "True"
    },
    {
        "x": "497",
        "y": "140",
        "Time": "10:50:57.838",
        "InArea": "True"
    },
    {
        "x": "497",
        "y": "140",
        "Time": "10:50:57.898",
        "InArea": "True"
    },
    {
        "x": "496",
        "y": "139",
        "Time": "10:50:57.949",
        "InArea": "True"
    },
    {
        "x": "496",
        "y": "139",
        "Time": "10:50:57.999",
        "InArea": "True"
    },
    {
        "x": "496",
        "y": "138",
        "Time": "10:50:58.059",
        "InArea": "True"
    },
    {
        "x": "496",
        "y": "136",
        "Time": "10:50:58.126",
        "InArea": "True"
    },
    {
        "x": "496",
        "y": "134",
        "Time": "10:50:58.177",
        "InArea": "True"
    },
    {
        "x": "496",
        "y": "134",
        "Time": "10:50:58.229",
        "InArea": "True"
    },
    {
        "x": "495",
        "y": "134",
        "Time": "10:50:58.296",
        "InArea": "True"
    },
    {
        "x": "494",
        "y": "134",
        "Time": "10:50:58.346",
        "InArea": "True"
    },
    {
        "x": "492",
        "y": "133",
        "Time": "10:50:58.395",
        "InArea": "True"
    },
    {
        "x": "491",
        "y": "132",
        "Time": "10:50:58.439",
        "InArea": "True"
    },
    {
        "x": "489",
        "y": "131",
        "Time": "10:50:58.486",
        "InArea": "True"
    },
    {
        "x": "487",
        "y": "131",
        "Time": "10:50:58.531",
        "InArea": "True"
    },
    {
        "x": "486",
        "y": "130",
        "Time": "10:50:58.586",
        "InArea": "True"
    },
    {
        "x": "485",
        "y": "128",
        "Time": "10:50:58.634",
        "InArea": "True"
    },
    {
        "x": "485",
        "y": "127",
        "Time": "10:50:58.680",
        "InArea": "True"
    },
    {
        "x": "484",
        "y": "126",
        "Time": "10:50:58.729",
        "InArea": "True"
    },
    {
        "x": "484",
        "y": "125",
        "Time": "10:50:58.770",
        "InArea": "True"
    },
    {
        "x": "483",
        "y": "125",
        "Time": "10:50:58.816",
        "InArea": "True"
    },
    {
        "x": "482",
        "y": "124",
        "Time": "10:50:58.858",
        "InArea": "True"
    },
    {
        "x": "481",
        "y": "123",
        "Time": "10:50:58.903",
        "InArea": "True"
    },
    {
        "x": "480",
        "y": "121",
        "Time": "10:50:58.960",
        "InArea": "True"
    },
    {
        "x": "478",
        "y": "120",
        "Time": "10:50:59.017",
        "InArea": "True"
    },
    {
        "x": "475",
        "y": "118",
        "Time": "10:50:59.077",
        "InArea": "True"
    },
    {
        "x": "472",
        "y": "117",
        "Time": "10:50:59.121",
        "InArea": "True"
    },
    {
        "x": "470",
        "y": "116",
        "Time": "10:50:59.173",
        "InArea": "True"
    },
    {
        "x": "468",
        "y": "115",
        "Time": "10:50:59.219",
        "InArea": "False"
    },
    {
        "x": "467",
        "y": "114",
        "Time": "10:50:59.271",
        "InArea": "False"
    }
]