[
    {
        "x": "488",
        "y": "133",
        "Time": "09:41:03.208",
        "InArea": "True"
    },
    {
        "x": "488",
        "y": "132",
        "Time": "09:41:03.254",
        "InArea": "True"
    },
    {
        "x": "487",
        "y": "132",
        "Time": "09:41:03.311",
        "InArea": "True"
    },
    {
        "x": "486",
        "y": "132",
        "Time": "09:41:03.354",
        "InArea": "True"
    },
    {
        "x": "486",
        "y": "132",
        "Time": "09:41:03.401",
        "InArea": "True"
    },
    {
        "x": "485",
        "y": "132",
        "Time": "09:41:03.446",
        "InArea": "True"
    },
    {
        "x": "485",
        "y": "132",
        "Time": "09:41:03.482",
        "InArea": "True"
    },
    {
        "x": "485",
        "y": "131",
        "Time": "09:41:03.524",
        "InArea": "True"
    },
    {
        "x": "484",
        "y": "130",
        "Time": "09:41:03.570",
        "InArea": "True"
    },
    {
        "x": "483",
        "y": "130",
        "Time": "09:41:03.613",
        "InArea": "True"
    },
    {
        "x": "482",
        "y": "130",
        "Time": "09:41:03.655",
        "InArea": "True"
    },
    {
        "x": "481",
        "y": "130",
        "Time": "09:41:03.700",
        "InArea": "True"
    },
    {
        "x": "480",
        "y": "129",
        "Time": "09:41:03.747",
        "InArea": "True"
    },
    {
        "x": "478",
        "y": "129",
        "Time": "09:41:03.797",
        "InArea": "True"
    },
    {
        "x": "477",
        "y": "129",
        "Time": "09:41:03.846",
        "InArea": "True"
    },
    {
        "x": "475",
        "y": "128",
        "Time": "09:41:03.896",
        "InArea": "True"
    },
    {
        "x": "473",
        "y": "127",
        "Time": "09:41:03.946",
        "InArea": "True"
    },
    {
        "x": "472",
        "y": "126",
        "Time": "09:41:03.987",
        "InArea": "True"
    },
    {
        "x": "471",
        "y": "125",
        "Time": "09:41:04.034",
        "InArea": "True"
    },
    {
        "x": "471",
        "y": "124",
        "Time": "09:41:04.075",
        "InArea": "True"
    },
    {
        "x": "469",
        "y": "123",
        "Time": "09:41:04.123",
        "InArea": "True"
    },
    {
        "x": "468",
        "y": "122",
        "Time": "09:41:04.166",
        "InArea": "True"
    },
    {
        "x": "467",
        "y": "120",
        "Time": "09:41:04.206",
        "InArea": "True"
    },
    {
        "x": "466",
        "y": "119",
        "Time": "09:41:04.253",
        "InArea": "True"
    },
    {
        "x": "465",
        "y": "119",
        "Time": "09:41:04.301",
        "InArea": "True"
    },
    {
        "x": "464",
        "y": "118",
        "Time": "09:41:04.344",
        "InArea": "True"
    },
    {
        "x": "464",
        "y": "118",
        "Time": "09:41:04.382",
        "InArea": "True"
    },
    {
        "x": "463",
        "y": "118",
        "Time": "09:41:04.429",
        "InArea": "True"
    },
    {
        "x": "463",
        "y": "118",
        "Time": "09:41:04.475",
        "InArea": "True"
    },
    {
        "x": "460",
        "y": "117",
        "Time": "09:41:04.518",
        "InArea": "True"
    },
    {
        "x": "458",
        "y": "115",
        "Time": "09:41:04.559",
        "InArea": "False"
    },
    {
        "x": "457",
        "y": "114",
        "Time": "09:41:04.607",
        "InArea": "False"
    }
]