[
    {
        "x": "514",
        "y": "140",
        "Time": "09:58:18.188",
        "InArea": "True"
    },
    {
        "x": "513",
        "y": "140",
        "Time": "09:58:18.241",
        "InArea": "True"
    },
    {
        "x": "514",
        "y": "139",
        "Time": "09:58:18.291",
        "InArea": "True"
    },
    {
        "x": "514",
        "y": "139",
        "Time": "09:58:18.340",
        "InArea": "True"
    },
    {
        "x": "514",
        "y": "139",
        "Time": "09:58:18.391",
        "InArea": "True"
    },
    {
        "x": "513",
        "y": "137",
        "Time": "09:58:18.434",
        "InArea": "True"
    },
    {
        "x": "512",
        "y": "136",
        "Time": "09:58:18.482",
        "InArea": "True"
    },
    {
        "x": "511",
        "y": "135",
        "Time": "09:58:18.528",
        "InArea": "True"
    },
    {
        "x": "509",
        "y": "134",
        "Time": "09:58:18.573",
        "InArea": "True"
    },
    {
        "x": "508",
        "y": "132",
        "Time": "09:58:18.620",
        "InArea": "True"
    },
    {
        "x": "507",
        "y": "132",
        "Time": "09:58:18.666",
        "InArea": "True"
    },
    {
        "x": "507",
        "y": "132",
        "Time": "09:58:18.707",
        "InArea": "True"
    },
    {
        "x": "507",
        "y": "131",
        "Time": "09:58:18.752",
        "InArea": "True"
    },
    {
        "x": "507",
        "y": "130",
        "Time": "09:58:18.792",
        "InArea": "True"
    },
    {
        "x": "505",
        "y": "129",
        "Time": "09:58:18.843",
        "InArea": "True"
    },
    {
        "x": "503",
        "y": "128",
        "Time": "09:58:18.893",
        "InArea": "True"
    },
    {
        "x": "503",
        "y": "127",
        "Time": "09:58:18.943",
        "InArea": "True"
    },
    {
        "x": "502",
        "y": "126",
        "Time": "09:58:19.001",
        "InArea": "True"
    },
    {
        "x": "499",
        "y": "125",
        "Time": "09:58:19.055",
        "InArea": "True"
    },
    {
        "x": "493",
        "y": "124",
        "Time": "09:58:19.103",
        "InArea": "True"
    },
    {
        "x": "489",
        "y": "123",
        "Time": "09:58:19.156",
        "InArea": "True"
    },
    {
        "x": "487",
        "y": "123",
        "Time": "09:58:19.203",
        "InArea": "True"
    },
    {
        "x": "486",
        "y": "123",
        "Time": "09:58:19.251",
        "InArea": "True"
    },
    {
        "x": "484",
        "y": "122",
        "Time": "09:58:19.299",
        "InArea": "True"
    },
    {
        "x": "482",
        "y": "121",
        "Time": "09:58:19.348",
        "InArea": "True"
    },
    {
        "x": "480",
        "y": "121",
        "Time": "09:58:19.398",
        "InArea": "True"
    },
    {
        "x": "479",
        "y": "119",
        "Time": "09:58:19.441",
        "InArea": "True"
    },
    {
        "x": "478",
        "y": "118",
        "Time": "09:58:19.485",
        "InArea": "True"
    },
    {
        "x": "477",
        "y": "117",
        "Time": "09:58:19.530",
        "InArea": "True"
    },
    {
        "x": "475",
        "y": "116",
        "Time": "09:58:19.583",
        "InArea": "True"
    },
    {
        "x": "472",
        "y": "114",
        "Time": "09:58:19.638",
        "InArea": "False"
    },
    {
        "x": "469",
        "y": "112",
        "Time": "09:58:19.693",
        "InArea": "False"
    }
]