[
    {
        "x": "488",
        "y": "133",
        "Time": "09:58:33.114",
        "InArea": "True"
    },
    {
        "x": "487",
        "y": "133",
        "Time": "09:58:33.165",
        "InArea": "True"
    },
    {
        "x": "486",
        "y": "133",
        "Time": "09:58:33.209",
        "InArea": "True"
    },
    {
        "x": "485",
        "y": "133",
        "Time": "09:58:33.259",
        "InArea": "True"
    },
    {
        "x": "485",
        "y": "133",
        "Time": "09:58:33.306",
        "InArea": "True"
    },
    {
        "x": "484",
        "y": "132",
        "Time": "09:58:33.362",
        "InArea": "True"
    },
    {
        "x": "483",
        "y": "131",
        "Time": "09:58:33.414",
        "InArea": "True"
    },
    {
        "x": "483",
        "y": "131",
        "Time": "09:58:33.459",
        "InArea": "True"
    },
    {
        "x": "483",
        "y": "131",
        "Time": "09:58:33.503",
        "InArea": "True"
    },
    {
        "x": "482",
        "y": "130",
        "Time": "09:58:33.548",
        "InArea": "True"
    },
    {
        "x": "482",
        "y": "129",
        "Time": "09:58:33.592",
        "InArea": "True"
    },
    {
        "x": "481",
        "y": "128",
        "Time": "09:58:33.641",
        "InArea": "True"
    },
    {
        "x": "480",
        "y": "127",
        "Time": "09:58:33.688",
        "InArea": "True"
    },
    {
        "x": "480",
        "y": "127",
        "Time": "09:58:33.734",
        "InArea": "True"
    },
    {
        "x": "478",
        "y": "126",
        "Time": "09:58:33.781",
        "InArea": "True"
    },
    {
        "x": "476",
        "y": "126",
        "Time": "09:58:33.827",
        "InArea": "True"
    },
    {
        "x": "475",
        "y": "125",
        "Time": "09:58:33.875",
        "InArea": "True"
    },
    {
        "x": "474",
        "y": "123",
        "Time": "09:58:33.915",
        "InArea": "True"
    },
    {
        "x": "474",
        "y": "122",
        "Time": "09:58:33.959",
        "InArea": "True"
    },
    {
        "x": "473",
        "y": "122",
        "Time": "09:58:34.005",
        "InArea": "True"
    },
    {
        "x": "471",
        "y": "121",
        "Time": "09:58:34.061",
        "InArea": "True"
    },
    {
        "x": "470",
        "y": "120",
        "Time": "09:58:34.110",
        "InArea": "True"
    },
    {
        "x": "467",
        "y": "119",
        "Time": "09:58:34.153",
        "InArea": "True"
    },
    {
        "x": "466",
        "y": "119",
        "Time": "09:58:34.197",
        "InArea": "True"
    },
    {
        "x": "466",
        "y": "118",
        "Time": "09:58:34.242",
        "InArea": "True"
    },
    {
        "x": "465",
        "y": "117",
        "Time": "09:58:34.291",
        "InArea": "True"
    },
    {
        "x": "464",
        "y": "117",
        "Time": "09:58:34.340",
        "InArea": "True"
    },
    {
        "x": "463",
        "y": "117",
        "Time": "09:58:34.397",
        "InArea": "True"
    },
    {
        "x": "462",
        "y": "116",
        "Time": "09:58:34.440",
        "InArea": "True"
    },
    {
        "x": "461",
        "y": "116",
        "Time": "09:58:34.482",
        "InArea": "True"
    },
    {
        "x": "460",
        "y": "115",
        "Time": "09:58:34.528",
        "InArea": "True"
    },
    {
        "x": "460",
        "y": "114",
        "Time": "09:58:34.574",
        "InArea": "False"
    }
]