[
    {
        "x": "495",
        "y": "130",
        "Time": "10:00:28.587",
        "InArea": "True"
    },
    {
        "x": "490",
        "y": "130",
        "Time": "10:00:28.630",
        "InArea": "True"
    },
    {
        "x": "494",
        "y": "130",
        "Time": "10:00:28.683",
        "InArea": "True"
    },
    {
        "x": "489",
        "y": "130",
        "Time": "10:00:28.730",
        "InArea": "True"
    },
    {
        "x": "487",
        "y": "130",
        "Time": "10:00:28.776",
        "InArea": "True"
    },
    {
        "x": "485",
        "y": "130",
        "Time": "10:00:28.821",
        "InArea": "True"
    },
    {
        "x": "484",
        "y": "129",
        "Time": "10:00:28.870",
        "InArea": "True"
    },
    {
        "x": "484",
        "y": "129",
        "Time": "10:00:28.927",
        "InArea": "True"
    },
    {
        "x": "483",
        "y": "128",
        "Time": "10:00:28.977",
        "InArea": "True"
    },
    {
        "x": "483",
        "y": "127",
        "Time": "10:00:29.026",
        "InArea": "True"
    },
    {
        "x": "483",
        "y": "127",
        "Time": "10:00:29.075",
        "InArea": "True"
    },
    {
        "x": "483",
        "y": "126",
        "Time": "10:00:29.134",
        "InArea": "True"
    },
    {
        "x": "482",
        "y": "126",
        "Time": "10:00:29.185",
        "InArea": "True"
    },
    {
        "x": "482",
        "y": "126",
        "Time": "10:00:29.231",
        "InArea": "True"
    },
    {
        "x": "481",
        "y": "125",
        "Time": "10:00:29.287",
        "InArea": "True"
    },
    {
        "x": "481",
        "y": "125",
        "Time": "10:00:29.330",
        "InArea": "True"
    },
    {
        "x": "481",
        "y": "124",
        "Time": "10:00:29.373",
        "InArea": "True"
    },
    {
        "x": "481",
        "y": "123",
        "Time": "10:00:29.418",
        "InArea": "True"
    },
    {
        "x": "482",
        "y": "122",
        "Time": "10:00:29.476",
        "InArea": "True"
    },
    {
        "x": "481",
        "y": "122",
        "Time": "10:00:29.527",
        "InArea": "True"
    },
    {
        "x": "481",
        "y": "122",
        "Time": "10:00:29.585",
        "InArea": "True"
    },
    {
        "x": "479",
        "y": "121",
        "Time": "10:00:29.632",
        "InArea": "True"
    },
    {
        "x": "478",
        "y": "121",
        "Time": "10:00:29.673",
        "InArea": "True"
    },
    {
        "x": "477",
        "y": "121",
        "Time": "10:00:29.726",
        "InArea": "True"
    },
    {
        "x": "477",
        "y": "120",
        "Time": "10:00:29.771",
        "InArea": "True"
    },
    {
        "x": "477",
        "y": "119",
        "Time": "10:00:29.821",
        "InArea": "True"
    },
    {
        "x": "477",
        "y": "118",
        "Time": "10:00:29.869",
        "InArea": "True"
    },
    {
        "x": "477",
        "y": "118",
        "Time": "10:00:29.982",
        "InArea": "True"
    },
    {
        "x": "475",
        "y": "117",
        "Time": "10:00:30.025",
        "InArea": "True"
    },
    {
        "x": "474",
        "y": "116",
        "Time": "10:00:30.071",
        "InArea": "True"
    },
    {
        "x": "474",
        "y": "115",
        "Time": "10:00:30.117",
        "InArea": "True"
    },
    {
        "x": "474",
        "y": "114",
        "Time": "10:00:30.169",
        "InArea": "False"
    }
]