[
    {
        "x": "485",
        "y": "139",
        "Time": "10:07:25.757",
        "InArea": "True"
    },
    {
        "x": "486",
        "y": "139",
        "Time": "10:07:25.806",
        "InArea": "True"
    },
    {
        "x": "486",
        "y": "139",
        "Time": "10:07:25.850",
        "InArea": "True"
    },
    {
        "x": "486",
        "y": "139",
        "Time": "10:07:25.900",
        "InArea": "True"
    },
    {
        "x": "485",
        "y": "139",
        "Time": "10:07:25.955",
        "InArea": "True"
    },
    {
        "x": "485",
        "y": "139",
        "Time": "10:07:26.015",
        "InArea": "True"
    },
    {
        "x": "484",
        "y": "139",
        "Time": "10:07:26.062",
        "InArea": "True"
    },
    {
        "x": "484",
        "y": "136",
        "Time": "10:07:26.108",
        "InArea": "True"
    },
    {
        "x": "483",
        "y": "135",
        "Time": "10:07:26.158",
        "InArea": "True"
    },
    {
        "x": "483",
        "y": "135",
        "Time": "10:07:26.261",
        "InArea": "True"
    },
    {
        "x": "482",
        "y": "134",
        "Time": "10:07:26.311",
        "InArea": "True"
    },
    {
        "x": "482",
        "y": "133",
        "Time": "10:07:26.360",
        "InArea": "True"
    },
    {
        "x": "481",
        "y": "133",
        "Time": "10:07:26.419",
        "InArea": "True"
    },
    {
        "x": "481",
        "y": "133",
        "Time": "10:07:26.470",
        "InArea": "True"
    },
    {
        "x": "481",
        "y": "132",
        "Time": "10:07:26.512",
        "InArea": "True"
    },
    {
        "x": "480",
        "y": "130",
        "Time": "10:07:26.569",
        "InArea": "True"
    },
    {
        "x": "479",
        "y": "129",
        "Time": "10:07:26.628",
        "InArea": "True"
    },
    {
        "x": "478",
        "y": "128",
        "Time": "10:07:26.673",
        "InArea": "True"
    },
    {
        "x": "476",
        "y": "126",
        "Time": "10:07:26.726",
        "InArea": "True"
    },
    {
        "x": "475",
        "y": "125",
        "Time": "10:07:26.783",
        "InArea": "True"
    },
    {
        "x": "473",
        "y": "124",
        "Time": "10:07:26.839",
        "InArea": "True"
    },
    {
        "x": "473",
        "y": "122",
        "Time": "10:07:26.886",
        "InArea": "True"
    },
    {
        "x": "472",
        "y": "122",
        "Time": "10:07:26.928",
        "InArea": "True"
    },
    {
        "x": "470",
        "y": "121",
        "Time": "10:07:26.985",
        "InArea": "True"
    },
    {
        "x": "469",
        "y": "120",
        "Time": "10:07:27.035",
        "InArea": "True"
    },
    {
        "x": "467",
        "y": "118",
        "Time": "10:07:27.088",
        "InArea": "True"
    },
    {
        "x": "467",
        "y": "117",
        "Time": "10:07:27.136",
        "InArea": "True"
    },
    {
        "x": "465",
        "y": "117",
        "Time": "10:07:27.187",
        "InArea": "True"
    },
    {
        "x": "464",
        "y": "117",
        "Time": "10:07:27.239",
        "InArea": "True"
    },
    {
        "x": "462",
        "y": "116",
        "Time": "10:07:27.292",
        "InArea": "True"
    },
    {
        "x": "461",
        "y": "115",
        "Time": "10:07:27.335",
        "InArea": "False"
    },
    {
        "x": "459",
        "y": "114",
        "Time": "10:07:27.390",
        "InArea": "False"
    }
]