[
    {
        "x": "502",
        "y": "134",
        "Time": "11:38:56.744",
        "InArea": "True"
    },
    {
        "x": "502",
        "y": "133",
        "Time": "11:38:56.795",
        "InArea": "True"
    },
    {
        "x": "502",
        "y": "132",
        "Time": "11:38:56.850",
        "InArea": "True"
    },
    {
        "x": "494",
        "y": "131",
        "Time": "11:38:56.895",
        "InArea": "True"
    },
    {
        "x": "497",
        "y": "130",
        "Time": "11:38:56.934",
        "InArea": "True"
    },
    {
        "x": "498",
        "y": "130",
        "Time": "11:38:56.973",
        "InArea": "True"
    },
    {
        "x": "499",
        "y": "131",
        "Time": "11:38:57.020",
        "InArea": "True"
    },
    {
        "x": "493",
        "y": "130",
        "Time": "11:38:57.062",
        "InArea": "True"
    },
    {
        "x": "490",
        "y": "130",
        "Time": "11:38:57.115",
        "InArea": "True"
    },
    {
        "x": "487",
        "y": "129",
        "Time": "11:38:57.172",
        "InArea": "True"
    },
    {
        "x": "486",
        "y": "129",
        "Time": "11:38:57.212",
        "InArea": "True"
    },
    {
        "x": "484",
        "y": "128",
        "Time": "11:38:57.260",
        "InArea": "True"
    },
    {
        "x": "482",
        "y": "127",
        "Time": "11:38:57.311",
        "InArea": "True"
    },
    {
        "x": "481",
        "y": "127",
        "Time": "11:38:57.364",
        "InArea": "True"
    },
    {
        "x": "482",
        "y": "127",
        "Time": "11:38:57.413",
        "InArea": "True"
    },
    {
        "x": "482",
        "y": "127",
        "Time": "11:38:57.453",
        "InArea": "True"
    },
    {
        "x": "481",
        "y": "126",
        "Time": "11:38:57.497",
        "InArea": "True"
    },
    {
        "x": "480",
        "y": "125",
        "Time": "11:38:57.541",
        "InArea": "True"
    },
    {
        "x": "479",
        "y": "123",
        "Time": "11:38:57.588",
        "InArea": "True"
    },
    {
        "x": "477",
        "y": "122",
        "Time": "11:38:57.638",
        "InArea": "True"
    },
    {
        "x": "475",
        "y": "121",
        "Time": "11:38:57.683",
        "InArea": "True"
    },
    {
        "x": "474",
        "y": "121",
        "Time": "11:38:57.723",
        "InArea": "True"
    },
    {
        "x": "474",
        "y": "121",
        "Time": "11:38:57.763",
        "InArea": "True"
    },
    {
        "x": "471",
        "y": "120",
        "Time": "11:38:57.813",
        "InArea": "True"
    },
    {
        "x": "470",
        "y": "120",
        "Time": "11:38:57.875",
        "InArea": "True"
    },
    {
        "x": "469",
        "y": "120",
        "Time": "11:38:57.922",
        "InArea": "True"
    },
    {
        "x": "467",
        "y": "119",
        "Time": "11:38:57.976",
        "InArea": "True"
    },
    {
        "x": "463",
        "y": "118",
        "Time": "11:38:58.028",
        "InArea": "True"
    },
    {
        "x": "461",
        "y": "117",
        "Time": "11:38:58.087",
        "InArea": "True"
    },
    {
        "x": "460",
        "y": "116",
        "Time": "11:38:58.135",
        "InArea": "True"
    },
    {
        "x": "457",
        "y": "115",
        "Time": "11:38:58.191",
        "InArea": "False"
    },
    {
        "x": "455",
        "y": "114",
        "Time": "11:38:58.234",
        "InArea": "False"
    }
]