[
    {
        "x": "486",
        "y": "140",
        "Time": "07:36:21.911",
        "InArea": "True"
    },
    {
        "x": "486",
        "y": "140",
        "Time": "07:36:21.962",
        "InArea": "True"
    },
    {
        "x": "486",
        "y": "139",
        "Time": "07:36:22.021",
        "InArea": "True"
    },
    {
        "x": "486",
        "y": "139",
        "Time": "07:36:22.066",
        "InArea": "True"
    },
    {
        "x": "485",
        "y": "139",
        "Time": "07:36:22.110",
        "InArea": "True"
    },
    {
        "x": "486",
        "y": "136",
        "Time": "07:36:22.152",
        "InArea": "True"
    },
    {
        "x": "485",
        "y": "135",
        "Time": "07:36:22.191",
        "InArea": "True"
    },
    {
        "x": "484",
        "y": "134",
        "Time": "07:36:22.239",
        "InArea": "True"
    },
    {
        "x": "483",
        "y": "134",
        "Time": "07:36:22.292",
        "InArea": "True"
    },
    {
        "x": "482",
        "y": "134",
        "Time": "07:36:22.336",
        "InArea": "True"
    },
    {
        "x": "482",
        "y": "133",
        "Time": "07:36:22.378",
        "InArea": "True"
    },
    {
        "x": "481",
        "y": "133",
        "Time": "07:36:22.425",
        "InArea": "True"
    },
    {
        "x": "478",
        "y": "132",
        "Time": "07:36:22.471",
        "InArea": "True"
    },
    {
        "x": "476",
        "y": "131",
        "Time": "07:36:22.523",
        "InArea": "True"
    },
    {
        "x": "475",
        "y": "130",
        "Time": "07:36:22.573",
        "InArea": "True"
    },
    {
        "x": "474",
        "y": "130",
        "Time": "07:36:22.612",
        "InArea": "True"
    },
    {
        "x": "473",
        "y": "128",
        "Time": "07:36:22.657",
        "InArea": "True"
    },
    {
        "x": "472",
        "y": "126",
        "Time": "07:36:22.697",
        "InArea": "True"
    },
    {
        "x": "471",
        "y": "125",
        "Time": "07:36:22.743",
        "InArea": "True"
    },
    {
        "x": "470",
        "y": "125",
        "Time": "07:36:22.789",
        "InArea": "True"
    },
    {
        "x": "468",
        "y": "124",
        "Time": "07:36:22.837",
        "InArea": "True"
    },
    {
        "x": "465",
        "y": "123",
        "Time": "07:36:22.886",
        "InArea": "True"
    },
    {
        "x": "464",
        "y": "123",
        "Time": "07:36:22.936",
        "InArea": "True"
    },
    {
        "x": "463",
        "y": "122",
        "Time": "07:36:22.985",
        "InArea": "True"
    },
    {
        "x": "463",
        "y": "121",
        "Time": "07:36:23.042",
        "InArea": "True"
    },
    {
        "x": "462",
        "y": "120",
        "Time": "07:36:23.096",
        "InArea": "True"
    },
    {
        "x": "462",
        "y": "120",
        "Time": "07:36:23.140",
        "InArea": "True"
    },
    {
        "x": "461",
        "y": "119",
        "Time": "07:36:23.181",
        "InArea": "True"
    },
    {
        "x": "459",
        "y": "118",
        "Time": "07:36:23.230",
        "InArea": "True"
    },
    {
        "x": "456",
        "y": "116",
        "Time": "07:36:23.277",
        "InArea": "True"
    },
    {
        "x": "455",
        "y": "115",
        "Time": "07:36:23.322",
        "InArea": "True"
    },
    {
        "x": "454",
        "y": "114",
        "Time": "07:36:23.367",
        "InArea": "False"
    }
]