[
    {
        "x": "496",
        "y": "133",
        "Time": "10:23:35.030",
        "InArea": "True"
    },
    {
        "x": "495",
        "y": "132",
        "Time": "10:23:35.097",
        "InArea": "True"
    },
    {
        "x": "495",
        "y": "132",
        "Time": "10:23:35.139",
        "InArea": "True"
    },
    {
        "x": "495",
        "y": "131",
        "Time": "10:23:35.189",
        "InArea": "True"
    },
    {
        "x": "492",
        "y": "130",
        "Time": "10:23:35.235",
        "InArea": "True"
    },
    {
        "x": "490",
        "y": "129",
        "Time": "10:23:35.283",
        "InArea": "True"
    },
    {
        "x": "488",
        "y": "128",
        "Time": "10:23:35.326",
        "InArea": "True"
    },
    {
        "x": "488",
        "y": "128",
        "Time": "10:23:35.369",
        "InArea": "True"
    },
    {
        "x": "487",
        "y": "127",
        "Time": "10:23:35.425",
        "InArea": "True"
    },
    {
        "x": "487",
        "y": "128",
        "Time": "10:23:35.480",
        "InArea": "True"
    },
    {
        "x": "486",
        "y": "128",
        "Time": "10:23:35.533",
        "InArea": "True"
    },
    {
        "x": "486",
        "y": "127",
        "Time": "10:23:35.590",
        "InArea": "True"
    },
    {
        "x": "486",
        "y": "126",
        "Time": "10:23:35.633",
        "InArea": "True"
    },
    {
        "x": "486",
        "y": "125",
        "Time": "10:23:35.688",
        "InArea": "True"
    },
    {
        "x": "485",
        "y": "125",
        "Time": "10:23:35.745",
        "InArea": "True"
    },
    {
        "x": "484",
        "y": "125",
        "Time": "10:23:35.806",
        "InArea": "True"
    },
    {
        "x": "483",
        "y": "125",
        "Time": "10:23:35.872",
        "InArea": "True"
    },
    {
        "x": "482",
        "y": "124",
        "Time": "10:23:35.916",
        "InArea": "True"
    },
    {
        "x": "480",
        "y": "124",
        "Time": "10:23:35.969",
        "InArea": "True"
    },
    {
        "x": "478",
        "y": "124",
        "Time": "10:23:36.015",
        "InArea": "True"
    },
    {
        "x": "477",
        "y": "123",
        "Time": "10:23:36.065",
        "InArea": "True"
    },
    {
        "x": "477",
        "y": "122",
        "Time": "10:23:36.115",
        "InArea": "True"
    },
    {
        "x": "477",
        "y": "121",
        "Time": "10:23:36.164",
        "InArea": "True"
    },
    {
        "x": "476",
        "y": "120",
        "Time": "10:23:36.217",
        "InArea": "True"
    },
    {
        "x": "473",
        "y": "119",
        "Time": "10:23:36.272",
        "InArea": "True"
    },
    {
        "x": "472",
        "y": "118",
        "Time": "10:23:36.319",
        "InArea": "True"
    },
    {
        "x": "470",
        "y": "117",
        "Time": "10:23:36.362",
        "InArea": "True"
    },
    {
        "x": "470",
        "y": "116",
        "Time": "10:23:36.405",
        "InArea": "True"
    },
    {
        "x": "468",
        "y": "116",
        "Time": "10:23:36.455",
        "InArea": "True"
    },
    {
        "x": "467",
        "y": "116",
        "Time": "10:23:36.508",
        "InArea": "True"
    },
    {
        "x": "466",
        "y": "115",
        "Time": "10:23:36.563",
        "InArea": "True"
    },
    {
        "x": "465",
        "y": "113",
        "Time": "10:23:36.621",
        "InArea": "False"
    }
]