[
    {
        "x": "514",
        "y": "139",
        "Time": "09:38:01.052",
        "InArea": "True"
    },
    {
        "x": "514",
        "y": "139",
        "Time": "09:38:01.142",
        "InArea": "True"
    },
    {
        "x": "513",
        "y": "139",
        "Time": "09:38:01.191",
        "InArea": "True"
    },
    {
        "x": "513",
        "y": "139",
        "Time": "09:38:01.284",
        "InArea": "True"
    },
    {
        "x": "511",
        "y": "137",
        "Time": "09:38:01.330",
        "InArea": "True"
    },
    {
        "x": "510",
        "y": "135",
        "Time": "09:38:01.368",
        "InArea": "True"
    },
    {
        "x": "510",
        "y": "134",
        "Time": "09:38:01.413",
        "InArea": "True"
    },
    {
        "x": "509",
        "y": "133",
        "Time": "09:38:01.459",
        "InArea": "True"
    },
    {
        "x": "508",
        "y": "133",
        "Time": "09:38:01.496",
        "InArea": "True"
    },
    {
        "x": "506",
        "y": "133",
        "Time": "09:38:01.541",
        "InArea": "True"
    },
    {
        "x": "505",
        "y": "133",
        "Time": "09:38:01.588",
        "InArea": "True"
    },
    {
        "x": "504",
        "y": "132",
        "Time": "09:38:01.629",
        "InArea": "True"
    },
    {
        "x": "503",
        "y": "132",
        "Time": "09:38:01.677",
        "InArea": "True"
    },
    {
        "x": "501",
        "y": "131",
        "Time": "09:38:01.717",
        "InArea": "True"
    },
    {
        "x": "501",
        "y": "131",
        "Time": "09:38:01.763",
        "InArea": "True"
    },
    {
        "x": "500",
        "y": "130",
        "Time": "09:38:01.802",
        "InArea": "True"
    },
    {
        "x": "499",
        "y": "129",
        "Time": "09:38:01.854",
        "InArea": "True"
    },
    {
        "x": "498",
        "y": "128",
        "Time": "09:38:01.905",
        "InArea": "True"
    },
    {
        "x": "497",
        "y": "127",
        "Time": "09:38:01.953",
        "InArea": "True"
    },
    {
        "x": "495",
        "y": "126",
        "Time": "09:38:02.007",
        "InArea": "True"
    },
    {
        "x": "492",
        "y": "124",
        "Time": "09:38:02.060",
        "InArea": "True"
    },
    {
        "x": "490",
        "y": "123",
        "Time": "09:38:02.109",
        "InArea": "True"
    },
    {
        "x": "488",
        "y": "122",
        "Time": "09:38:02.164",
        "InArea": "True"
    },
    {
        "x": "486",
        "y": "121",
        "Time": "09:38:02.217",
        "InArea": "True"
    },
    {
        "x": "485",
        "y": "121",
        "Time": "09:38:02.259",
        "InArea": "True"
    },
    {
        "x": "484",
        "y": "120",
        "Time": "09:38:02.301",
        "InArea": "True"
    },
    {
        "x": "483",
        "y": "119",
        "Time": "09:38:02.341",
        "InArea": "True"
    },
    {
        "x": "482",
        "y": "119",
        "Time": "09:38:02.388",
        "InArea": "True"
    },
    {
        "x": "481",
        "y": "118",
        "Time": "09:38:02.436",
        "InArea": "True"
    },
    {
        "x": "480",
        "y": "117",
        "Time": "09:38:02.477",
        "InArea": "True"
    },
    {
        "x": "478",
        "y": "115",
        "Time": "09:38:02.531",
        "InArea": "False"
    },
    {
        "x": "474",
        "y": "113",
        "Time": "09:38:02.576",
        "InArea": "False"
    }
]