[
    {
        "x": "490",
        "y": "138",
        "Time": "09:36:08.469",
        "InArea": "True"
    },
    {
        "x": "489",
        "y": "138",
        "Time": "09:36:08.518",
        "InArea": "True"
    },
    {
        "x": "488",
        "y": "138",
        "Time": "09:36:08.569",
        "InArea": "True"
    },
    {
        "x": "488",
        "y": "138",
        "Time": "09:36:08.619",
        "InArea": "True"
    },
    {
        "x": "487",
        "y": "138",
        "Time": "09:36:08.661",
        "InArea": "True"
    },
    {
        "x": "487",
        "y": "136",
        "Time": "09:36:08.706",
        "InArea": "True"
    },
    {
        "x": "487",
        "y": "134",
        "Time": "09:36:08.752",
        "InArea": "True"
    },
    {
        "x": "486",
        "y": "134",
        "Time": "09:36:08.796",
        "InArea": "True"
    },
    {
        "x": "486",
        "y": "134",
        "Time": "09:36:08.840",
        "InArea": "True"
    },
    {
        "x": "486",
        "y": "134",
        "Time": "09:36:08.931",
        "InArea": "True"
    },
    {
        "x": "485",
        "y": "133",
        "Time": "09:36:08.982",
        "InArea": "True"
    },
    {
        "x": "484",
        "y": "132",
        "Time": "09:36:09.039",
        "InArea": "True"
    },
    {
        "x": "484",
        "y": "132",
        "Time": "09:36:09.093",
        "InArea": "True"
    },
    {
        "x": "483",
        "y": "131",
        "Time": "09:36:09.146",
        "InArea": "True"
    },
    {
        "x": "482",
        "y": "130",
        "Time": "09:36:09.206",
        "InArea": "True"
    },
    {
        "x": "481",
        "y": "129",
        "Time": "09:36:09.251",
        "InArea": "True"
    },
    {
        "x": "479",
        "y": "128",
        "Time": "09:36:09.295",
        "InArea": "True"
    },
    {
        "x": "478",
        "y": "128",
        "Time": "09:36:09.336",
        "InArea": "True"
    },
    {
        "x": "478",
        "y": "127",
        "Time": "09:36:09.382",
        "InArea": "True"
    },
    {
        "x": "477",
        "y": "125",
        "Time": "09:36:09.436",
        "InArea": "True"
    },
    {
        "x": "475",
        "y": "124",
        "Time": "09:36:09.490",
        "InArea": "True"
    },
    {
        "x": "472",
        "y": "123",
        "Time": "09:36:09.540",
        "InArea": "True"
    },
    {
        "x": "469",
        "y": "121",
        "Time": "09:36:09.597",
        "InArea": "True"
    },
    {
        "x": "467",
        "y": "120",
        "Time": "09:36:09.653",
        "InArea": "True"
    },
    {
        "x": "466",
        "y": "120",
        "Time": "09:36:09.700",
        "InArea": "True"
    },
    {
        "x": "465",
        "y": "119",
        "Time": "09:36:09.746",
        "InArea": "True"
    },
    {
        "x": "465",
        "y": "119",
        "Time": "09:36:09.795",
        "InArea": "True"
    },
    {
        "x": "465",
        "y": "119",
        "Time": "09:36:09.845",
        "InArea": "True"
    },
    {
        "x": "464",
        "y": "118",
        "Time": "09:36:09.901",
        "InArea": "True"
    },
    {
        "x": "463",
        "y": "116",
        "Time": "09:36:09.951",
        "InArea": "True"
    },
    {
        "x": "460",
        "y": "114",
        "Time": "09:36:10.004",
        "InArea": "False"
    },
    {
        "x": "459",
        "y": "113",
        "Time": "09:36:10.049",
        "InArea": "False"
    }
]