[
    {
        "x": "487",
        "y": "139",
        "Time": "09:18:54.308",
        "InArea": "True"
    },
    {
        "x": "488",
        "y": "139",
        "Time": "09:18:54.348",
        "InArea": "True"
    },
    {
        "x": "488",
        "y": "139",
        "Time": "09:18:54.395",
        "InArea": "True"
    },
    {
        "x": "487",
        "y": "139",
        "Time": "09:18:54.446",
        "InArea": "True"
    },
    {
        "x": "487",
        "y": "139",
        "Time": "09:18:54.491",
        "InArea": "True"
    },
    {
        "x": "486",
        "y": "138",
        "Time": "09:18:54.530",
        "InArea": "True"
    },
    {
        "x": "486",
        "y": "138",
        "Time": "09:18:54.573",
        "InArea": "True"
    },
    {
        "x": "485",
        "y": "136",
        "Time": "09:18:54.620",
        "InArea": "True"
    },
    {
        "x": "485",
        "y": "135",
        "Time": "09:18:54.660",
        "InArea": "True"
    },
    {
        "x": "485",
        "y": "134",
        "Time": "09:18:54.710",
        "InArea": "True"
    },
    {
        "x": "484",
        "y": "134",
        "Time": "09:18:54.757",
        "InArea": "True"
    },
    {
        "x": "484",
        "y": "133",
        "Time": "09:18:54.797",
        "InArea": "True"
    },
    {
        "x": "483",
        "y": "133",
        "Time": "09:18:54.848",
        "InArea": "True"
    },
    {
        "x": "483",
        "y": "133",
        "Time": "09:18:54.903",
        "InArea": "True"
    },
    {
        "x": "483",
        "y": "132",
        "Time": "09:18:54.958",
        "InArea": "True"
    },
    {
        "x": "483",
        "y": "132",
        "Time": "09:18:55.008",
        "InArea": "True"
    },
    {
        "x": "483",
        "y": "131",
        "Time": "09:18:55.061",
        "InArea": "True"
    },
    {
        "x": "483",
        "y": "131",
        "Time": "09:18:55.098",
        "InArea": "True"
    },
    {
        "x": "482",
        "y": "130",
        "Time": "09:18:55.149",
        "InArea": "True"
    },
    {
        "x": "481",
        "y": "129",
        "Time": "09:18:55.195",
        "InArea": "True"
    },
    {
        "x": "479",
        "y": "130",
        "Time": "09:18:55.251",
        "InArea": "True"
    },
    {
        "x": "477",
        "y": "128",
        "Time": "09:18:55.293",
        "InArea": "True"
    },
    {
        "x": "474",
        "y": "126",
        "Time": "09:18:55.339",
        "InArea": "True"
    },
    {
        "x": "473",
        "y": "125",
        "Time": "09:18:55.380",
        "InArea": "True"
    },
    {
        "x": "472",
        "y": "123",
        "Time": "09:18:55.438",
        "InArea": "True"
    },
    {
        "x": "469",
        "y": "121",
        "Time": "09:18:55.493",
        "InArea": "True"
    },
    {
        "x": "467",
        "y": "119",
        "Time": "09:18:55.552",
        "InArea": "True"
    },
    {
        "x": "465",
        "y": "118",
        "Time": "09:18:55.603",
        "InArea": "True"
    },
    {
        "x": "463",
        "y": "116",
        "Time": "09:18:55.661",
        "InArea": "True"
    },
    {
        "x": "462",
        "y": "115",
        "Time": "09:18:55.704",
        "InArea": "True"
    },
    {
        "x": "462",
        "y": "115",
        "Time": "09:18:55.743",
        "InArea": "True"
    },
    {
        "x": "460",
        "y": "113",
        "Time": "09:18:55.785",
        "InArea": "False"
    }
]