[
    {
        "x": "514",
        "y": "140",
        "Time": "09:36:17.664",
        "InArea": "True"
    },
    {
        "x": "512",
        "y": "140",
        "Time": "09:36:17.710",
        "InArea": "True"
    },
    {
        "x": "510",
        "y": "136",
        "Time": "09:36:17.763",
        "InArea": "True"
    },
    {
        "x": "511",
        "y": "134",
        "Time": "09:36:17.810",
        "InArea": "True"
    },
    {
        "x": "511",
        "y": "134",
        "Time": "09:36:17.863",
        "InArea": "True"
    },
    {
        "x": "511",
        "y": "133",
        "Time": "09:36:17.909",
        "InArea": "True"
    },
    {
        "x": "511",
        "y": "133",
        "Time": "09:36:17.955",
        "InArea": "True"
    },
    {
        "x": "510",
        "y": "132",
        "Time": "09:36:18.006",
        "InArea": "True"
    },
    {
        "x": "509",
        "y": "132",
        "Time": "09:36:18.062",
        "InArea": "True"
    },
    {
        "x": "509",
        "y": "132",
        "Time": "09:36:18.108",
        "InArea": "True"
    },
    {
        "x": "508",
        "y": "131",
        "Time": "09:36:18.166",
        "InArea": "True"
    },
    {
        "x": "507",
        "y": "130",
        "Time": "09:36:18.210",
        "InArea": "True"
    },
    {
        "x": "507",
        "y": "129",
        "Time": "09:36:18.256",
        "InArea": "True"
    },
    {
        "x": "504",
        "y": "129",
        "Time": "09:36:18.302",
        "InArea": "True"
    },
    {
        "x": "502",
        "y": "128",
        "Time": "09:36:18.343",
        "InArea": "True"
    },
    {
        "x": "501",
        "y": "127",
        "Time": "09:36:18.388",
        "InArea": "True"
    },
    {
        "x": "499",
        "y": "126",
        "Time": "09:36:18.444",
        "InArea": "True"
    },
    {
        "x": "498",
        "y": "126",
        "Time": "09:36:18.498",
        "InArea": "True"
    },
    {
        "x": "497",
        "y": "125",
        "Time": "09:36:18.555",
        "InArea": "True"
    },
    {
        "x": "493",
        "y": "125",
        "Time": "09:36:18.608",
        "InArea": "True"
    },
    {
        "x": "490",
        "y": "124",
        "Time": "09:36:18.657",
        "InArea": "True"
    },
    {
        "x": "489",
        "y": "123",
        "Time": "09:36:18.709",
        "InArea": "True"
    },
    {
        "x": "488",
        "y": "122",
        "Time": "09:36:18.756",
        "InArea": "True"
    },
    {
        "x": "487",
        "y": "121",
        "Time": "09:36:18.800",
        "InArea": "True"
    },
    {
        "x": "487",
        "y": "120",
        "Time": "09:36:18.841",
        "InArea": "True"
    },
    {
        "x": "487",
        "y": "120",
        "Time": "09:36:18.886",
        "InArea": "True"
    },
    {
        "x": "486",
        "y": "119",
        "Time": "09:36:18.929",
        "InArea": "True"
    },
    {
        "x": "485",
        "y": "117",
        "Time": "09:36:18.970",
        "InArea": "True"
    },
    {
        "x": "485",
        "y": "116",
        "Time": "09:36:19.016",
        "InArea": "True"
    },
    {
        "x": "484",
        "y": "116",
        "Time": "09:36:19.063",
        "InArea": "True"
    },
    {
        "x": "483",
        "y": "114",
        "Time": "09:36:19.104",
        "InArea": "False"
    },
    {
        "x": "482",
        "y": "113",
        "Time": "09:36:19.153",
        "InArea": "False"
    }
]