[
    {
        "x": "486",
        "y": "137",
        "Time": "10:02:24.807",
        "InArea": "True"
    },
    {
        "x": "486",
        "y": "135",
        "Time": "10:02:24.851",
        "InArea": "True"
    },
    {
        "x": "486",
        "y": "134",
        "Time": "10:02:24.900",
        "InArea": "True"
    },
    {
        "x": "485",
        "y": "133",
        "Time": "10:02:24.948",
        "InArea": "True"
    },
    {
        "x": "484",
        "y": "133",
        "Time": "10:02:24.998",
        "InArea": "True"
    },
    {
        "x": "483",
        "y": "132",
        "Time": "10:02:25.050",
        "InArea": "True"
    },
    {
        "x": "482",
        "y": "132",
        "Time": "10:02:25.100",
        "InArea": "True"
    },
    {
        "x": "481",
        "y": "131",
        "Time": "10:02:25.153",
        "InArea": "True"
    },
    {
        "x": "481",
        "y": "131",
        "Time": "10:02:25.209",
        "InArea": "True"
    },
    {
        "x": "480",
        "y": "131",
        "Time": "10:02:25.260",
        "InArea": "True"
    },
    {
        "x": "479",
        "y": "130",
        "Time": "10:02:25.302",
        "InArea": "True"
    },
    {
        "x": "478",
        "y": "129",
        "Time": "10:02:25.349",
        "InArea": "True"
    },
    {
        "x": "477",
        "y": "129",
        "Time": "10:02:25.398",
        "InArea": "True"
    },
    {
        "x": "475",
        "y": "128",
        "Time": "10:02:25.450",
        "InArea": "True"
    },
    {
        "x": "474",
        "y": "128",
        "Time": "10:02:25.502",
        "InArea": "True"
    },
    {
        "x": "473",
        "y": "127",
        "Time": "10:02:25.545",
        "InArea": "True"
    },
    {
        "x": "472",
        "y": "125",
        "Time": "10:02:25.602",
        "InArea": "True"
    },
    {
        "x": "471",
        "y": "123",
        "Time": "10:02:25.652",
        "InArea": "True"
    },
    {
        "x": "470",
        "y": "122",
        "Time": "10:02:25.694",
        "InArea": "True"
    },
    {
        "x": "469",
        "y": "121",
        "Time": "10:02:25.744",
        "InArea": "True"
    },
    {
        "x": "467",
        "y": "120",
        "Time": "10:02:25.798",
        "InArea": "True"
    },
    {
        "x": "466",
        "y": "120",
        "Time": "10:02:25.857",
        "InArea": "True"
    },
    {
        "x": "465",
        "y": "119",
        "Time": "10:02:25.908",
        "InArea": "True"
    },
    {
        "x": "465",
        "y": "118",
        "Time": "10:02:25.953",
        "InArea": "True"
    },
    {
        "x": "464",
        "y": "117",
        "Time": "10:02:26.000",
        "InArea": "True"
    },
    {
        "x": "463",
        "y": "116",
        "Time": "10:02:26.044",
        "InArea": "True"
    },
    {
        "x": "462",
        "y": "116",
        "Time": "10:02:26.090",
        "InArea": "True"
    },
    {
        "x": "460",
        "y": "116",
        "Time": "10:02:26.136",
        "InArea": "True"
    },
    {
        "x": "459",
        "y": "115",
        "Time": "10:02:26.180",
        "InArea": "True"
    },
    {
        "x": "458",
        "y": "115",
        "Time": "10:02:26.229",
        "InArea": "True"
    },
    {
        "x": "458",
        "y": "115",
        "Time": "10:02:26.272",
        "InArea": "True"
    },
    {
        "x": "456",
        "y": "114",
        "Time": "10:02:26.321",
        "InArea": "False"
    }
]