[
    {
        "x": "496",
        "y": "141",
        "Time": "08:53:18.789",
        "InArea": "True"
    },
    {
        "x": "496",
        "y": "140",
        "Time": "08:53:18.842",
        "InArea": "True"
    },
    {
        "x": "495",
        "y": "140",
        "Time": "08:53:18.888",
        "InArea": "True"
    },
    {
        "x": "494",
        "y": "140",
        "Time": "08:53:18.940",
        "InArea": "True"
    },
    {
        "x": "494",
        "y": "140",
        "Time": "08:53:19.027",
        "InArea": "True"
    },
    {
        "x": "494",
        "y": "140",
        "Time": "08:53:19.072",
        "InArea": "True"
    },
    {
        "x": "494",
        "y": "136",
        "Time": "08:53:19.122",
        "InArea": "True"
    },
    {
        "x": "494",
        "y": "134",
        "Time": "08:53:19.164",
        "InArea": "True"
    },
    {
        "x": "491",
        "y": "133",
        "Time": "08:53:19.213",
        "InArea": "True"
    },
    {
        "x": "490",
        "y": "133",
        "Time": "08:53:19.264",
        "InArea": "True"
    },
    {
        "x": "489",
        "y": "132",
        "Time": "08:53:19.315",
        "InArea": "True"
    },
    {
        "x": "489",
        "y": "132",
        "Time": "08:53:19.399",
        "InArea": "True"
    },
    {
        "x": "489",
        "y": "132",
        "Time": "08:53:19.448",
        "InArea": "True"
    },
    {
        "x": "488",
        "y": "132",
        "Time": "08:53:19.488",
        "InArea": "True"
    },
    {
        "x": "487",
        "y": "130",
        "Time": "08:53:19.533",
        "InArea": "True"
    },
    {
        "x": "486",
        "y": "129",
        "Time": "08:53:19.583",
        "InArea": "True"
    },
    {
        "x": "486",
        "y": "128",
        "Time": "08:53:19.631",
        "InArea": "True"
    },
    {
        "x": "486",
        "y": "127",
        "Time": "08:53:19.677",
        "InArea": "True"
    },
    {
        "x": "486",
        "y": "126",
        "Time": "08:53:19.726",
        "InArea": "True"
    },
    {
        "x": "485",
        "y": "126",
        "Time": "08:53:19.771",
        "InArea": "True"
    },
    {
        "x": "485",
        "y": "126",
        "Time": "08:53:19.808",
        "InArea": "True"
    },
    {
        "x": "485",
        "y": "125",
        "Time": "08:53:19.859",
        "InArea": "True"
    },
    {
        "x": "484",
        "y": "124",
        "Time": "08:53:19.902",
        "InArea": "True"
    },
    {
        "x": "483",
        "y": "122",
        "Time": "08:53:19.952",
        "InArea": "True"
    },
    {
        "x": "483",
        "y": "121",
        "Time": "08:53:19.994",
        "InArea": "True"
    },
    {
        "x": "482",
        "y": "120",
        "Time": "08:53:20.049",
        "InArea": "True"
    },
    {
        "x": "480",
        "y": "119",
        "Time": "08:53:20.100",
        "InArea": "True"
    },
    {
        "x": "478",
        "y": "118",
        "Time": "08:53:20.152",
        "InArea": "True"
    },
    {
        "x": "477",
        "y": "117",
        "Time": "08:53:20.193",
        "InArea": "True"
    },
    {
        "x": "476",
        "y": "116",
        "Time": "08:53:20.243",
        "InArea": "True"
    },
    {
        "x": "475",
        "y": "115",
        "Time": "08:53:20.299",
        "InArea": "False"
    },
    {
        "x": "475",
        "y": "114",
        "Time": "08:53:20.348",
        "InArea": "False"
    }
]