[
    {
        "x": "496",
        "y": "139",
        "Time": "09:47:51.332",
        "InArea": "True"
    },
    {
        "x": "496",
        "y": "139",
        "Time": "09:47:51.378",
        "InArea": "True"
    },
    {
        "x": "496",
        "y": "137",
        "Time": "09:47:51.428",
        "InArea": "True"
    },
    {
        "x": "492",
        "y": "136",
        "Time": "09:47:51.483",
        "InArea": "True"
    },
    {
        "x": "490",
        "y": "135",
        "Time": "09:47:51.525",
        "InArea": "True"
    },
    {
        "x": "489",
        "y": "135",
        "Time": "09:47:51.566",
        "InArea": "True"
    },
    {
        "x": "488",
        "y": "134",
        "Time": "09:47:51.607",
        "InArea": "True"
    },
    {
        "x": "488",
        "y": "133",
        "Time": "09:47:51.654",
        "InArea": "True"
    },
    {
        "x": "487",
        "y": "132",
        "Time": "09:47:51.705",
        "InArea": "True"
    },
    {
        "x": "486",
        "y": "132",
        "Time": "09:47:51.754",
        "InArea": "True"
    },
    {
        "x": "486",
        "y": "132",
        "Time": "09:47:51.797",
        "InArea": "True"
    },
    {
        "x": "485",
        "y": "132",
        "Time": "09:47:51.843",
        "InArea": "True"
    },
    {
        "x": "483",
        "y": "131",
        "Time": "09:47:51.891",
        "InArea": "True"
    },
    {
        "x": "482",
        "y": "130",
        "Time": "09:47:51.932",
        "InArea": "True"
    },
    {
        "x": "481",
        "y": "129",
        "Time": "09:47:51.977",
        "InArea": "True"
    },
    {
        "x": "481",
        "y": "128",
        "Time": "09:47:52.022",
        "InArea": "True"
    },
    {
        "x": "481",
        "y": "127",
        "Time": "09:47:52.065",
        "InArea": "True"
    },
    {
        "x": "480",
        "y": "125",
        "Time": "09:47:52.117",
        "InArea": "True"
    },
    {
        "x": "479",
        "y": "124",
        "Time": "09:47:52.164",
        "InArea": "True"
    },
    {
        "x": "478",
        "y": "123",
        "Time": "09:47:52.207",
        "InArea": "True"
    },
    {
        "x": "475",
        "y": "122",
        "Time": "09:47:52.254",
        "InArea": "True"
    },
    {
        "x": "472",
        "y": "121",
        "Time": "09:47:52.299",
        "InArea": "True"
    },
    {
        "x": "470",
        "y": "121",
        "Time": "09:47:52.349",
        "InArea": "True"
    },
    {
        "x": "469",
        "y": "120",
        "Time": "09:47:52.399",
        "InArea": "True"
    },
    {
        "x": "467",
        "y": "118",
        "Time": "09:47:52.457",
        "InArea": "True"
    },
    {
        "x": "466",
        "y": "117",
        "Time": "09:47:52.510",
        "InArea": "True"
    },
    {
        "x": "465",
        "y": "117",
        "Time": "09:47:52.549",
        "InArea": "True"
    },
    {
        "x": "464",
        "y": "117",
        "Time": "09:47:52.594",
        "InArea": "True"
    },
    {
        "x": "463",
        "y": "116",
        "Time": "09:47:52.636",
        "InArea": "True"
    },
    {
        "x": "462",
        "y": "116",
        "Time": "09:47:52.683",
        "InArea": "True"
    },
    {
        "x": "461",
        "y": "114",
        "Time": "09:47:52.733",
        "InArea": "False"
    },
    {
        "x": "459",
        "y": "113",
        "Time": "09:47:52.788",
        "InArea": "False"
    }
]