[
    {
        "x": "496",
        "y": "133",
        "Time": "09:22:47.006",
        "InArea": "True"
    },
    {
        "x": "495",
        "y": "132",
        "Time": "09:22:47.051",
        "InArea": "True"
    },
    {
        "x": "492",
        "y": "131",
        "Time": "09:22:47.108",
        "InArea": "True"
    },
    {
        "x": "491",
        "y": "131",
        "Time": "09:22:47.164",
        "InArea": "True"
    },
    {
        "x": "489",
        "y": "130",
        "Time": "09:22:47.221",
        "InArea": "True"
    },
    {
        "x": "489",
        "y": "129",
        "Time": "09:22:47.265",
        "InArea": "True"
    },
    {
        "x": "488",
        "y": "128",
        "Time": "09:22:47.310",
        "InArea": "True"
    },
    {
        "x": "488",
        "y": "128",
        "Time": "09:22:47.401",
        "InArea": "True"
    },
    {
        "x": "487",
        "y": "128",
        "Time": "09:22:47.449",
        "InArea": "True"
    },
    {
        "x": "487",
        "y": "127",
        "Time": "09:22:47.494",
        "InArea": "True"
    },
    {
        "x": "486",
        "y": "126",
        "Time": "09:22:47.540",
        "InArea": "True"
    },
    {
        "x": "486",
        "y": "126",
        "Time": "09:22:47.588",
        "InArea": "True"
    },
    {
        "x": "485",
        "y": "126",
        "Time": "09:22:47.639",
        "InArea": "True"
    },
    {
        "x": "484",
        "y": "127",
        "Time": "09:22:47.687",
        "InArea": "True"
    },
    {
        "x": "484",
        "y": "126",
        "Time": "09:22:47.734",
        "InArea": "True"
    },
    {
        "x": "483",
        "y": "125",
        "Time": "09:22:47.777",
        "InArea": "True"
    },
    {
        "x": "483",
        "y": "124",
        "Time": "09:22:47.815",
        "InArea": "True"
    },
    {
        "x": "483",
        "y": "123",
        "Time": "09:22:47.859",
        "InArea": "True"
    },
    {
        "x": "482",
        "y": "123",
        "Time": "09:22:47.904",
        "InArea": "True"
    },
    {
        "x": "482",
        "y": "122",
        "Time": "09:22:47.952",
        "InArea": "True"
    },
    {
        "x": "481",
        "y": "122",
        "Time": "09:22:47.995",
        "InArea": "True"
    },
    {
        "x": "481",
        "y": "121",
        "Time": "09:22:48.037",
        "InArea": "True"
    },
    {
        "x": "479",
        "y": "121",
        "Time": "09:22:48.088",
        "InArea": "True"
    },
    {
        "x": "476",
        "y": "120",
        "Time": "09:22:48.137",
        "InArea": "True"
    },
    {
        "x": "474",
        "y": "119",
        "Time": "09:22:48.186",
        "InArea": "True"
    },
    {
        "x": "472",
        "y": "118",
        "Time": "09:22:48.229",
        "InArea": "True"
    },
    {
        "x": "471",
        "y": "117",
        "Time": "09:22:48.272",
        "InArea": "True"
    },
    {
        "x": "470",
        "y": "116",
        "Time": "09:22:48.318",
        "InArea": "True"
    },
    {
        "x": "469",
        "y": "115",
        "Time": "09:22:48.367",
        "InArea": "True"
    },
    {
        "x": "469",
        "y": "115",
        "Time": "09:22:48.404",
        "InArea": "True"
    },
    {
        "x": "468",
        "y": "115",
        "Time": "09:22:48.452",
        "InArea": "True"
    },
    {
        "x": "467",
        "y": "114",
        "Time": "09:22:48.500",
        "InArea": "False"
    }
]