[
    {
        "x": "483",
        "y": "139",
        "Time": "08:15:58.280",
        "InArea": "True"
    },
    {
        "x": "483",
        "y": "137",
        "Time": "08:15:58.320",
        "InArea": "True"
    },
    {
        "x": "484",
        "y": "136",
        "Time": "08:15:58.366",
        "InArea": "True"
    },
    {
        "x": "484",
        "y": "135",
        "Time": "08:15:58.409",
        "InArea": "True"
    },
    {
        "x": "484",
        "y": "135",
        "Time": "08:15:58.457",
        "InArea": "True"
    },
    {
        "x": "484",
        "y": "134",
        "Time": "08:15:58.495",
        "InArea": "True"
    },
    {
        "x": "483",
        "y": "134",
        "Time": "08:15:58.541",
        "InArea": "True"
    },
    {
        "x": "483",
        "y": "133",
        "Time": "08:15:58.589",
        "InArea": "True"
    },
    {
        "x": "482",
        "y": "133",
        "Time": "08:15:58.630",
        "InArea": "True"
    },
    {
        "x": "481",
        "y": "133",
        "Time": "08:15:58.677",
        "InArea": "True"
    },
    {
        "x": "479",
        "y": "132",
        "Time": "08:15:58.729",
        "InArea": "True"
    },
    {
        "x": "478",
        "y": "131",
        "Time": "08:15:58.768",
        "InArea": "True"
    },
    {
        "x": "477",
        "y": "131",
        "Time": "08:15:58.807",
        "InArea": "True"
    },
    {
        "x": "476",
        "y": "131",
        "Time": "08:15:58.850",
        "InArea": "True"
    },
    {
        "x": "474",
        "y": "130",
        "Time": "08:15:58.901",
        "InArea": "True"
    },
    {
        "x": "473",
        "y": "129",
        "Time": "08:15:58.941",
        "InArea": "True"
    },
    {
        "x": "472",
        "y": "128",
        "Time": "08:15:58.984",
        "InArea": "True"
    },
    {
        "x": "470",
        "y": "127",
        "Time": "08:15:59.028",
        "InArea": "True"
    },
    {
        "x": "470",
        "y": "126",
        "Time": "08:15:59.071",
        "InArea": "True"
    },
    {
        "x": "469",
        "y": "126",
        "Time": "08:15:59.110",
        "InArea": "True"
    },
    {
        "x": "469",
        "y": "124",
        "Time": "08:15:59.155",
        "InArea": "True"
    },
    {
        "x": "468",
        "y": "123",
        "Time": "08:15:59.207",
        "InArea": "True"
    },
    {
        "x": "465",
        "y": "122",
        "Time": "08:15:59.259",
        "InArea": "True"
    },
    {
        "x": "464",
        "y": "120",
        "Time": "08:15:59.314",
        "InArea": "True"
    },
    {
        "x": "463",
        "y": "119",
        "Time": "08:15:59.355",
        "InArea": "True"
    },
    {
        "x": "462",
        "y": "118",
        "Time": "08:15:59.404",
        "InArea": "True"
    },
    {
        "x": "461",
        "y": "118",
        "Time": "08:15:59.441",
        "InArea": "True"
    },
    {
        "x": "460",
        "y": "117",
        "Time": "08:15:59.490",
        "InArea": "True"
    },
    {
        "x": "460",
        "y": "116",
        "Time": "08:15:59.546",
        "InArea": "True"
    },
    {
        "x": "459",
        "y": "116",
        "Time": "08:15:59.600",
        "InArea": "True"
    },
    {
        "x": "457",
        "y": "115",
        "Time": "08:15:59.649",
        "InArea": "True"
    },
    {
        "x": "454",
        "y": "113",
        "Time": "08:15:59.696",
        "InArea": "False"
    }
]