[
    {
        "x": "488",
        "y": "133",
        "Time": "10:18:09.526",
        "InArea": "True"
    },
    {
        "x": "488",
        "y": "132",
        "Time": "10:18:09.584",
        "InArea": "True"
    },
    {
        "x": "488",
        "y": "132",
        "Time": "10:18:09.637",
        "InArea": "True"
    },
    {
        "x": "488",
        "y": "131",
        "Time": "10:18:09.686",
        "InArea": "True"
    },
    {
        "x": "487",
        "y": "130",
        "Time": "10:18:09.742",
        "InArea": "True"
    },
    {
        "x": "487",
        "y": "130",
        "Time": "10:18:09.785",
        "InArea": "True"
    },
    {
        "x": "486",
        "y": "130",
        "Time": "10:18:09.833",
        "InArea": "True"
    },
    {
        "x": "485",
        "y": "130",
        "Time": "10:18:09.881",
        "InArea": "True"
    },
    {
        "x": "485",
        "y": "130",
        "Time": "10:18:09.931",
        "InArea": "True"
    },
    {
        "x": "485",
        "y": "129",
        "Time": "10:18:09.981",
        "InArea": "True"
    },
    {
        "x": "485",
        "y": "130",
        "Time": "10:18:10.033",
        "InArea": "True"
    },
    {
        "x": "484",
        "y": "129",
        "Time": "10:18:10.091",
        "InArea": "True"
    },
    {
        "x": "483",
        "y": "128",
        "Time": "10:18:10.152",
        "InArea": "True"
    },
    {
        "x": "483",
        "y": "127",
        "Time": "10:18:10.207",
        "InArea": "True"
    },
    {
        "x": "482",
        "y": "126",
        "Time": "10:18:10.259",
        "InArea": "True"
    },
    {
        "x": "482",
        "y": "125",
        "Time": "10:18:10.308",
        "InArea": "True"
    },
    {
        "x": "482",
        "y": "124",
        "Time": "10:18:10.354",
        "InArea": "True"
    },
    {
        "x": "482",
        "y": "123",
        "Time": "10:18:10.395",
        "InArea": "True"
    },
    {
        "x": "481",
        "y": "123",
        "Time": "10:18:10.453",
        "InArea": "True"
    },
    {
        "x": "480",
        "y": "121",
        "Time": "10:18:10.511",
        "InArea": "True"
    },
    {
        "x": "479",
        "y": "120",
        "Time": "10:18:10.568",
        "InArea": "True"
    },
    {
        "x": "478",
        "y": "120",
        "Time": "10:18:10.613",
        "InArea": "True"
    },
    {
        "x": "477",
        "y": "119",
        "Time": "10:18:10.660",
        "InArea": "True"
    },
    {
        "x": "476",
        "y": "118",
        "Time": "10:18:10.703",
        "InArea": "True"
    },
    {
        "x": "476",
        "y": "118",
        "Time": "10:18:10.747",
        "InArea": "True"
    },
    {
        "x": "475",
        "y": "117",
        "Time": "10:18:10.790",
        "InArea": "True"
    },
    {
        "x": "475",
        "y": "117",
        "Time": "10:18:10.832",
        "InArea": "True"
    },
    {
        "x": "474",
        "y": "116",
        "Time": "10:18:10.877",
        "InArea": "True"
    },
    {
        "x": "473",
        "y": "116",
        "Time": "10:18:10.922",
        "InArea": "True"
    },
    {
        "x": "472",
        "y": "116",
        "Time": "10:18:10.970",
        "InArea": "True"
    },
    {
        "x": "471",
        "y": "115",
        "Time": "10:18:11.020",
        "InArea": "True"
    },
    {
        "x": "470",
        "y": "114",
        "Time": "10:18:11.064",
        "InArea": "False"
    }
]