[
    {
        "x": "498",
        "y": "127",
        "Time": "16:03:55.435",
        "InArea": "True"
    },
    {
        "x": "498",
        "y": "127",
        "Time": "16:03:55.475",
        "InArea": "True"
    },
    {
        "x": "497",
        "y": "127",
        "Time": "16:03:55.524",
        "InArea": "True"
    },
    {
        "x": "497",
        "y": "128",
        "Time": "16:03:55.573",
        "InArea": "True"
    },
    {
        "x": "497",
        "y": "127",
        "Time": "16:03:55.615",
        "InArea": "True"
    },
    {
        "x": "497",
        "y": "127",
        "Time": "16:03:55.661",
        "InArea": "True"
    },
    {
        "x": "492",
        "y": "126",
        "Time": "16:03:55.703",
        "InArea": "True"
    },
    {
        "x": "489",
        "y": "126",
        "Time": "16:03:55.744",
        "InArea": "True"
    },
    {
        "x": "488",
        "y": "126",
        "Time": "16:03:55.791",
        "InArea": "True"
    },
    {
        "x": "487",
        "y": "125",
        "Time": "16:03:55.835",
        "InArea": "True"
    },
    {
        "x": "487",
        "y": "125",
        "Time": "16:03:55.887",
        "InArea": "True"
    },
    {
        "x": "486",
        "y": "125",
        "Time": "16:03:55.930",
        "InArea": "True"
    },
    {
        "x": "485",
        "y": "125",
        "Time": "16:03:55.971",
        "InArea": "True"
    },
    {
        "x": "485",
        "y": "125",
        "Time": "16:03:56.015",
        "InArea": "True"
    },
    {
        "x": "485",
        "y": "124",
        "Time": "16:03:56.055",
        "InArea": "True"
    },
    {
        "x": "485",
        "y": "124",
        "Time": "16:03:56.094",
        "InArea": "True"
    },
    {
        "x": "485",
        "y": "124",
        "Time": "16:03:56.137",
        "InArea": "True"
    },
    {
        "x": "485",
        "y": "124",
        "Time": "16:03:56.186",
        "InArea": "True"
    },
    {
        "x": "485",
        "y": "123",
        "Time": "16:03:56.232",
        "InArea": "True"
    },
    {
        "x": "484",
        "y": "122",
        "Time": "16:03:56.274",
        "InArea": "True"
    },
    {
        "x": "483",
        "y": "122",
        "Time": "16:03:56.323",
        "InArea": "True"
    },
    {
        "x": "482",
        "y": "122",
        "Time": "16:03:56.369",
        "InArea": "True"
    },
    {
        "x": "482",
        "y": "121",
        "Time": "16:03:56.414",
        "InArea": "True"
    },
    {
        "x": "482",
        "y": "120",
        "Time": "16:03:56.458",
        "InArea": "True"
    },
    {
        "x": "482",
        "y": "120",
        "Time": "16:03:56.505",
        "InArea": "True"
    },
    {
        "x": "481",
        "y": "119",
        "Time": "16:03:56.562",
        "InArea": "True"
    },
    {
        "x": "481",
        "y": "118",
        "Time": "16:03:56.609",
        "InArea": "True"
    },
    {
        "x": "481",
        "y": "118",
        "Time": "16:03:56.697",
        "InArea": "True"
    },
    {
        "x": "480",
        "y": "117",
        "Time": "16:03:56.748",
        "InArea": "True"
    },
    {
        "x": "479",
        "y": "116",
        "Time": "16:03:56.788",
        "InArea": "True"
    },
    {
        "x": "478",
        "y": "115",
        "Time": "16:03:56.837",
        "InArea": "True"
    },
    {
        "x": "476",
        "y": "114",
        "Time": "16:03:56.884",
        "InArea": "False"
    }
]