[
    {
        "x": "484",
        "y": "139",
        "Time": "07:40:08.971",
        "InArea": "True"
    },
    {
        "x": "484",
        "y": "139",
        "Time": "07:40:09.049",
        "InArea": "True"
    },
    {
        "x": "484",
        "y": "136",
        "Time": "07:40:09.097",
        "InArea": "True"
    },
    {
        "x": "484",
        "y": "135",
        "Time": "07:40:09.132",
        "InArea": "True"
    },
    {
        "x": "484",
        "y": "135",
        "Time": "07:40:09.173",
        "InArea": "True"
    },
    {
        "x": "483",
        "y": "134",
        "Time": "07:40:09.219",
        "InArea": "True"
    },
    {
        "x": "483",
        "y": "134",
        "Time": "07:40:09.262",
        "InArea": "True"
    },
    {
        "x": "483",
        "y": "133",
        "Time": "07:40:09.306",
        "InArea": "True"
    },
    {
        "x": "483",
        "y": "133",
        "Time": "07:40:09.352",
        "InArea": "True"
    },
    {
        "x": "482",
        "y": "132",
        "Time": "07:40:09.399",
        "InArea": "True"
    },
    {
        "x": "482",
        "y": "131",
        "Time": "07:40:09.441",
        "InArea": "True"
    },
    {
        "x": "481",
        "y": "131",
        "Time": "07:40:09.489",
        "InArea": "True"
    },
    {
        "x": "480",
        "y": "131",
        "Time": "07:40:09.535",
        "InArea": "True"
    },
    {
        "x": "479",
        "y": "130",
        "Time": "07:40:09.584",
        "InArea": "True"
    },
    {
        "x": "478",
        "y": "130",
        "Time": "07:40:09.622",
        "InArea": "True"
    },
    {
        "x": "477",
        "y": "129",
        "Time": "07:40:09.666",
        "InArea": "True"
    },
    {
        "x": "476",
        "y": "128",
        "Time": "07:40:09.703",
        "InArea": "True"
    },
    {
        "x": "475",
        "y": "128",
        "Time": "07:40:09.750",
        "InArea": "True"
    },
    {
        "x": "474",
        "y": "128",
        "Time": "07:40:09.800",
        "InArea": "True"
    },
    {
        "x": "473",
        "y": "127",
        "Time": "07:40:09.856",
        "InArea": "True"
    },
    {
        "x": "472",
        "y": "126",
        "Time": "07:40:09.900",
        "InArea": "True"
    },
    {
        "x": "471",
        "y": "125",
        "Time": "07:40:09.941",
        "InArea": "True"
    },
    {
        "x": "468",
        "y": "123",
        "Time": "07:40:10.361",
        "InArea": "True"
    },
    {
        "x": "466",
        "y": "122",
        "Time": "07:40:10.415",
        "InArea": "True"
    },
    {
        "x": "465",
        "y": "119",
        "Time": "07:40:10.472",
        "InArea": "True"
    },
    {
        "x": "465",
        "y": "118",
        "Time": "07:40:10.514",
        "InArea": "True"
    },
    {
        "x": "465",
        "y": "118",
        "Time": "07:40:10.566",
        "InArea": "True"
    },
    {
        "x": "465",
        "y": "117",
        "Time": "07:40:10.603",
        "InArea": "True"
    },
    {
        "x": "464",
        "y": "115",
        "Time": "07:40:10.653",
        "InArea": "False"
    },
    {
        "x": "463",
        "y": "115",
        "Time": "07:40:10.695",
        "InArea": "True"
    },
    {
        "x": "462",
        "y": "115",
        "Time": "07:40:10.732",
        "InArea": "True"
    },
    {
        "x": "461",
        "y": "114",
        "Time": "07:40:10.770",
        "InArea": "False"
    }
]