[
    {
        "x": "494",
        "y": "138",
        "Time": "09:24:12.412",
        "InArea": "True"
    },
    {
        "x": "495",
        "y": "137",
        "Time": "09:24:12.460",
        "InArea": "True"
    },
    {
        "x": "495",
        "y": "135",
        "Time": "09:24:12.501",
        "InArea": "True"
    },
    {
        "x": "495",
        "y": "134",
        "Time": "09:24:12.546",
        "InArea": "True"
    },
    {
        "x": "492",
        "y": "133",
        "Time": "09:24:12.591",
        "InArea": "True"
    },
    {
        "x": "489",
        "y": "133",
        "Time": "09:24:12.642",
        "InArea": "True"
    },
    {
        "x": "488",
        "y": "133",
        "Time": "09:24:12.697",
        "InArea": "True"
    },
    {
        "x": "488",
        "y": "133",
        "Time": "09:24:12.751",
        "InArea": "True"
    },
    {
        "x": "487",
        "y": "132",
        "Time": "09:24:12.802",
        "InArea": "True"
    },
    {
        "x": "486",
        "y": "131",
        "Time": "09:24:12.852",
        "InArea": "True"
    },
    {
        "x": "485",
        "y": "130",
        "Time": "09:24:12.898",
        "InArea": "True"
    },
    {
        "x": "485",
        "y": "130",
        "Time": "09:24:12.946",
        "InArea": "True"
    },
    {
        "x": "484",
        "y": "130",
        "Time": "09:24:12.996",
        "InArea": "True"
    },
    {
        "x": "483",
        "y": "130",
        "Time": "09:24:13.045",
        "InArea": "True"
    },
    {
        "x": "482",
        "y": "130",
        "Time": "09:24:13.089",
        "InArea": "True"
    },
    {
        "x": "482",
        "y": "129",
        "Time": "09:24:13.141",
        "InArea": "True"
    },
    {
        "x": "481",
        "y": "128",
        "Time": "09:24:13.192",
        "InArea": "True"
    },
    {
        "x": "480",
        "y": "127",
        "Time": "09:24:13.239",
        "InArea": "True"
    },
    {
        "x": "479",
        "y": "125",
        "Time": "09:24:13.293",
        "InArea": "True"
    },
    {
        "x": "478",
        "y": "124",
        "Time": "09:24:13.344",
        "InArea": "True"
    },
    {
        "x": "477",
        "y": "123",
        "Time": "09:24:13.388",
        "InArea": "True"
    },
    {
        "x": "476",
        "y": "122",
        "Time": "09:24:13.432",
        "InArea": "True"
    },
    {
        "x": "475",
        "y": "121",
        "Time": "09:24:13.471",
        "InArea": "True"
    },
    {
        "x": "473",
        "y": "120",
        "Time": "09:24:13.522",
        "InArea": "True"
    },
    {
        "x": "471",
        "y": "119",
        "Time": "09:24:13.570",
        "InArea": "True"
    },
    {
        "x": "469",
        "y": "119",
        "Time": "09:24:13.627",
        "InArea": "True"
    },
    {
        "x": "468",
        "y": "118",
        "Time": "09:24:13.677",
        "InArea": "True"
    },
    {
        "x": "467",
        "y": "117",
        "Time": "09:24:13.733",
        "InArea": "True"
    },
    {
        "x": "467",
        "y": "117",
        "Time": "09:24:13.778",
        "InArea": "True"
    },
    {
        "x": "466",
        "y": "116",
        "Time": "09:24:13.823",
        "InArea": "True"
    },
    {
        "x": "464",
        "y": "115",
        "Time": "09:24:13.864",
        "InArea": "True"
    },
    {
        "x": "463",
        "y": "114",
        "Time": "09:24:13.915",
        "InArea": "False"
    }
]