[
    {
        "x": "488",
        "y": "140",
        "Time": "09:20:40.303",
        "InArea": "True"
    },
    {
        "x": "488",
        "y": "140",
        "Time": "09:20:40.349",
        "InArea": "True"
    },
    {
        "x": "487",
        "y": "140",
        "Time": "09:20:40.396",
        "InArea": "True"
    },
    {
        "x": "486",
        "y": "140",
        "Time": "09:20:40.444",
        "InArea": "True"
    },
    {
        "x": "485",
        "y": "139",
        "Time": "09:20:40.487",
        "InArea": "True"
    },
    {
        "x": "485",
        "y": "138",
        "Time": "09:20:40.530",
        "InArea": "True"
    },
    {
        "x": "485",
        "y": "138",
        "Time": "09:20:40.573",
        "InArea": "True"
    },
    {
        "x": "485",
        "y": "136",
        "Time": "09:20:40.616",
        "InArea": "True"
    },
    {
        "x": "485",
        "y": "135",
        "Time": "09:20:40.660",
        "InArea": "True"
    },
    {
        "x": "484",
        "y": "134",
        "Time": "09:20:40.704",
        "InArea": "True"
    },
    {
        "x": "484",
        "y": "133",
        "Time": "09:20:40.750",
        "InArea": "True"
    },
    {
        "x": "484",
        "y": "133",
        "Time": "09:20:40.789",
        "InArea": "True"
    },
    {
        "x": "483",
        "y": "133",
        "Time": "09:20:40.835",
        "InArea": "True"
    },
    {
        "x": "481",
        "y": "132",
        "Time": "09:20:40.882",
        "InArea": "True"
    },
    {
        "x": "479",
        "y": "131",
        "Time": "09:20:40.924",
        "InArea": "True"
    },
    {
        "x": "478",
        "y": "130",
        "Time": "09:20:40.966",
        "InArea": "True"
    },
    {
        "x": "477",
        "y": "129",
        "Time": "09:20:41.016",
        "InArea": "True"
    },
    {
        "x": "476",
        "y": "127",
        "Time": "09:20:41.064",
        "InArea": "True"
    },
    {
        "x": "474",
        "y": "125",
        "Time": "09:20:41.108",
        "InArea": "True"
    },
    {
        "x": "473",
        "y": "124",
        "Time": "09:20:41.147",
        "InArea": "True"
    },
    {
        "x": "472",
        "y": "123",
        "Time": "09:20:41.194",
        "InArea": "True"
    },
    {
        "x": "470",
        "y": "122",
        "Time": "09:20:41.235",
        "InArea": "True"
    },
    {
        "x": "469",
        "y": "122",
        "Time": "09:20:41.283",
        "InArea": "True"
    },
    {
        "x": "467",
        "y": "121",
        "Time": "09:20:41.338",
        "InArea": "True"
    },
    {
        "x": "466",
        "y": "121",
        "Time": "09:20:41.381",
        "InArea": "True"
    },
    {
        "x": "466",
        "y": "119",
        "Time": "09:20:41.429",
        "InArea": "True"
    },
    {
        "x": "465",
        "y": "119",
        "Time": "09:20:41.468",
        "InArea": "True"
    },
    {
        "x": "463",
        "y": "119",
        "Time": "09:20:41.507",
        "InArea": "True"
    },
    {
        "x": "462",
        "y": "118",
        "Time": "09:20:41.566",
        "InArea": "True"
    },
    {
        "x": "459",
        "y": "117",
        "Time": "09:20:41.618",
        "InArea": "True"
    },
    {
        "x": "457",
        "y": "115",
        "Time": "09:20:41.660",
        "InArea": "False"
    },
    {
        "x": "456",
        "y": "114",
        "Time": "09:20:41.701",
        "InArea": "False"
    }
]