[
    {
        "x": "489",
        "y": "141",
        "Time": "09:07:23.065",
        "InArea": "True"
    },
    {
        "x": "488",
        "y": "140",
        "Time": "09:07:23.117",
        "InArea": "True"
    },
    {
        "x": "487",
        "y": "139",
        "Time": "09:07:23.159",
        "InArea": "True"
    },
    {
        "x": "486",
        "y": "139",
        "Time": "09:07:23.202",
        "InArea": "True"
    },
    {
        "x": "486",
        "y": "139",
        "Time": "09:07:23.254",
        "InArea": "True"
    },
    {
        "x": "485",
        "y": "138",
        "Time": "09:07:23.299",
        "InArea": "True"
    },
    {
        "x": "484",
        "y": "138",
        "Time": "09:07:23.345",
        "InArea": "True"
    },
    {
        "x": "484",
        "y": "138",
        "Time": "09:07:23.392",
        "InArea": "True"
    },
    {
        "x": "485",
        "y": "136",
        "Time": "09:07:23.442",
        "InArea": "True"
    },
    {
        "x": "484",
        "y": "135",
        "Time": "09:07:23.483",
        "InArea": "True"
    },
    {
        "x": "483",
        "y": "134",
        "Time": "09:07:23.525",
        "InArea": "True"
    },
    {
        "x": "482",
        "y": "133",
        "Time": "09:07:23.570",
        "InArea": "True"
    },
    {
        "x": "481",
        "y": "133",
        "Time": "09:07:23.617",
        "InArea": "True"
    },
    {
        "x": "480",
        "y": "133",
        "Time": "09:07:23.661",
        "InArea": "True"
    },
    {
        "x": "479",
        "y": "132",
        "Time": "09:07:23.708",
        "InArea": "True"
    },
    {
        "x": "479",
        "y": "131",
        "Time": "09:07:23.768",
        "InArea": "True"
    },
    {
        "x": "476",
        "y": "130",
        "Time": "09:07:23.811",
        "InArea": "True"
    },
    {
        "x": "474",
        "y": "129",
        "Time": "09:07:23.855",
        "InArea": "True"
    },
    {
        "x": "474",
        "y": "128",
        "Time": "09:07:23.899",
        "InArea": "True"
    },
    {
        "x": "473",
        "y": "127",
        "Time": "09:07:23.957",
        "InArea": "True"
    },
    {
        "x": "472",
        "y": "126",
        "Time": "09:07:24.020",
        "InArea": "True"
    },
    {
        "x": "471",
        "y": "125",
        "Time": "09:07:24.071",
        "InArea": "True"
    },
    {
        "x": "469",
        "y": "123",
        "Time": "09:07:24.122",
        "InArea": "True"
    },
    {
        "x": "467",
        "y": "122",
        "Time": "09:07:24.164",
        "InArea": "True"
    },
    {
        "x": "466",
        "y": "120",
        "Time": "09:07:24.212",
        "InArea": "True"
    },
    {
        "x": "465",
        "y": "119",
        "Time": "09:07:24.260",
        "InArea": "True"
    },
    {
        "x": "464",
        "y": "119",
        "Time": "09:07:24.316",
        "InArea": "True"
    },
    {
        "x": "462",
        "y": "118",
        "Time": "09:07:24.373",
        "InArea": "True"
    },
    {
        "x": "461",
        "y": "117",
        "Time": "09:07:24.425",
        "InArea": "True"
    },
    {
        "x": "460",
        "y": "116",
        "Time": "09:07:24.475",
        "InArea": "True"
    },
    {
        "x": "458",
        "y": "114",
        "Time": "09:07:24.529",
        "InArea": "False"
    },
    {
        "x": "456",
        "y": "112",
        "Time": "09:07:24.581",
        "InArea": "False"
    }
]