[
    {
        "x": "496",
        "y": "139",
        "Time": "09:09:30.938",
        "InArea": "True"
    },
    {
        "x": "496",
        "y": "139",
        "Time": "09:09:30.982",
        "InArea": "True"
    },
    {
        "x": "496",
        "y": "139",
        "Time": "09:09:31.020",
        "InArea": "True"
    },
    {
        "x": "496",
        "y": "139",
        "Time": "09:09:31.109",
        "InArea": "True"
    },
    {
        "x": "495",
        "y": "139",
        "Time": "09:09:31.152",
        "InArea": "True"
    },
    {
        "x": "496",
        "y": "136",
        "Time": "09:09:31.198",
        "InArea": "True"
    },
    {
        "x": "496",
        "y": "134",
        "Time": "09:09:31.247",
        "InArea": "True"
    },
    {
        "x": "495",
        "y": "134",
        "Time": "09:09:31.290",
        "InArea": "True"
    },
    {
        "x": "492",
        "y": "132",
        "Time": "09:09:31.338",
        "InArea": "True"
    },
    {
        "x": "490",
        "y": "131",
        "Time": "09:09:31.378",
        "InArea": "True"
    },
    {
        "x": "489",
        "y": "131",
        "Time": "09:09:31.419",
        "InArea": "True"
    },
    {
        "x": "489",
        "y": "131",
        "Time": "09:09:31.462",
        "InArea": "True"
    },
    {
        "x": "487",
        "y": "131",
        "Time": "09:09:31.507",
        "InArea": "True"
    },
    {
        "x": "485",
        "y": "130",
        "Time": "09:09:31.550",
        "InArea": "True"
    },
    {
        "x": "484",
        "y": "129",
        "Time": "09:09:31.593",
        "InArea": "True"
    },
    {
        "x": "483",
        "y": "128",
        "Time": "09:09:31.644",
        "InArea": "True"
    },
    {
        "x": "481",
        "y": "127",
        "Time": "09:09:31.696",
        "InArea": "True"
    },
    {
        "x": "478",
        "y": "127",
        "Time": "09:09:31.736",
        "InArea": "True"
    },
    {
        "x": "475",
        "y": "126",
        "Time": "09:09:31.781",
        "InArea": "True"
    },
    {
        "x": "473",
        "y": "125",
        "Time": "09:09:31.827",
        "InArea": "True"
    },
    {
        "x": "472",
        "y": "124",
        "Time": "09:09:31.866",
        "InArea": "True"
    },
    {
        "x": "469",
        "y": "122",
        "Time": "09:09:31.914",
        "InArea": "True"
    },
    {
        "x": "466",
        "y": "121",
        "Time": "09:09:31.955",
        "InArea": "True"
    },
    {
        "x": "465",
        "y": "119",
        "Time": "09:09:32.001",
        "InArea": "True"
    },
    {
        "x": "464",
        "y": "118",
        "Time": "09:09:32.042",
        "InArea": "True"
    },
    {
        "x": "463",
        "y": "118",
        "Time": "09:09:32.081",
        "InArea": "True"
    },
    {
        "x": "461",
        "y": "117",
        "Time": "09:09:32.126",
        "InArea": "True"
    },
    {
        "x": "459",
        "y": "117",
        "Time": "09:09:32.171",
        "InArea": "True"
    },
    {
        "x": "457",
        "y": "116",
        "Time": "09:09:32.224",
        "InArea": "True"
    },
    {
        "x": "456",
        "y": "116",
        "Time": "09:09:32.273",
        "InArea": "True"
    },
    {
        "x": "454",
        "y": "115",
        "Time": "09:09:32.322",
        "InArea": "False"
    },
    {
        "x": "451",
        "y": "113",
        "Time": "09:09:32.368",
        "InArea": "False"
    }
]