[
    {
        "x": "481",
        "y": "136",
        "Time": "08:40:24.876",
        "InArea": "True"
    },
    {
        "x": "481",
        "y": "135",
        "Time": "08:40:24.933",
        "InArea": "True"
    },
    {
        "x": "481",
        "y": "134",
        "Time": "08:40:24.988",
        "InArea": "True"
    },
    {
        "x": "480",
        "y": "133",
        "Time": "08:40:25.036",
        "InArea": "True"
    },
    {
        "x": "480",
        "y": "133",
        "Time": "08:40:25.089",
        "InArea": "True"
    },
    {
        "x": "479",
        "y": "133",
        "Time": "08:40:25.137",
        "InArea": "True"
    },
    {
        "x": "478",
        "y": "133",
        "Time": "08:40:25.193",
        "InArea": "True"
    },
    {
        "x": "477",
        "y": "132",
        "Time": "08:40:25.232",
        "InArea": "True"
    },
    {
        "x": "477",
        "y": "131",
        "Time": "08:40:25.274",
        "InArea": "True"
    },
    {
        "x": "476",
        "y": "131",
        "Time": "08:40:25.317",
        "InArea": "True"
    },
    {
        "x": "475",
        "y": "131",
        "Time": "08:40:25.358",
        "InArea": "True"
    },
    {
        "x": "475",
        "y": "130",
        "Time": "08:40:25.402",
        "InArea": "True"
    },
    {
        "x": "474",
        "y": "130",
        "Time": "08:40:25.450",
        "InArea": "True"
    },
    {
        "x": "473",
        "y": "129",
        "Time": "08:40:25.494",
        "InArea": "True"
    },
    {
        "x": "472",
        "y": "129",
        "Time": "08:40:25.540",
        "InArea": "True"
    },
    {
        "x": "471",
        "y": "127",
        "Time": "08:40:25.586",
        "InArea": "True"
    },
    {
        "x": "470",
        "y": "126",
        "Time": "08:40:25.632",
        "InArea": "True"
    },
    {
        "x": "469",
        "y": "125",
        "Time": "08:40:25.671",
        "InArea": "True"
    },
    {
        "x": "468",
        "y": "124",
        "Time": "08:40:25.719",
        "InArea": "True"
    },
    {
        "x": "468",
        "y": "123",
        "Time": "08:40:25.764",
        "InArea": "True"
    },
    {
        "x": "466",
        "y": "122",
        "Time": "08:40:25.819",
        "InArea": "True"
    },
    {
        "x": "465",
        "y": "121",
        "Time": "08:40:25.860",
        "InArea": "True"
    },
    {
        "x": "465",
        "y": "120",
        "Time": "08:40:25.911",
        "InArea": "True"
    },
    {
        "x": "463",
        "y": "119",
        "Time": "08:40:25.959",
        "InArea": "True"
    },
    {
        "x": "462",
        "y": "119",
        "Time": "08:40:26.008",
        "InArea": "True"
    },
    {
        "x": "462",
        "y": "118",
        "Time": "08:40:26.056",
        "InArea": "True"
    },
    {
        "x": "461",
        "y": "118",
        "Time": "08:40:26.112",
        "InArea": "True"
    },
    {
        "x": "460",
        "y": "118",
        "Time": "08:40:26.160",
        "InArea": "True"
    },
    {
        "x": "459",
        "y": "117",
        "Time": "08:40:26.201",
        "InArea": "True"
    },
    {
        "x": "457",
        "y": "116",
        "Time": "08:40:26.244",
        "InArea": "True"
    },
    {
        "x": "456",
        "y": "115",
        "Time": "08:40:26.285",
        "InArea": "False"
    },
    {
        "x": "453",
        "y": "113",
        "Time": "08:40:26.325",
        "InArea": "False"
    }
]