[
    {
        "x": "484",
        "y": "138",
        "Time": "06:33:05.477",
        "InArea": "True"
    },
    {
        "x": "485",
        "y": "136",
        "Time": "06:33:05.520",
        "InArea": "True"
    },
    {
        "x": "485",
        "y": "135",
        "Time": "06:33:05.568",
        "InArea": "True"
    },
    {
        "x": "485",
        "y": "135",
        "Time": "06:33:05.649",
        "InArea": "True"
    },
    {
        "x": "484",
        "y": "135",
        "Time": "06:33:05.689",
        "InArea": "True"
    },
    {
        "x": "484",
        "y": "134",
        "Time": "06:33:05.735",
        "InArea": "True"
    },
    {
        "x": "483",
        "y": "133",
        "Time": "06:33:05.781",
        "InArea": "True"
    },
    {
        "x": "482",
        "y": "133",
        "Time": "06:33:05.824",
        "InArea": "True"
    },
    {
        "x": "482",
        "y": "133",
        "Time": "06:33:05.864",
        "InArea": "True"
    },
    {
        "x": "480",
        "y": "132",
        "Time": "06:33:05.908",
        "InArea": "True"
    },
    {
        "x": "479",
        "y": "132",
        "Time": "06:33:05.957",
        "InArea": "True"
    },
    {
        "x": "479",
        "y": "132",
        "Time": "06:33:05.997",
        "InArea": "True"
    },
    {
        "x": "478",
        "y": "131",
        "Time": "06:33:06.037",
        "InArea": "True"
    },
    {
        "x": "476",
        "y": "129",
        "Time": "06:33:06.090",
        "InArea": "True"
    },
    {
        "x": "475",
        "y": "129",
        "Time": "06:33:06.139",
        "InArea": "True"
    },
    {
        "x": "474",
        "y": "128",
        "Time": "06:33:06.180",
        "InArea": "True"
    },
    {
        "x": "474",
        "y": "127",
        "Time": "06:33:06.224",
        "InArea": "True"
    },
    {
        "x": "473",
        "y": "126",
        "Time": "06:33:06.268",
        "InArea": "True"
    },
    {
        "x": "472",
        "y": "125",
        "Time": "06:33:06.321",
        "InArea": "True"
    },
    {
        "x": "472",
        "y": "124",
        "Time": "06:33:06.383",
        "InArea": "True"
    },
    {
        "x": "471",
        "y": "123",
        "Time": "06:33:06.434",
        "InArea": "True"
    },
    {
        "x": "470",
        "y": "122",
        "Time": "06:33:06.480",
        "InArea": "True"
    },
    {
        "x": "469",
        "y": "121",
        "Time": "06:33:06.526",
        "InArea": "True"
    },
    {
        "x": "468",
        "y": "120",
        "Time": "06:33:06.567",
        "InArea": "True"
    },
    {
        "x": "467",
        "y": "119",
        "Time": "06:33:06.612",
        "InArea": "True"
    },
    {
        "x": "466",
        "y": "119",
        "Time": "06:33:06.660",
        "InArea": "True"
    },
    {
        "x": "464",
        "y": "118",
        "Time": "06:33:06.707",
        "InArea": "True"
    },
    {
        "x": "463",
        "y": "117",
        "Time": "06:33:06.760",
        "InArea": "True"
    },
    {
        "x": "462",
        "y": "117",
        "Time": "06:33:06.813",
        "InArea": "True"
    },
    {
        "x": "462",
        "y": "116",
        "Time": "06:33:06.871",
        "InArea": "True"
    },
    {
        "x": "460",
        "y": "114",
        "Time": "06:33:06.923",
        "InArea": "False"
    },
    {
        "x": "459",
        "y": "113",
        "Time": "06:33:06.965",
        "InArea": "False"
    }
]