[
    {
        "x": "497",
        "y": "142",
        "Time": "11:08:50.541",
        "InArea": "True"
    },
    {
        "x": "497",
        "y": "141",
        "Time": "11:08:50.585",
        "InArea": "True"
    },
    {
        "x": "496",
        "y": "141",
        "Time": "11:08:50.633",
        "InArea": "True"
    },
    {
        "x": "496",
        "y": "141",
        "Time": "11:08:50.765",
        "InArea": "True"
    },
    {
        "x": "495",
        "y": "140",
        "Time": "11:08:50.806",
        "InArea": "True"
    },
    {
        "x": "495",
        "y": "140",
        "Time": "11:08:50.851",
        "InArea": "True"
    },
    {
        "x": "494",
        "y": "139",
        "Time": "11:08:50.895",
        "InArea": "True"
    },
    {
        "x": "494",
        "y": "137",
        "Time": "11:08:50.945",
        "InArea": "True"
    },
    {
        "x": "494",
        "y": "136",
        "Time": "11:08:50.985",
        "InArea": "True"
    },
    {
        "x": "492",
        "y": "135",
        "Time": "11:08:51.029",
        "InArea": "True"
    },
    {
        "x": "490",
        "y": "134",
        "Time": "11:08:51.086",
        "InArea": "True"
    },
    {
        "x": "490",
        "y": "133",
        "Time": "11:08:51.142",
        "InArea": "True"
    },
    {
        "x": "489",
        "y": "132",
        "Time": "11:08:51.184",
        "InArea": "True"
    },
    {
        "x": "488",
        "y": "132",
        "Time": "11:08:51.233",
        "InArea": "True"
    },
    {
        "x": "487",
        "y": "131",
        "Time": "11:08:51.279",
        "InArea": "True"
    },
    {
        "x": "487",
        "y": "131",
        "Time": "11:08:51.368",
        "InArea": "True"
    },
    {
        "x": "486",
        "y": "130",
        "Time": "11:08:51.421",
        "InArea": "True"
    },
    {
        "x": "484",
        "y": "130",
        "Time": "11:08:51.471",
        "InArea": "True"
    },
    {
        "x": "483",
        "y": "129",
        "Time": "11:08:51.525",
        "InArea": "True"
    },
    {
        "x": "482",
        "y": "128",
        "Time": "11:08:51.568",
        "InArea": "True"
    },
    {
        "x": "482",
        "y": "127",
        "Time": "11:08:51.613",
        "InArea": "True"
    },
    {
        "x": "481",
        "y": "126",
        "Time": "11:08:51.661",
        "InArea": "True"
    },
    {
        "x": "479",
        "y": "124",
        "Time": "11:08:51.703",
        "InArea": "True"
    },
    {
        "x": "476",
        "y": "122",
        "Time": "11:08:51.750",
        "InArea": "True"
    },
    {
        "x": "475",
        "y": "120",
        "Time": "11:08:51.804",
        "InArea": "True"
    },
    {
        "x": "472",
        "y": "118",
        "Time": "11:08:51.852",
        "InArea": "True"
    },
    {
        "x": "470",
        "y": "118",
        "Time": "11:08:51.899",
        "InArea": "True"
    },
    {
        "x": "468",
        "y": "117",
        "Time": "11:08:51.946",
        "InArea": "True"
    },
    {
        "x": "467",
        "y": "116",
        "Time": "11:08:51.989",
        "InArea": "True"
    },
    {
        "x": "466",
        "y": "115",
        "Time": "11:08:52.037",
        "InArea": "True"
    },
    {
        "x": "465",
        "y": "115",
        "Time": "11:08:52.080",
        "InArea": "True"
    },
    {
        "x": "464",
        "y": "114",
        "Time": "11:08:52.122",
        "InArea": "False"
    }
]