[
    {
        "x": "479",
        "y": "137",
        "Time": "10:14:37.394",
        "InArea": "True"
    },
    {
        "x": "479",
        "y": "136",
        "Time": "10:14:37.440",
        "InArea": "True"
    },
    {
        "x": "478",
        "y": "135",
        "Time": "10:14:37.487",
        "InArea": "True"
    },
    {
        "x": "477",
        "y": "134",
        "Time": "10:14:37.538",
        "InArea": "True"
    },
    {
        "x": "477",
        "y": "133",
        "Time": "10:14:37.589",
        "InArea": "True"
    },
    {
        "x": "476",
        "y": "133",
        "Time": "10:14:37.642",
        "InArea": "True"
    },
    {
        "x": "475",
        "y": "133",
        "Time": "10:14:37.694",
        "InArea": "True"
    },
    {
        "x": "474",
        "y": "132",
        "Time": "10:14:37.737",
        "InArea": "True"
    },
    {
        "x": "473",
        "y": "132",
        "Time": "10:14:37.794",
        "InArea": "True"
    },
    {
        "x": "472",
        "y": "132",
        "Time": "10:14:37.843",
        "InArea": "True"
    },
    {
        "x": "472",
        "y": "131",
        "Time": "10:14:37.885",
        "InArea": "True"
    },
    {
        "x": "471",
        "y": "130",
        "Time": "10:14:37.931",
        "InArea": "True"
    },
    {
        "x": "470",
        "y": "129",
        "Time": "10:14:37.982",
        "InArea": "True"
    },
    {
        "x": "469",
        "y": "128",
        "Time": "10:14:38.033",
        "InArea": "True"
    },
    {
        "x": "468",
        "y": "128",
        "Time": "10:14:38.086",
        "InArea": "True"
    },
    {
        "x": "467",
        "y": "128",
        "Time": "10:14:38.142",
        "InArea": "True"
    },
    {
        "x": "467",
        "y": "128",
        "Time": "10:14:38.193",
        "InArea": "True"
    },
    {
        "x": "466",
        "y": "127",
        "Time": "10:14:38.234",
        "InArea": "True"
    },
    {
        "x": "466",
        "y": "126",
        "Time": "10:14:38.279",
        "InArea": "True"
    },
    {
        "x": "465",
        "y": "124",
        "Time": "10:14:38.324",
        "InArea": "True"
    },
    {
        "x": "464",
        "y": "123",
        "Time": "10:14:38.368",
        "InArea": "True"
    },
    {
        "x": "463",
        "y": "123",
        "Time": "10:14:38.421",
        "InArea": "True"
    },
    {
        "x": "462",
        "y": "122",
        "Time": "10:14:38.467",
        "InArea": "True"
    },
    {
        "x": "461",
        "y": "121",
        "Time": "10:14:38.517",
        "InArea": "True"
    },
    {
        "x": "461",
        "y": "121",
        "Time": "10:14:38.571",
        "InArea": "True"
    },
    {
        "x": "461",
        "y": "120",
        "Time": "10:14:38.620",
        "InArea": "True"
    },
    {
        "x": "460",
        "y": "119",
        "Time": "10:14:38.669",
        "InArea": "True"
    },
    {
        "x": "459",
        "y": "118",
        "Time": "10:14:38.728",
        "InArea": "True"
    },
    {
        "x": "458",
        "y": "117",
        "Time": "10:14:38.780",
        "InArea": "True"
    },
    {
        "x": "457",
        "y": "116",
        "Time": "10:14:38.835",
        "InArea": "True"
    },
    {
        "x": "456",
        "y": "115",
        "Time": "10:14:38.889",
        "InArea": "True"
    },
    {
        "x": "454",
        "y": "114",
        "Time": "10:14:38.939",
        "InArea": "False"
    }
]