[
    {
        "x": "487",
        "y": "139",
        "Time": "09:27:39.699",
        "InArea": "True"
    },
    {
        "x": "487",
        "y": "138",
        "Time": "09:27:39.745",
        "InArea": "True"
    },
    {
        "x": "487",
        "y": "138",
        "Time": "09:27:39.786",
        "InArea": "True"
    },
    {
        "x": "487",
        "y": "138",
        "Time": "09:27:39.841",
        "InArea": "True"
    },
    {
        "x": "486",
        "y": "138",
        "Time": "09:27:39.892",
        "InArea": "True"
    },
    {
        "x": "486",
        "y": "136",
        "Time": "09:27:39.940",
        "InArea": "True"
    },
    {
        "x": "486",
        "y": "135",
        "Time": "09:27:39.984",
        "InArea": "True"
    },
    {
        "x": "485",
        "y": "135",
        "Time": "09:27:40.034",
        "InArea": "True"
    },
    {
        "x": "484",
        "y": "134",
        "Time": "09:27:40.080",
        "InArea": "True"
    },
    {
        "x": "484",
        "y": "134",
        "Time": "09:27:40.123",
        "InArea": "True"
    },
    {
        "x": "483",
        "y": "133",
        "Time": "09:27:40.167",
        "InArea": "True"
    },
    {
        "x": "482",
        "y": "132",
        "Time": "09:27:40.211",
        "InArea": "True"
    },
    {
        "x": "480",
        "y": "131",
        "Time": "09:27:40.253",
        "InArea": "True"
    },
    {
        "x": "479",
        "y": "131",
        "Time": "09:27:40.292",
        "InArea": "True"
    },
    {
        "x": "478",
        "y": "131",
        "Time": "09:27:40.333",
        "InArea": "True"
    },
    {
        "x": "476",
        "y": "130",
        "Time": "09:27:40.379",
        "InArea": "True"
    },
    {
        "x": "474",
        "y": "129",
        "Time": "09:27:40.424",
        "InArea": "True"
    },
    {
        "x": "472",
        "y": "127",
        "Time": "09:27:40.467",
        "InArea": "True"
    },
    {
        "x": "471",
        "y": "126",
        "Time": "09:27:40.505",
        "InArea": "True"
    },
    {
        "x": "470",
        "y": "125",
        "Time": "09:27:40.549",
        "InArea": "True"
    },
    {
        "x": "468",
        "y": "124",
        "Time": "09:27:40.592",
        "InArea": "True"
    },
    {
        "x": "467",
        "y": "123",
        "Time": "09:27:40.633",
        "InArea": "True"
    },
    {
        "x": "466",
        "y": "122",
        "Time": "09:27:40.682",
        "InArea": "True"
    },
    {
        "x": "465",
        "y": "122",
        "Time": "09:27:40.725",
        "InArea": "True"
    },
    {
        "x": "464",
        "y": "121",
        "Time": "09:27:40.766",
        "InArea": "True"
    },
    {
        "x": "463",
        "y": "120",
        "Time": "09:27:40.805",
        "InArea": "True"
    },
    {
        "x": "462",
        "y": "119",
        "Time": "09:27:40.854",
        "InArea": "True"
    },
    {
        "x": "462",
        "y": "118",
        "Time": "09:27:40.903",
        "InArea": "True"
    },
    {
        "x": "461",
        "y": "118",
        "Time": "09:27:40.952",
        "InArea": "True"
    },
    {
        "x": "460",
        "y": "117",
        "Time": "09:27:40.993",
        "InArea": "True"
    },
    {
        "x": "457",
        "y": "115",
        "Time": "09:27:41.036",
        "InArea": "False"
    },
    {
        "x": "454",
        "y": "114",
        "Time": "09:27:41.076",
        "InArea": "False"
    }
]