[
    {
        "x": "504",
        "y": "129",
        "Time": "09:53:45.203",
        "InArea": "True"
    },
    {
        "x": "504",
        "y": "129",
        "Time": "09:53:45.248",
        "InArea": "True"
    },
    {
        "x": "504",
        "y": "129",
        "Time": "09:53:45.293",
        "InArea": "True"
    },
    {
        "x": "503",
        "y": "129",
        "Time": "09:53:45.336",
        "InArea": "True"
    },
    {
        "x": "502",
        "y": "129",
        "Time": "09:53:45.378",
        "InArea": "True"
    },
    {
        "x": "502",
        "y": "129",
        "Time": "09:53:45.422",
        "InArea": "True"
    },
    {
        "x": "500",
        "y": "128",
        "Time": "09:53:45.463",
        "InArea": "True"
    },
    {
        "x": "499",
        "y": "128",
        "Time": "09:53:45.507",
        "InArea": "True"
    },
    {
        "x": "498",
        "y": "128",
        "Time": "09:53:45.559",
        "InArea": "True"
    },
    {
        "x": "497",
        "y": "127",
        "Time": "09:53:45.605",
        "InArea": "True"
    },
    {
        "x": "496",
        "y": "127",
        "Time": "09:53:45.649",
        "InArea": "True"
    },
    {
        "x": "492",
        "y": "127",
        "Time": "09:53:45.691",
        "InArea": "True"
    },
    {
        "x": "490",
        "y": "127",
        "Time": "09:53:45.734",
        "InArea": "True"
    },
    {
        "x": "489",
        "y": "126",
        "Time": "09:53:45.792",
        "InArea": "True"
    },
    {
        "x": "489",
        "y": "124",
        "Time": "09:53:45.838",
        "InArea": "True"
    },
    {
        "x": "488",
        "y": "124",
        "Time": "09:53:45.881",
        "InArea": "True"
    },
    {
        "x": "488",
        "y": "124",
        "Time": "09:53:45.924",
        "InArea": "True"
    },
    {
        "x": "488",
        "y": "124",
        "Time": "09:53:45.972",
        "InArea": "True"
    },
    {
        "x": "488",
        "y": "124",
        "Time": "09:53:46.017",
        "InArea": "True"
    },
    {
        "x": "486",
        "y": "123",
        "Time": "09:53:46.066",
        "InArea": "True"
    },
    {
        "x": "485",
        "y": "123",
        "Time": "09:53:46.112",
        "InArea": "True"
    },
    {
        "x": "486",
        "y": "122",
        "Time": "09:53:46.169",
        "InArea": "True"
    },
    {
        "x": "486",
        "y": "122",
        "Time": "09:53:46.223",
        "InArea": "True"
    },
    {
        "x": "485",
        "y": "121",
        "Time": "09:53:46.266",
        "InArea": "True"
    },
    {
        "x": "484",
        "y": "120",
        "Time": "09:53:46.313",
        "InArea": "True"
    },
    {
        "x": "484",
        "y": "120",
        "Time": "09:53:46.358",
        "InArea": "True"
    },
    {
        "x": "483",
        "y": "119",
        "Time": "09:53:46.420",
        "InArea": "True"
    },
    {
        "x": "483",
        "y": "118",
        "Time": "09:53:46.466",
        "InArea": "True"
    },
    {
        "x": "483",
        "y": "118",
        "Time": "09:53:46.516",
        "InArea": "True"
    },
    {
        "x": "482",
        "y": "117",
        "Time": "09:53:46.559",
        "InArea": "True"
    },
    {
        "x": "480",
        "y": "115",
        "Time": "09:53:46.612",
        "InArea": "False"
    },
    {
        "x": "477",
        "y": "114",
        "Time": "09:53:46.655",
        "InArea": "False"
    }
]