[
    {
        "x": "497",
        "y": "140",
        "Time": "09:16:25.848",
        "InArea": "True"
    },
    {
        "x": "496",
        "y": "140",
        "Time": "09:16:25.902",
        "InArea": "True"
    },
    {
        "x": "496",
        "y": "140",
        "Time": "09:16:26.000",
        "InArea": "True"
    },
    {
        "x": "495",
        "y": "140",
        "Time": "09:16:26.041",
        "InArea": "True"
    },
    {
        "x": "496",
        "y": "137",
        "Time": "09:16:26.083",
        "InArea": "True"
    },
    {
        "x": "496",
        "y": "135",
        "Time": "09:16:26.125",
        "InArea": "True"
    },
    {
        "x": "496",
        "y": "134",
        "Time": "09:16:26.176",
        "InArea": "True"
    },
    {
        "x": "496",
        "y": "133",
        "Time": "09:16:26.225",
        "InArea": "True"
    },
    {
        "x": "496",
        "y": "133",
        "Time": "09:16:26.314",
        "InArea": "True"
    },
    {
        "x": "492",
        "y": "132",
        "Time": "09:16:26.356",
        "InArea": "True"
    },
    {
        "x": "490",
        "y": "132",
        "Time": "09:16:26.398",
        "InArea": "True"
    },
    {
        "x": "489",
        "y": "131",
        "Time": "09:16:26.442",
        "InArea": "True"
    },
    {
        "x": "488",
        "y": "131",
        "Time": "09:16:26.481",
        "InArea": "True"
    },
    {
        "x": "487",
        "y": "131",
        "Time": "09:16:26.528",
        "InArea": "True"
    },
    {
        "x": "486",
        "y": "131",
        "Time": "09:16:26.576",
        "InArea": "True"
    },
    {
        "x": "485",
        "y": "131",
        "Time": "09:16:26.627",
        "InArea": "True"
    },
    {
        "x": "484",
        "y": "130",
        "Time": "09:16:26.679",
        "InArea": "True"
    },
    {
        "x": "484",
        "y": "129",
        "Time": "09:16:26.732",
        "InArea": "True"
    },
    {
        "x": "483",
        "y": "128",
        "Time": "09:16:26.782",
        "InArea": "True"
    },
    {
        "x": "482",
        "y": "127",
        "Time": "09:16:26.830",
        "InArea": "True"
    },
    {
        "x": "481",
        "y": "126",
        "Time": "09:16:26.871",
        "InArea": "True"
    },
    {
        "x": "480",
        "y": "124",
        "Time": "09:16:26.912",
        "InArea": "True"
    },
    {
        "x": "478",
        "y": "123",
        "Time": "09:16:26.956",
        "InArea": "True"
    },
    {
        "x": "477",
        "y": "123",
        "Time": "09:16:27.001",
        "InArea": "True"
    },
    {
        "x": "476",
        "y": "122",
        "Time": "09:16:27.041",
        "InArea": "True"
    },
    {
        "x": "474",
        "y": "121",
        "Time": "09:16:27.086",
        "InArea": "True"
    },
    {
        "x": "472",
        "y": "119",
        "Time": "09:16:27.130",
        "InArea": "True"
    },
    {
        "x": "471",
        "y": "118",
        "Time": "09:16:27.172",
        "InArea": "True"
    },
    {
        "x": "469",
        "y": "117",
        "Time": "09:16:27.219",
        "InArea": "True"
    },
    {
        "x": "467",
        "y": "116",
        "Time": "09:16:27.260",
        "InArea": "True"
    },
    {
        "x": "466",
        "y": "115",
        "Time": "09:16:27.302",
        "InArea": "True"
    },
    {
        "x": "464",
        "y": "114",
        "Time": "09:16:27.350",
        "InArea": "False"
    }
]