{
    "type": "cctv",
    "id": "Camrea_id:B12F03N09",
    "building": {
        "value": "12",
        "type": "Text"
    },
    "floor": {
        "value": "03",
        "type": "Text"
    },
    "currentTime": {
        "value": "2021-06-21 07:40:15",
        "type": "Datetime"
    },
    "event": {
        "value": "IN",
        "type": "Text"
    },
    "image": {
        "value": "/parking/B12/F03/2021-06-21/images/B12F03N09_20210621_074015764.jpg",
        "type": "Text"
    },
    "position": {
        "value": "/parking/B12/F03/2021-06-21/position/B12F03N09_20210621_074015764.json",
        "type": "Text"
    },
    "count_IN": {
        "value": 8,
        "type": "Number"
    },
    "count_OUT": {
        "value": 0,
        "type": "Number"
    },
    "restartTime": {
        "value": "2021-06-21 00:00:11.513765",
        "type": "Datetime"
    }
}